kind,id,payload
employee,E0001,"{""employee_id"":""E0001"",""full_name"":""Marat Yessenov"",""department"":""Backend Development"",""role"":""Backend Engineer"",""grade"":""Junior"",""manager_id"":""E0050"",""hire_date"":""2026-04-28"",""tenure_months"":5,""work_format"":""office"",""preferred_language"":""kk"",""career_goal"":{""target_role"":""Backend Engineer"",""target_grade"":""Middle""},""skills"":{""SK_ADAPTABILITY"":2,""SK_API_DESIGN"":2,""SK_APP_SECURITY"":0,""SK_CICD"":1,""SK_CLOUD"":1,""SK_COMMUNICATION"":2,""SK_CONFLICT_RESOLUTION"":3,""SK_CONTAINERS"":0,""SK_CRITICAL_THINKING"":3,""SK_EMOTIONAL_INTELLIGENCE"":2,""SK_FEEDBACK"":2,""SK_LEADERSHIP"":1,""SK_MENTORING"":0,""SK_OBSERVABILITY"":0,""SK_PROBLEM_SOLVING"":2,""SK_PUBLIC_SPEAKING"":0,""SK_PYTHON"":3,""SK_SQL"":2,""SK_STAKEHOLDER_MGMT"":1,""SK_SYSTEM_DESIGN"":1,""SK_TEAMWORK"":2,""SK_TIME_MANAGEMENT"":2,""SK_WRITTEN_COMMUNICATION"":3},""last_review_date"":""2026-09-11""}"
employee,E0002,"{""employee_id"":""E0002"",""full_name"":""Arman Zhaksylykov"",""department"":""Backend Development"",""role"":""Backend Engineer"",""grade"":""Middle"",""manager_id"":""E0175"",""hire_date"":""2023-04-25"",""tenure_months"":41,""work_format"":""remote"",""preferred_language"":""ru"",""career_goal"":{""target_role"":""Backend Engineer"",""target_grade"":""Senior""},""skills"":{""SK_ADAPTABILITY"":1,""SK_API_DESIGN"":1,""SK_API_TESTING"":1,""SK_APP_SECURITY"":2,""SK_CICD"":2,""SK_CLOUD"":2,""SK_COMMUNICATION"":2,""SK_CONFLICT_RESOLUTION"":3,""SK_CONTAINERS"":1,""SK_CRITICAL_THINKING"":3,""SK_EMOTIONAL_INTELLIGENCE"":2,""SK_FEEDBACK"":2,""SK_LEADERSHIP"":1,""SK_MENTORING"":1,""SK_OBSERVABILITY"":2,""SK_PROBLEM_SOLVING"":4,""SK_PROSPECTING"":1,""SK_PUBLIC_SPEAKING"":1,""SK_PYTHON"":3,""SK_SQL"":3,""SK_STAKEHOLDER_MGMT"":1,""SK_SYSTEM_DESIGN"":1,""SK_TEAMWORK"":3,""SK_TIME_MANAGEMENT"":3,""SK_WRITTEN_COMMUNICATION"":1},""last_review_date"":""2026-07-23""}"
employee,E0003,"{""employee_id"":""E0003"",""full_name"":""Symbat Omarova"",""department"":""Customer Support"",""role"":""Customer Support Specialist"",""grade"":""Senior"",""manager_id"":""E0035"",""hire_date"":""2019-09-16"",""tenure_months"":84,""work_format"":""hybrid"",""preferred_language"":""kk"",""career_goal"":null,""skills"":{""SK_ADAPTABILITY"":2,""SK_COMMUNICATION"":4,""SK_CONFLICT_RESOLUTION"":2,""SK_CRITICAL_THINKING"":2,""SK_CRM"":2,""SK_CUSTOMER_SERVICE"":4,""SK_EMOTIONAL_INTELLIGENCE"":4,""SK_FEEDBACK"":2,""SK_LEADERSHIP"":2,""SK_MENTORING"":2,""SK_PROBLEM_SOLVING"":1,""SK_PRODUCT_KNOWLEDGE"":4,""SK_PUBLIC_SPEAKING"":2,""SK_STAKEHOLDER_MGMT"":2,""SK_TEAMWORK"":3,""SK_TIME_MANAGEMENT"":3,""SK_TROUBLESHOOTING"":2,""SK_WRITTEN_COMMUNICATION"":4},""last_review_date"":""2026-02-13""}"
employee,E0004,"{""employee_id"":""E0004"",""full_name"":""Nikita Smirnov"",""department"":""Data \u0026 Analytics"",""role"":""Data Analyst"",""grade"":""Middle"",""manager_id"":""E0061"",""hire_date"":""2021-10-21"",""tenure_months"":59,""work_format"":""office"",""preferred_language"":""ru"",""career_goal"":{""target_role"":""Product Manager"",""target_grade"":""Middle""},""skills"":{""SK_AB_TESTING"":2,""SK_ADAPTABILITY"":1,""SK_API_TESTING"":1,""SK_BI_TOOLS"":2,""SK_COMMUNICATION"":3,""SK_CONFLICT_RESOLUTION"":2,""SK_CRITICAL_THINKING"":2,""SK_DATA_MODELING"":1,""SK_DATA_VIZ"":2,""SK_EMOTIONAL_INTELLIGENCE"":2,""SK_FEEDBACK"":1,""SK_LEADERSHIP"":2,""SK_MENTORING"":0,""SK_ML_BASICS"":2,""SK_PROBLEM_SOLVING"":3,""SK_PRODUCT_ANALYTICS"":2,""SK_PROSPECTING"":2,""SK_PUBLIC_SPEAKING"":1,""SK_PYTHON"":3,""SK_SQL"":4,""SK_STAKEHOLDER_MGMT"":2,""SK_STATISTICS"":2,""SK_TEAMWORK"":3,""SK_TIME_MANAGEMENT"":1,""SK_WRITTEN_COMMUNICATION"":3},""last_review_date"":""2026-01-12""}"
employee,E0005,"{""employee_id"":""E0005"",""full_name"":""Togzhan Yessenova"",""department"":""Backend Development"",""role"":""Backend Engineer"",""grade"":""Middle"",""manager_id"":""E0175"",""hire_date"":""2024-06-12"",""tenure_months"":27,""work_format"":""hybrid"",""preferred_language"":""kk"",""career_goal"":{""target_role"":""Backend Engineer"",""target_grade"":""Senior""},""skills"":{""SK_ADAPTABILITY"":2,""SK_API_DESIGN"":3,""SK_APP_SECURITY"":1,""SK_CICD"":3,""SK_CLOUD"":2,""SK_COMMUNICATION"":4,""SK_CONFLICT_RESOLUTION"":2,""SK_CONTAINERS"":3,""SK_CRITICAL_THINKING"":3,""SK_EMOTIONAL_INTELLIGENCE"":3,""SK_FEEDBACK"":1,""SK_LABOR_LAW"":1,""SK_LEADERSHIP"":1,""SK_MENTORING"":1,""SK_NEGOTIATION"":1,""SK_OBSERVABILITY"":2,""SK_PROBLEM_SOLVING"":3,""SK_PUBLIC_SPEAKING"":0,""SK_PYTHON"":2,""SK_SQL"":3,""SK_STAKEHOLDER_MGMT"":2,""SK_SYSTEM_DESIGN"":2,""SK_TEAMWORK"":3,""SK_TIME_MANAGEMENT"":1,""SK_WRITTEN_COMMUNICATION"":2},""last_review_date"":""2026-08-07""}"
employee,E0006,"{""employee_id"":""E0006"",""full_name"":""Arman Sadykov"",""department"":""Frontend Development"",""role"":""Frontend Engineer"",""grade"":""Lead"",""manager_id"":null,""hire_date"":""2018-01-16"",""tenure_months"":104,""work_format"":""office"",""preferred_language"":""kk"",""career_goal"":null,""skills"":{""SK_ACCESSIBILITY"":4,""SK_ADAPTABILITY"":3,""SK_API_DESIGN"":3,""SK_CICD"":1,""SK_COMMUNICATION"":4,""SK_CONFLICT_RESOLUTION"":3,""SK_CRITICAL_THINKING"":3,""SK_EMOTIONAL_INTELLIGENCE"":3,""SK_FEEDBACK"":3,""SK_HTML_CSS"":4,""SK_JAVASCRIPT"":2,""SK_LEADERSHIP"":2,""SK_MENTORING"":4,""SK_PROBLEM_SOLVING"":4,""SK_PUBLIC_SPEAKING"":2,""SK_REACT"":4,""SK_STAKEHOLDER_MGMT"":2,""SK_TEAMWORK"":4,""SK_TIME_MANAGEMENT"":2,""SK_TYPESCRIPT"":4,""SK_WEB_PERFORMANCE"":4,""SK_WRITTEN_COMMUNICATION"":3},""last_review_date"":""2026-09-21""}"
employee,E0007,"{""employee_id"":""E0007"",""full_name"":""Kanat Tulegenov"",""department"":""Backend Development"",""role"":""Backend Engineer"",""grade"":""Senior"",""manager_id"":""E0175"",""hire_date"":""2018-10-26"",""tenure_months"":95,""work_format"":""office"",""preferred_language"":""kk"",""career_goal"":{""target_role"":""Backend Engineer"",""target_grade"":""Lead""},""skills"":{""SK_ADAPTABILITY"":3,""SK_API_DESIGN"":3,""SK_APP_SECURITY"":4,""SK_CICD"":3,""SK_CLOUD"":4,""SK_COMMUNICATION"":2,""SK_CONFLICT_RESOLUTION"":3,""SK_CONTAINERS"":2,""SK_CRITICAL_THINKING"":2,""SK_EMOTIONAL_INTELLIGENCE"":2,""SK_FEEDBACK"":1,""SK_JAVA"":1,""SK_LEADERSHIP"":2,""SK_MENTORING"":3,""SK_NEGOTIATION"":1,""SK_OBSERVABILITY"":1,""SK_PROBLEM_SOLVING"":5,""SK_PUBLIC_SPEAKING"":3,""SK_PYTHON"":3,""SK_SQL"":5,""SK_STAKEHOLDER_MGMT"":2,""SK_SYSTEM_DESIGN"":4,""SK_TEAMWORK"":2,""SK_TIME_MANAGEMENT"":3,""SK_WRITTEN_COMMUNICATION"":3},""last_review_date"":""2026-07-31""}"
employee,E0008,"{""employee_id"":""E0008"",""full_name"":""Botagoz Sadykova"",""department"":""Frontend Development"",""role"":""Frontend Engineer"",""grade"":""Senior"",""manager_id"":""E0006"",""hire_date"":""2024-11-11"",""tenure_months"":22,""work_format"":""remote"",""preferred_language"":""en"",""career_goal"":null,""skills"":{""SK_ACCESSIBILITY"":2,""SK_ADAPTABILITY"":2,""SK_API_DESIGN"":1,""SK_CICD"":0,""SK_COMMUNICATION"":4,""SK_CONFLICT_RESOLUTION"":1,""SK_CRITICAL_THINKING"":2,""SK_EMOTIONAL_INTELLIGENCE"":3,""SK_FEEDBACK"":2,""SK_HTML_CSS"":3,""SK_JAVASCRIPT"":5,""SK_LABOR_LAW"":1,""SK_LEADERSHIP"":1,""SK_MENTORING"":3,""SK_ML_BASICS"":1,""SK_PROBLEM_SOLVING"":3,""SK_PUBLIC_SPEAKING"":3,""SK_REACT"":4,""SK_STAKEHOLDER_MGMT"":2,""SK_TEAMWORK"":3,""SK_TIME_MANAGEMENT"":3,""SK_TYPESCRIPT"":4,""SK_WEB_PERFORMANCE"":5,""SK_WRITTEN_COMMUNICATION"":3},""last_review_date"":""2026-01-26""}"
employee,E0009,"{""employee_id"":""E0009"",""full_name"":""Anna Novikova"",""department"":""Customer Support"",""role"":""Customer Support Specialist"",""grade"":""Junior"",""manager_id"":""E0035"",""hire_date"":""2025-11-27"",""tenure_months"":10,""work_format"":""remote"",""preferred_language"":""en"",""career_goal"":{""target_role"":""QA Engineer"",""target_grade"":""Junior""},""skills"":{""SK_ADAPTABILITY"":2,""SK_COMMUNICATION"":2,""SK_CONFLICT_RESOLUTION"":2,""SK_CRITICAL_THINKING"":2,""SK_CRM"":1,""SK_CUSTOMER_SERVICE"":1,""SK_EMOTIONAL_INTELLIGENCE"":2,""SK_FEEDBACK"":2,""SK_LEADERSHIP"":1,""SK_MENTORING"":1,""SK_PROBLEM_SOLVING"":2,""SK_PRODUCT_ANALYTICS"":1,""SK_PRODUCT_KNOWLEDGE"":2,""SK_PUBLIC_SPEAKING"":2,""SK_STAKEHOLDER_MGMT"":2,""SK_TEAMWORK"":2,""SK_TEST_AUTOMATION"":1,""SK_TIME_MANAGEMENT"":1,""SK_TROUBLESHOOTING"":0,""SK_WRITTEN_COMMUNICATION"":1},""last_review_date"":""2026-04-13""}"
employee,E0010,"{""employee_id"":""E0010"",""full_name"":""Aruzhan Seitkali"",""department"":""Customer Support"",""role"":""Customer Support Specialist"",""grade"":""Middle"",""manager_id"":""E0035"",""hire_date"":""2023-11-24"",""tenure_months"":34,""work_format"":""remote"",""preferred_language"":""ru"",""career_goal"":{""target_role"":""QA Engineer"",""target_grade"":""Middle""},""skills"":{""SK_ADAPTABILITY"":2,""SK_COMMUNICATION"":3,""SK_CONFLICT_RESOLUTION"":2,""SK_CRITICAL_THINKING"":3,""SK_CRM"":1,""SK_CUSTOMER_SERVICE"":4,""SK_EMOTIONAL_INTELLIGENCE"":3,""SK_FEEDBACK"":0,""SK_LEADERSHIP"":1,""SK_MENTORING"":2,""SK_PROBLEM_SOLVING"":1,""SK_PRODUCT_KNOWLEDGE"":3,""SK_PUBLIC_SPEAKING"":2,""SK_PYTHON"":2,""SK_STAKEHOLDER_MGMT"":1,""SK_TEAMWORK"":1,""SK_TIME_MANAGEMENT"":1,""SK_TROUBLESHOOTING"":1,""SK_WRITTEN_COMMUNICATION"":3},""last_review_date"":""2026-07-28""}"
employee,E0011,"{""employee_id"":""E0011"",""full_name"":""Anna Lebedeva"",""department"":""Data \u0026 Analytics"",""role"":""Data Analyst"",""grade"":""Senior"",""manager_id"":""E0085"",""hire_date"":""2021-01-11"",""tenure_months"":68,""work_format"":""office"",""preferred_language"":""kk"",""career_goal"":null,""skills"":{""SK_AB_TESTING"":3,""SK_ADAPTABILITY"":1,""SK_BI_TOOLS"":2,""SK_COMMUNICATION"":3,""SK_CONFLICT_RESOLUTION"":3,""SK_CRITICAL_THINKING"":4,""SK_DATA_MODELING"":3,""SK_DATA_VIZ"":3,""SK_EMOTIONAL_INTELLIGENCE"":2,""SK_FEEDBACK"":1,""SK_LEADERSHIP"":0,""SK_LOAD_TESTING"":1,""SK_MENTORING"":1,""SK_ML_BASICS"":2,""SK_PROBLEM_SOLVING"":3,""SK_PRODUCT_ANALYTICS"":2,""SK_PUBLIC_SPEAKING"":2,""SK_PYTHON"":4,""SK_SQL"":2,""SK_STAKEHOLDER_MGMT"":4,""SK_STATISTICS"":4,""SK_TEAMWORK"":2,""SK_TIME_MANAGEMENT"":1,""SK_WRITTEN_COMMUNICATION"":2},""last_review_date"":""2026-07-07""}"
employee,E0012,"{""employee_id"":""E0012"",""full_name"":""Yerzhan Tulegenov"",""department"":""Sales"",""role"":""Sales Manager"",""grade"":""Middle"",""manager_id"":""E0148"",""hire_date"":""2022-01-19"",""tenure_months"":56,""work_format"":""hybrid"",""preferred_language"":""ru"",""career_goal"":{""target_role"":""Sales Manager"",""target_grade"":""Senior""},""skills"":{""SK_ACCOUNT_MGMT"":2,""SK_ADAPTABILITY"":3,""SK_COMMUNICATION"":3,""SK_CONFLICT_RESOLUTION"":3,""SK_CRITICAL_THINKING"":1,""SK_CRM"":3,""SK_EMOTIONAL_INTELLIGENCE"":3,""SK_FEEDBACK"":1,""SK_JAVA"":1,""SK_LEADERSHIP"":0,""SK_MENTORING"":2,""SK_NEGOTIATION"":3,""SK_PROBLEM_SOLVING"":1,""SK_PRODUCT_KNOWLEDGE"":4,""SK_PROSPECTING"":4,""SK_PUBLIC_SPEAKING"":1,""SK_STAKEHOLDER_MGMT"":2,""SK_TEAMWORK"":3,""SK_TIME_MANAGEMENT"":3,""SK_WRITTEN_COMMUNICATION"":2},""last_review_date"":""2026-06-29""}"
employee,E0013,"{""employee_id"":""E0013"",""full_name"":""Rustem Ismailov"",""department"":""Backend Development"",""role"":""Backend Engineer"",""grade"":""Senior"",""manager_id"":""E0175"",""hire_date"":""2020-12-28"",""tenure_months"":69,""work_format"":""office"",""preferred_language"":""ru"",""career_goal"":{""target_role"":""Data Analyst"",""target_grade"":""Senior""},""skills"":{""SK_ADAPTABILITY"":1,""SK_API_DESIGN"":4,""SK_APP_SECURITY"":4,""SK_CICD"":4,""SK_CLOUD"":2,""SK_COMMUNICATION"":2,""SK_CONFLICT_RESOLUTION"":1,""SK_CONTAINERS"":1,""SK_CRITICAL_THINKING"":1,""SK_EMOTIONAL_INTELLIGENCE"":1,""SK_FEEDBACK"":2,""SK_LEADERSHIP"":1,""SK_MENTORING"":2,""SK_OBSERVABILITY"":2,""SK_PROBLEM_SOLVING"":4,""SK_PROJECT_MGMT"":2,""SK_PUBLIC_SPEAKING"":1,""SK_PYTHON"":3,""SK_SQL"":5,""SK_STAKEHOLDER_MGMT"":0,""SK_SYSTEM_DESIGN"":3,""SK_TEAMWORK"":3,""SK_TEST_AUTOMATION"":1,""SK_TIME_MANAGEMENT"":3,""SK_WRITTEN_COMMUNICATION"":1},""last_review_date"":""2026-02-19""}"
employee,E0014,"{""employee_id"":""E0014"",""full_name"":""Yulia Kuznetsova"",""department"":""Human Resources"",""role"":""HR Business Partner"",""grade"":""Lead"",""manager_id"":""E0133"",""hire_date"":""2019-10-02"",""tenure_months"":83,""work_format"":""office"",""preferred_language"":""en"",""career_goal"":{""target_role"":""Product Manager"",""target_grade"":""Lead""},""skills"":{""SK_ADAPTABILITY"":3,""SK_COMMUNICATION"":5,""SK_COMPENSATION"":5,""SK_CONFLICT_RESOLUTION"":4,""SK_CRITICAL_THINKING"":2,""SK_EMOTIONAL_INTELLIGENCE"":5,""SK_EMPLOYEE_RELATIONS"":4,""SK_FEEDBACK"":5,""SK_HR_ANALYTICS"":4,""SK_LABOR_LAW"":4,""SK_LEADERSHIP"":5,""SK_LEARNING_DESIGN"":3,""SK_MENTORING"":2,""SK_PROBLEM_SOLVING"":2,""SK_PUBLIC_SPEAKING"":5,""SK_STAKEHOLDER_MGMT"":3,""SK_TALENT_ACQUISITION"":3,""SK_TEAMWORK"":3,""SK_TIME_MANAGEMENT"":2,""SK_WRITTEN_COMMUNICATION"":3},""last_review_date"":""2026-06-02""}"
employee,E0015,"{""employee_id"":""E0015"",""full_name"":""Zhanna Akhmetova"",""department"":""Frontend Development"",""role"":""Frontend Engineer"",""grade"":""Middle"",""manager_id"":""E0044"",""hire_date"":""2024-03-20"",""tenure_months"":30,""work_format"":""office"",""preferred_language"":""ru"",""career_goal"":{""target_role"":""Frontend Engineer"",""target_grade"":""Senior""},""skills"":{""SK_ACCESSIBILITY"":2,""SK_ADAPTABILITY"":3,""SK_API_DESIGN"":1,""SK_API_TESTING"":1,""SK_CICD"":1,""SK_CLOUD"":1,""SK_COMMUNICATION"":3,""SK_CONFLICT_RESOLUTION"":3,""SK_CRITICAL_THINKING"":2,""SK_EMOTIONAL_INTELLIGENCE"":3,""SK_FEEDBACK"":2,""SK_HTML_CSS"":2,""SK_JAVASCRIPT"":2,""SK_LEADERSHIP"":1,""SK_MENTORING"":0,""SK_PROBLEM_SOLVING"":2,""SK_PUBLIC_SPEAKING"":2,""SK_REACT"":2,""SK_STAKEHOLDER_MGMT"":0,""SK_TEAMWORK"":2,""SK_TIME_MANAGEMENT"":2,""SK_TYPESCRIPT"":2,""SK_WEB_PERFORMANCE"":2,""SK_WRITTEN_COMMUNICATION"":3},""last_review_date"":""2026-06-24""}"
employee,E0016,"{""employee_id"":""E0016"",""full_name"":""Assel Omarova"",""department"":""Backend Development"",""role"":""Backend Engineer"",""grade"":""Junior"",""manager_id"":""E0050"",""hire_date"":""2025-12-23"",""tenure_months"":9,""work_format"":""office"",""preferred_language"":""ru"",""career_goal"":{""target_role"":""Backend Engineer"",""target_grade"":""Middle""},""skills"":{""SK_ADAPTABILITY"":3,""SK_API_DESIGN"":1,""SK_APP_SECURITY"":0,""SK_CICD"":1,""SK_CLOUD"":1,""SK_COMMUNICATION"":1,""SK_CONFLICT_RESOLUTION"":3,""SK_CONTAINERS"":2,""SK_CRITICAL_THINKING"":1,""SK_EMOTIONAL_INTELLIGENCE"":1,""SK_FEEDBACK"":1,""SK_LEADERSHIP"":2,""SK_MENTORING"":1,""SK_OBSERVABILITY"":2,""SK_PROBLEM_SOLVING"":2,""SK_PUBLIC_SPEAKING"":2,""SK_PYTHON"":1,""SK_SQL"":3,""SK_STAKEHOLDER_MGMT"":1,""SK_SYSTEM_DESIGN"":0,""SK_TEAMWORK"":0,""SK_TIME_MANAGEMENT"":2,""SK_WRITTEN_COMMUNICATION"":2},""last_review_date"":""2026-02-25""}"
employee,E0017,"{""employee_id"":""E0017"",""full_name"":""Kamila Bekova"",""department"":""Product Management"",""role"":""Product Manager"",""grade"":""Senior"",""manager_id"":""E0055"",""hire_date"":""2019-02-26"",""tenure_months"":91,""work_format"":""office"",""preferred_language"":""ru"",""career_goal"":{""target_role"":""Product Manager"",""target_grade"":""Lead""},""skills"":{""SK_AB_TESTING"":1,""SK_ADAPTABILITY"":3,""SK_AGILE"":2,""SK_COMMUNICATION"":4,""SK_CONFLICT_RESOLUTION"":2,""SK_CRITICAL_THINKING"":3,""SK_EMOTIONAL_INTELLIGENCE"":1,""SK_FEEDBACK"":1,""SK_LEADERSHIP"":1,""SK_MENTORING"":1,""SK_PROBLEM_SOLVING"":1,""SK_PRODUCT_ANALYTICS"":4,""SK_PRODUCT_DISCOVERY"":5,""SK_PROJECT_MGMT"":3,""SK_PUBLIC_SPEAKING"":1,""SK_REQUIREMENTS"":4,""SK_ROADMAPPING"":3,""SK_SQL"":2,""SK_STAKEHOLDER_MGMT"":3,""SK_TEAMWORK"":2,""SK_TEST_AUTOMATION"":1,""SK_TIME_MANAGEMENT"":2,""SK_TROUBLESHOOTING"":1,""SK_UX_RESEARCH"":2,""SK_WRITTEN_COMMUNICATION"":1},""last_review_date"":""2026-06-22""}"
employee,E0018,"{""employee_id"":""E0018"",""full_name"":""Yerzhan Seitkali"",""department"":""Customer Support"",""role"":""Customer Support Specialist"",""grade"":""Junior"",""manager_id"":""E0035"",""hire_date"":""2024-03-26"",""tenure_months"":30,""work_format"":""remote"",""preferred_language"":""en"",""career_goal"":{""target_role"":""Customer Support Specialist"",""target_grade"":""Middle""},""skills"":{""SK_AB_TESTING"":2,""SK_ADAPTABILITY"":1,""SK_APP_SECURITY"":2,""SK_COMMUNICATION"":3,""SK_CONFLICT_RESOLUTION"":1,""SK_CRITICAL_THINKING"":3,""SK_CRM"":0,""SK_CUSTOMER_SERVICE"":1,""SK_EMOTIONAL_INTELLIGENCE"":3,""SK_FEEDBACK"":1,""SK_LEADERSHIP"":1,""SK_MENTORING"":0,""SK_PROBLEM_SOLVING"":1,""SK_PRODUCT_KNOWLEDGE"":2,""SK_PUBLIC_SPEAKING"":3,""SK_STAKEHOLDER_MGMT"":3,""SK_TEAMWORK"":1,""SK_TIME_MANAGEMENT"":2,""SK_TROUBLESHOOTING"":1,""SK_WRITTEN_COMMUNICATION"":3},""last_review_date"":""2026-09-15""}"
employee,E0019,"{""employee_id"":""E0019"",""full_name"":""Anna Pavlova"",""department"":""Frontend Development"",""role"":""Frontend Engineer"",""grade"":""Junior"",""manager_id"":""E0044"",""hire_date"":""2025-03-31"",""tenure_months"":18,""work_format"":""office"",""preferred_language"":""kk"",""career_goal"":{""target_role"":""Frontend Engineer"",""target_grade"":""Middle""},""skills"":{""SK_ACCESSIBILITY"":2,""SK_ADAPTABILITY"":1,""SK_API_DESIGN"":0,""SK_CICD"":1,""SK_COMMUNICATION"":1,""SK_CONFLICT_RESOLUTION"":3,""SK_CRITICAL_THINKING"":2,""SK_EMOTIONAL_INTELLIGENCE"":3,""SK_FEEDBACK"":3,""SK_HTML_CSS"":1,""SK_JAVASCRIPT"":1,""SK_LEADERSHIP"":2,""SK_MENTORING"":0,""SK_NEGOTIATION"":2,""SK_PROBLEM_SOLVING"":2,""SK_PUBLIC_SPEAKING"":0,""SK_REACT"":1,""SK_STAKEHOLDER_MGMT"":1,""SK_TEAMWORK"":2,""SK_TIME_MANAGEMENT"":1,""SK_TYPESCRIPT"":1,""SK_WEB_PERFORMANCE"":1,""SK_WRITTEN_COMMUNICATION"":3},""last_review_date"":""2026-03-26""}"
employee,E0020,"{""employee_id"":""E0020"",""full_name"":""Rustem Mukanov"",""department"":""Product Management"",""role"":""Product Manager"",""grade"":""Junior"",""manager_id"":""E0055"",""hire_date"":""2024-05-22"",""tenure_months"":28,""work_format"":""remote"",""preferred_language"":""ru"",""career_goal"":{""target_role"":""Data Analyst"",""target_grade"":""Junior""},""skills"":{""SK_AB_TESTING"":1,""SK_ADAPTABILITY"":2,""SK_AGILE"":2,""SK_COMMUNICATION"":4,""SK_CONFLICT_RESOLUTION"":2,""SK_CRITICAL_THINKING"":2,""SK_EMOTIONAL_INTELLIGENCE"":2,""SK_FEEDBACK"":2,""SK_LEADERSHIP"":2,""SK_MENTORING"":1,""SK_PROBLEM_SOLVING"":2,""SK_PRODUCT_ANALYTICS"":2,""SK_PRODUCT_DISCOVERY"":0,""SK_PROJECT_MGMT"":0,""SK_PUBLIC_SPEAKING"":2,""SK_REQUIREMENTS"":3,""SK_ROADMAPPING"":0,""SK_SQL"":1,""SK_STAKEHOLDER_MGMT"":2,""SK_TEAMWORK"":2,""SK_TIME_MANAGEMENT"":3,""SK_UX_RESEARCH"":1,""SK_WRITTEN_COMMUNICATION"":3},""last_review_date"":""2026-01-16""}"
employee,E0021,"{""employee_id"":""E0021"",""full_name"":""Botagoz Zhumabekova"",""department"":""Customer Support"",""role"":""Customer Support Specialist"",""grade"":""Middle"",""manager_id"":""E0180"",""hire_date"":""2024-09-12"",""tenure_months"":24,""work_format"":""remote"",""preferred_language"":""ru"",""career_goal"":null,""skills"":{""SK_ADAPTABILITY"":2,""SK_COMMUNICATION"":3,""SK_CONFLICT_RESOLUTION"":2,""SK_CRITICAL_THINKING"":2,""SK_CRM"":2,""SK_CUSTOMER_SERVICE"":3,""SK_EMOTIONAL_INTELLIGENCE"":3,""SK_FEEDBACK"":1,""SK_LEADERSHIP"":0,""SK_MENTORING"":1,""SK_PROBLEM_SOLVING"":1,""SK_PRODUCT_KNOWLEDGE"":3,""SK_PUBLIC_SPEAKING"":3,""SK_STAKEHOLDER_MGMT"":3,""SK_TEAMWORK"":3,""SK_TIME_MANAGEMENT"":4,""SK_TROUBLESHOOTING"":2,""SK_WRITTEN_COMMUNICATION"":4},""last_review_date"":""2026-06-02""}"
employee,E0022,"{""employee_id"":""E0022"",""full_name"":""Ksenia Morozova"",""department"":""Data \u0026 Analytics"",""role"":""Data Analyst"",""grade"":""Junior"",""manager_id"":""E0061"",""hire_date"":""2025-12-23"",""tenure_months"":9,""work_format"":""hybrid"",""preferred_language"":""kk"",""career_goal"":{""target_role"":""Data Analyst"",""target_grade"":""Middle""},""skills"":{""SK_AB_TESTING"":2,""SK_ACCOUNT_MGMT"":2,""SK_ADAPTABILITY"":1,""SK_BI_TOOLS"":3,""SK_COMMUNICATION"":2,""SK_CONFLICT_RESOLUTION"":3,""SK_CRITICAL_THINKING"":2,""SK_DATA_MODELING"":1,""SK_DATA_VIZ"":2,""SK_EMOTIONAL_INTELLIGENCE"":3,""SK_FEEDBACK"":2,""SK_LEADERSHIP"":1,""SK_MENTORING"":0,""SK_ML_BASICS"":2,""SK_PROBLEM_SOLVING"":2,""SK_PRODUCT_ANALYTICS"":1,""SK_PUBLIC_SPEAKING"":1,""SK_PYTHON"":0,""SK_SQL"":3,""SK_STAKEHOLDER_MGMT"":1,""SK_STATISTICS"":0,""SK_TALENT_ACQUISITION"":2,""SK_TEAMWORK"":2,""SK_TIME_MANAGEMENT"":1,""SK_WRITTEN_COMMUNICATION"":3},""last_review_date"":""2026-05-12""}"
employee,E0023,"{""employee_id"":""E0023"",""full_name"":""Zhanna Baimukhanova"",""department"":""Backend Development"",""role"":""Backend Engineer"",""grade"":""Junior"",""manager_id"":""E0050"",""hire_date"":""2024-11-18"",""tenure_months"":22,""work_format"":""office"",""preferred_language"":""kk"",""career_goal"":{""target_role"":""Backend Engineer"",""target_grade"":""Middle""},""skills"":{""SK_ADAPTABILITY"":3,""SK_API_DESIGN"":0,""SK_APP_SECURITY"":2,""SK_CICD"":1,""SK_CLOUD"":0,""SK_COMMUNICATION"":2,""SK_COMPENSATION"":2,""SK_CONFLICT_RESOLUTION"":3,""SK_CONTAINERS"":2,""SK_CRITICAL_THINKING"":2,""SK_EMOTIONAL_INTELLIGENCE"":1,""SK_FEEDBACK"":1,""SK_LEADERSHIP"":1,""SK_MENTORING"":0,""SK_OBSERVABILITY"":1,""SK_PROBLEM_SOLVING"":2,""SK_PUBLIC_SPEAKING"":1,""SK_PYTHON"":1,""SK_SQL"":1,""SK_STAKEHOLDER_MGMT"":1,""SK_SYSTEM_DESIGN"":0,""SK_TEAMWORK"":2,""SK_TIME_MANAGEMENT"":3,""SK_WRITTEN_COMMUNICATION"":1},""last_review_date"":""2026-04-20""}"
employee,E0024,"{""employee_id"":""E0024"",""full_name"":""Pavel Kuznetsov"",""department"":""Customer Support"",""role"":""Customer Support Specialist"",""grade"":""Junior"",""manager_id"":""E0035"",""hire_date"":""2026-04-24"",""tenure_months"":5,""work_format"":""office"",""preferred_language"":""kk"",""career_goal"":{""target_role"":""Customer Support Specialist"",""target_grade"":""Middle""},""skills"":{""SK_ADAPTABILITY"":1,""SK_COMMUNICATION"":1,""SK_CONFLICT_RESOLUTION"":2,""SK_CRITICAL_THINKING"":2,""SK_CRM"":0,""SK_CUSTOMER_SERVICE"":3,""SK_EMOTIONAL_INTELLIGENCE"":2,""SK_FEEDBACK"":0,""SK_LEADERSHIP"":1,""SK_MENTORING"":0,""SK_PROBLEM_SOLVING"":1,""SK_PRODUCT_KNOWLEDGE"":1,""SK_PUBLIC_SPEAKING"":3,""SK_STAKEHOLDER_MGMT"":3,""SK_TEAMWORK"":1,""SK_TIME_MANAGEMENT"":2,""SK_TROUBLESHOOTING"":0,""SK_WRITTEN_COMMUNICATION"":1},""last_review_date"":""2026-07-24""}"
employee,E0025,"{""employee_id"":""E0025"",""full_name"":""Maxim Ivanov"",""department"":""Data \u0026 Analytics"",""role"":""Data Analyst"",""grade"":""Junior"",""manager_id"":""E0061"",""hire_date"":""2024-04-22"",""tenure_months"":29,""work_format"":""office"",""preferred_language"":""kk"",""career_goal"":null,""skills"":{""SK_AB_TESTING"":0,""SK_ADAPTABILITY"":3,""SK_BI_TOOLS"":2,""SK_COMMUNICATION"":2,""SK_CONFLICT_RESOLUTION"":2,""SK_CRITICAL_THINKING"":2,""SK_DATA_MODELING"":1,""SK_DATA_VIZ"":2,""SK_EMOTIONAL_INTELLIGENCE"":2,""SK_FEEDBACK"":1,""SK_LEADERSHIP"":2,""SK_MENTORING"":1,""SK_ML_BASICS"":0,""SK_PROBLEM_SOLVING"":3,""SK_PRODUCT_ANALYTICS"":2,""SK_PUBLIC_SPEAKING"":2,""SK_PYTHON"":0,""SK_SQL"":0,""SK_STAKEHOLDER_MGMT"":2,""SK_STATISTICS"":2,""SK_TEAMWORK"":3,""SK_TIME_MANAGEMENT"":1,""SK_WRITTEN_COMMUNICATION"":3},""last_review_date"":""2026-05-14""}"
employee,E0026,"{""employee_id"":""E0026"",""full_name"":""Ainur Utepova"",""department"":""Backend Development"",""role"":""Backend Engineer"",""grade"":""Senior"",""manager_id"":""E0175"",""hire_date"":""2022-04-25"",""tenure_months"":53,""work_format"":""hybrid"",""preferred_language"":""kk"",""career_goal"":null,""skills"":{""SK_ADAPTABILITY"":3,""SK_API_DESIGN"":3,""SK_APP_SECURITY"":2,""SK_CICD"":1,""SK_CLOUD"":2,""SK_COMMUNICATION"":3,""SK_CONFLICT_RESOLUTION"":3,""SK_CONTAINERS"":4,""SK_CRITICAL_THINKING"":2,""SK_EMOTIONAL_INTELLIGENCE"":2,""SK_FEEDBACK"":2,""SK_LEADERSHIP"":1,""SK_MENTORING"":2,""SK_OBSERVABILITY"":2,""SK_PROBLEM_SOLVING"":4,""SK_PUBLIC_SPEAKING"":2,""SK_PYTHON"":3,""SK_SQL"":3,""SK_STAKEHOLDER_MGMT"":2,""SK_SYSTEM_DESIGN"":4,""SK_TEAMWORK"":2,""SK_TIME_MANAGEMENT"":3,""SK_WRITTEN_COMMUNICATION"":2},""last_review_date"":""2026-04-22""}"
employee,E0027,"{""employee_id"":""E0027"",""full_name"":""Timur Tulegenov"",""department"":""Human Resources"",""role"":""HR Business Partner"",""grade"":""Middle"",""manager_id"":""E0014"",""hire_date"":""2025-03-18"",""tenure_months"":18,""work_format"":""remote"",""preferred_language"":""ru"",""career_goal"":null,""skills"":{""SK_AB_TESTING"":2,""SK_ADAPTABILITY"":3,""SK_COMMUNICATION"":4,""SK_COMPENSATION"":1,""SK_CONFLICT_RESOLUTION"":2,""SK_CRITICAL_THINKING"":1,""SK_EMOTIONAL_INTELLIGENCE"":4,""SK_EMPLOYEE_RELATIONS"":4,""SK_FEEDBACK"":2,""SK_HR_ANALYTICS"":1,""SK_LABOR_LAW"":2,""SK_LEADERSHIP"":1,""SK_LEARNING_DESIGN"":2,""SK_MENTORING"":1,""SK_PROBLEM_SOLVING"":2,""SK_PRODUCT_ANALYTICS"":1,""SK_PUBLIC_SPEAKING"":0,""SK_STAKEHOLDER_MGMT"":3,""SK_TALENT_ACQUISITION"":3,""SK_TEAMWORK"":1,""SK_TIME_MANAGEMENT"":3,""SK_WRITTEN_COMMUNICATION"":3},""last_review_date"":""2026-07-28""}"
employee,E0028,"{""employee_id"":""E0028"",""full_name"":""Akmaral Ismailova"",""department"":""Backend Development"",""role"":""Backend Engineer"",""grade"":""Middle"",""manager_id"":""E0050"",""hire_date"":""2022-05-23"",""tenure_months"":52,""work_format"":""hybrid"",""preferred_language"":""kk"",""career_goal"":null,""skills"":{""SK_ADAPTABILITY"":1,""SK_API_DESIGN"":4,""SK_APP_SECURITY"":2,""SK_CICD"":3,""SK_CLOUD"":1,""SK_COMMUNICATION"":4,""SK_CONFLICT_RESOLUTION"":2,""SK_CONTAINERS"":1,""SK_CRITICAL_THINKING"":2,""SK_DATA_VIZ"":1,""SK_EMOTIONAL_INTELLIGENCE"":3,""SK_FEEDBACK"":2,""SK_LEADERSHIP"":1,""SK_MENTORING"":2,""SK_OBSERVABILITY"":1,""SK_PROBLEM_SOLVING"":3,""SK_PUBLIC_SPEAKING"":2,""SK_PYTHON"":3,""SK_ROADMAPPING"":2,""SK_SQL"":3,""SK_STAKEHOLDER_MGMT"":1,""SK_SYSTEM_DESIGN"":2,""SK_TEAMWORK"":2,""SK_TIME_MANAGEMENT"":3,""SK_WRITTEN_COMMUNICATION"":2},""last_review_date"":""2026-06-24""}"
employee,E0029,"{""employee_id"":""E0029"",""full_name"":""Rustem Bekov"",""department"":""Customer Support"",""role"":""Customer Support Specialist"",""grade"":""Senior"",""manager_id"":""E0035"",""hire_date"":""2025-03-13"",""tenure_months"":18,""work_format"":""hybrid"",""preferred_language"":""kk"",""career_goal"":{""target_role"":""Customer Support Specialist"",""target_grade"":""Lead""},""skills"":{""SK_ADAPTABILITY"":2,""SK_COMMUNICATION"":4,""SK_CONFLICT_RESOLUTION"":3,""SK_CRITICAL_THINKING"":2,""SK_CRM"":4,""SK_CUSTOMER_SERVICE"":3,""SK_EMOTIONAL_INTELLIGENCE"":2,""SK_FEEDBACK"":0,""SK_HR_ANALYTICS"":2,""SK_LEADERSHIP"":3,""SK_MENTORING"":3,""SK_PROBLEM_SOLVING"":3,""SK_PRODUCT_KNOWLEDGE"":3,""SK_PUBLIC_SPEAKING"":2,""SK_SQL"":1,""SK_STAKEHOLDER_MGMT"":2,""SK_TEAMWORK"":3,""SK_TIME_MANAGEMENT"":2,""SK_TROUBLESHOOTING"":3,""SK_WRITTEN_COMMUNICATION"":3},""last_review_date"":""2026-02-13""}"
employee,E0030,"{""employee_id"":""E0030"",""full_name"":""Nurlan Utepov"",""department"":""Customer Support"",""role"":""Customer Support Specialist"",""grade"":""Middle"",""manager_id"":""E0035"",""hire_date"":""2024-12-12"",""tenure_months"":21,""work_format"":""office"",""preferred_language"":""ru"",""career_goal"":{""target_role"":""Customer Support Specialist"",""target_grade"":""Senior""},""skills"":{""SK_ADAPTABILITY"":3,""SK_COMMUNICATION"":3,""SK_CONFLICT_RESOLUTION"":2,""SK_CRITICAL_THINKING"":3,""SK_CRM"":1,""SK_CUSTOMER_SERVICE"":3,""SK_EMOTIONAL_INTELLIGENCE"":3,""SK_FEEDBACK"":1,""SK_LEADERSHIP"":1,""SK_MENTORING"":1,""SK_PROBLEM_SOLVING"":0,""SK_PRODUCT_KNOWLEDGE"":3,""SK_PUBLIC_SPEAKING"":2,""SK_STAKEHOLDER_MGMT"":1,""SK_TEAMWORK"":3,""SK_TIME_MANAGEMENT"":2,""SK_TROUBLESHOOTING"":0,""SK_WRITTEN_COMMUNICATION"":3},""last_review_date"":""2026-01-27""}"
employee,E0031,"{""employee_id"":""E0031"",""full_name"":""Zhanna Mukanova"",""department"":""Customer Support"",""role"":""Customer Support Specialist"",""grade"":""Middle"",""manager_id"":""E0035"",""hire_date"":""2025-05-21"",""tenure_months"":16,""work_format"":""office"",""preferred_language"":""kk"",""career_goal"":{""target_role"":""QA Engineer"",""target_grade"":""Middle""},""skills"":{""SK_ADAPTABILITY"":3,""SK_AGILE"":1,""SK_COMMUNICATION"":1,""SK_CONFLICT_RESOLUTION"":1,""SK_CRITICAL_THINKING"":3,""SK_CRM"":1,""SK_CUSTOMER_SERVICE"":2,""SK_EMOTIONAL_INTELLIGENCE"":3,""SK_FEEDBACK"":1,""SK_LEADERSHIP"":0,""SK_MENTORING"":1,""SK_PROBLEM_SOLVING"":2,""SK_PRODUCT_KNOWLEDGE"":4,""SK_PUBLIC_SPEAKING"":2,""SK_STAKEHOLDER_MGMT"":2,""SK_TEAMWORK"":1,""SK_TIME_MANAGEMENT"":4,""SK_TROUBLESHOOTING"":1,""SK_WRITTEN_COMMUNICATION"":4},""last_review_date"":""2026-01-07""}"
employee,E0032,"{""employee_id"":""E0032"",""full_name"":""Daria Novikova"",""department"":""Data \u0026 Analytics"",""role"":""Data Analyst"",""grade"":""Junior"",""manager_id"":""E0061"",""hire_date"":""2024-07-18"",""tenure_months"":26,""work_format"":""hybrid"",""preferred_language"":""kk"",""career_goal"":{""target_role"":""Product Manager"",""target_grade"":""Junior""},""skills"":{""SK_AB_TESTING"":1,""SK_ADAPTABILITY"":3,""SK_BI_TOOLS"":1,""SK_COMMUNICATION"":1,""SK_CONFLICT_RESOLUTION"":2,""SK_CRITICAL_THINKING"":1,""SK_DATA_MODELING"":2,""SK_DATA_VIZ"":2,""SK_EMOTIONAL_INTELLIGENCE"":3,""SK_FEEDBACK"":1,""SK_LEADERSHIP"":2,""SK_MENTORING"":0,""SK_ML_BASICS"":2,""SK_PROBLEM_SOLVING"":2,""SK_PRODUCT_ANALYTICS"":1,""SK_PUBLIC_SPEAKING"":0,""SK_PYTHON"":1,""SK_SQL"":1,""SK_STAKEHOLDER_MGMT"":0,""SK_STATISTICS"":1,""SK_TEAMWORK"":3,""SK_TEST_DESIGN"":1,""SK_TIME_MANAGEMENT"":3,""SK_WRITTEN_COMMUNICATION"":2},""last_review_date"":""2026-02-06""}"
employee,E0033,"{""employee_id"":""E0033"",""full_name"":""Madina Tulegenova"",""department"":""Data \u0026 Analytics"",""role"":""Data Analyst"",""grade"":""Middle"",""manager_id"":""E0061"",""hire_date"":""2025-09-23"",""tenure_months"":12,""work_format"":""office"",""preferred_language"":""kk"",""career_goal"":{""target_role"":""Data Analyst"",""target_grade"":""Senior""},""skills"":{""SK_AB_TESTING"":2,""SK_ADAPTABILITY"":3,""SK_BI_TOOLS"":3,""SK_COMMUNICATION"":3,""SK_CONFLICT_RESOLUTION"":2,""SK_CRITICAL_THINKING"":3,""SK_DATA_MODELING"":3,""SK_DATA_VIZ"":2,""SK_EMOTIONAL_INTELLIGENCE"":3,""SK_FEEDBACK"":3,""SK_JAVA"":1,""SK_LEADERSHIP"":1,""SK_MENTORING"":2,""SK_ML_BASICS"":1,""SK_PROBLEM_SOLVING"":1,""SK_PRODUCT_ANALYTICS"":0,""SK_PUBLIC_SPEAKING"":1,""SK_PYTHON"":1,""SK_SQL"":2,""SK_STAKEHOLDER_MGMT"":0,""SK_STATISTICS"":3,""SK_TALENT_ACQUISITION"":1,""SK_TEAMWORK"":1,""SK_TIME_MANAGEMENT"":2,""SK_WRITTEN_COMMUNICATION"":3},""last_review_date"":""2026-03-26""}"
employee,E0034,"{""employee_id"":""E0034"",""full_name"":""Aruzhan Kassymova"",""department"":""Data \u0026 Analytics"",""role"":""Data Analyst"",""grade"":""Junior"",""manager_id"":""E0085"",""hire_date"":""2025-08-01"",""tenure_months"":14,""work_format"":""office"",""preferred_language"":""kk"",""career_goal"":{""target_role"":""Data Analyst"",""target_grade"":""Middle""},""skills"":{""SK_AB_TESTING"":0,""SK_ADAPTABILITY"":3,""SK_BI_TOOLS"":1,""SK_COMMUNICATION"":1,""SK_CONFLICT_RESOLUTION"":3,""SK_CRITICAL_THINKING"":1,""SK_DATA_MODELING"":1,""SK_DATA_VIZ"":3,""SK_EMOTIONAL_INTELLIGENCE"":2,""SK_FEEDBACK"":3,""SK_LEADERSHIP"":0,""SK_MENTORING"":2,""SK_ML_BASICS"":0,""SK_PROBLEM_SOLVING"":2,""SK_PRODUCT_ANALYTICS"":1,""SK_PUBLIC_SPEAKING"":0,""SK_PYTHON"":0,""SK_SQL"":2,""SK_STAKEHOLDER_MGMT"":1,""SK_STATISTICS"":0,""SK_TEAMWORK"":2,""SK_TIME_MANAGEMENT"":3,""SK_WRITTEN_COMMUNICATION"":2},""last_review_date"":""2026-06-05""}"
employee,E0035,"{""employee_id"":""E0035"",""full_name"":""Zarina Omarova"",""department"":""Customer Support"",""role"":""Customer Support Specialist"",""grade"":""Lead"",""manager_id"":""E0180"",""hire_date"":""2021-08-26"",""tenure_months"":61,""work_format"":""hybrid"",""preferred_language"":""ru"",""career_goal"":null,""skills"":{""SK_ADAPTABILITY"":2,""SK_COMMUNICATION"":3,""SK_CONFLICT_RESOLUTION"":4,""SK_CRITICAL_THINKING"":1,""SK_CRM"":3,""SK_CUSTOMER_SERVICE"":4,""SK_EMOTIONAL_INTELLIGENCE"":2,""SK_FEEDBACK"":3,""SK_LEADERSHIP"":3,""SK_LEARNING_DESIGN"":1,""SK_MENTORING"":5,""SK_PROBLEM_SOLVING"":3,""SK_PRODUCT_KNOWLEDGE"":3,""SK_PUBLIC_SPEAKING"":1,""SK_STAKEHOLDER_MGMT"":3,""SK_TEAMWORK"":1,""SK_TIME_MANAGEMENT"":4,""SK_TROUBLESHOOTING"":4,""SK_WRITTEN_COMMUNICATION"":4},""last_review_date"":""2026-05-05""}"
employee,E0036,"{""employee_id"":""E0036"",""full_name"":""Aigerim Baimukhanova"",""department"":""Frontend Development"",""role"":""Frontend Engineer"",""grade"":""Junior"",""manager_id"":""E0044"",""hire_date"":""2025-06-30"",""tenure_months"":15,""work_format"":""remote"",""preferred_language"":""ru"",""career_goal"":{""target_role"":""Product Manager"",""target_grade"":""Junior""},""skills"":{""SK_ACCESSIBILITY"":0,""SK_ADAPTABILITY"":3,""SK_API_DESIGN"":1,""SK_CICD"":0,""SK_COMMUNICATION"":2,""SK_CONFLICT_RESOLUTION"":2,""SK_CRITICAL_THINKING"":3,""SK_EMOTIONAL_INTELLIGENCE"":2,""SK_FEEDBACK"":2,""SK_HTML_CSS"":1,""SK_JAVASCRIPT"":1,""SK_LEADERSHIP"":1,""SK_MENTORING"":0,""SK_PROBLEM_SOLVING"":1,""SK_PUBLIC_SPEAKING"":1,""SK_REACT"":0,""SK_STAKEHOLDER_MGMT"":1,""SK_TEAMWORK"":1,""SK_TIME_MANAGEMENT"":1,""SK_TYPESCRIPT"":1,""SK_WEB_PERFORMANCE"":0,""SK_WRITTEN_COMMUNICATION"":1},""last_review_date"":""2026-01-26""}"
employee,E0037,"{""employee_id"":""E0037"",""full_name"":""Zarina Sarsenbayeva"",""department"":""Frontend Development"",""role"":""Frontend Engineer"",""grade"":""Junior"",""manager_id"":""E0044"",""hire_date"":""2024-11-11"",""tenure_months"":22,""work_format"":""remote"",""preferred_language"":""ru"",""career_goal"":{""target_role"":""Frontend Engineer"",""target_grade"":""Middle""},""skills"":{""SK_ACCESSIBILITY"":1,""SK_ADAPTABILITY"":1,""SK_API_DESIGN"":0,""SK_CICD"":0,""SK_COMMUNICATION"":2,""SK_CONFLICT_RESOLUTION"":1,""SK_CRITICAL_THINKING"":2,""SK_EMOTIONAL_INTELLIGENCE"":1,""SK_FEEDBACK"":2,""SK_HTML_CSS"":0,""SK_JAVASCRIPT"":2,""SK_LEADERSHIP"":1,""SK_MENTORING"":2,""SK_PROBLEM_SOLVING"":2,""SK_PUBLIC_SPEAKING"":1,""SK_REACT"":1,""SK_STAKEHOLDER_MGMT"":2,""SK_TEAMWORK"":2,""SK_TIME_MANAGEMENT"":3,""SK_TYPESCRIPT"":0,""SK_WEB_PERFORMANCE"":1,""SK_WRITTEN_COMMUNICATION"":3},""last_review_date"":""2026-08-24""}"
employee,E0038,"{""employee_id"":""E0038"",""full_name"":""Madina Mukanova"",""department"":""Product Management"",""role"":""Product Manager"",""grade"":""Senior"",""manager_id"":""E0060"",""hire_date"":""2022-06-24"",""tenure_months"":51,""work_format"":""hybrid"",""preferred_language"":""kk"",""career_goal"":null,""skills"":{""SK_AB_TESTING"":3,""SK_ADAPTABILITY"":2,""SK_AGILE"":3,""SK_COMMUNICATION"":5,""SK_CONFLICT_RESOLUTION"":3,""SK_CRITICAL_THINKING"":5,""SK_DATA_VIZ"":1,""SK_EMOTIONAL_INTELLIGENCE"":3,""SK_FEEDBACK"":3,""SK_LEADERSHIP"":3,""SK_MENTORING"":2,""SK_PROBLEM_SOLVING"":2,""SK_PRODUCT_ANALYTICS"":4,""SK_PRODUCT_DISCOVERY"":3,""SK_PROJECT_MGMT"":2,""SK_PUBLIC_SPEAKING"":3,""SK_REQUIREMENTS"":5,""SK_ROADMAPPING"":5,""SK_SQL"":2,""SK_STAKEHOLDER_MGMT"":3,""SK_TEAMWORK"":2,""SK_TIME_MANAGEMENT"":2,""SK_TYPESCRIPT"":1,""SK_UX_RESEARCH"":2,""SK_WRITTEN_COMMUNICATION"":2},""last_review_date"":""2026-08-13""}"
employee,E0039,"{""employee_id"":""E0039"",""full_name"":""Pavel Petrov"",""department"":""Data \u0026 Analytics"",""role"":""Data Analyst"",""grade"":""Middle"",""manager_id"":""E0061"",""hire_date"":""2022-08-29"",""tenure_months"":49,""work_format"":""hybrid"",""preferred_language"":""ru"",""career_goal"":{""target_role"":""Data Analyst"",""target_grade"":""Senior""},""skills"":{""SK_AB_TESTING"":0,""SK_ADAPTABILITY"":3,""SK_BI_TOOLS"":3,""SK_COMMUNICATION"":3,""SK_CONFLICT_RESOLUTION"":2,""SK_CRITICAL_THINKING"":4,""SK_DATA_MODELING"":2,""SK_DATA_VIZ"":1,""SK_EMOTIONAL_INTELLIGENCE"":2,""SK_FEEDBACK"":2,""SK_LEADERSHIP"":0,""SK_MENTORING"":0,""SK_ML_BASICS"":1,""SK_PROBLEM_SOLVING"":3,""SK_PRODUCT_ANALYTICS"":2,""SK_PUBLIC_SPEAKING"":0,""SK_PYTHON"":0,""SK_SQL"":1,""SK_STAKEHOLDER_MGMT"":1,""SK_STATISTICS"":3,""SK_TEAMWORK"":2,""SK_TIME_MANAGEMENT"":2,""SK_WRITTEN_COMMUNICATION"":3},""last_review_date"":""2026-08-07""}"
employee,E0040,"{""employee_id"":""E0040"",""full_name"":""Irina Pavlova"",""department"":""Backend Development"",""role"":""Backend Engineer"",""grade"":""Junior"",""manager_id"":""E0175"",""hire_date"":""2025-06-13"",""tenure_months"":15,""work_format"":""office"",""preferred_language"":""ru"",""career_goal"":null,""skills"":{""SK_ADAPTABILITY"":2,""SK_API_DESIGN"":0,""SK_APP_SECURITY"":0,""SK_CICD"":1,""SK_CLOUD"":0,""SK_COMMUNICATION"":3,""SK_CONFLICT_RESOLUTION"":2,""SK_CONTAINERS"":0,""SK_CRITICAL_THINKING"":3,""SK_EMOTIONAL_INTELLIGENCE"":3,""SK_FEEDBACK"":3,""SK_LEADERSHIP"":2,""SK_MENTORING"":2,""SK_OBSERVABILITY"":0,""SK_PROBLEM_SOLVING"":3,""SK_PUBLIC_SPEAKING"":0,""SK_PYTHON"":2,""SK_SQL"":2,""SK_STAKEHOLDER_MGMT"":1,""SK_SYSTEM_DESIGN"":0,""SK_TEAMWORK"":2,""SK_TIME_MANAGEMENT"":2,""SK_WRITTEN_COMMUNICATION"":2},""last_review_date"":""2026-09-23""}"
employee,E0041,"{""employee_id"":""E0041"",""full_name"":""Moldir Seitkali"",""department"":""Product Management"",""role"":""Product Manager"",""grade"":""Senior"",""manager_id"":""E0060"",""hire_date"":""2023-09-22"",""tenure_months"":36,""work_format"":""office"",""preferred_language"":""kk"",""career_goal"":{""target_role"":""Product Manager"",""target_grade"":""Lead""},""skills"":{""SK_AB_TESTING"":3,""SK_ACCOUNT_MGMT"":2,""SK_ADAPTABILITY"":2,""SK_AGILE"":2,""SK_COMMUNICATION"":4,""SK_CONFLICT_RESOLUTION"":2,""SK_CRITICAL_THINKING"":4,""SK_EMOTIONAL_INTELLIGENCE"":2,""SK_FEEDBACK"":2,""SK_LEADERSHIP"":2,""SK_MENTORING"":1,""SK_PROBLEM_SOLVING"":2,""SK_PRODUCT_ANALYTICS"":5,""SK_PRODUCT_DISCOVERY"":4,""SK_PROJECT_MGMT"":3,""SK_PUBLIC_SPEAKING"":3,""SK_REQUIREMENTS"":3,""SK_ROADMAPPING"":4,""SK_SQL"":3,""SK_STAKEHOLDER_MGMT"":4,""SK_TEAMWORK"":1,""SK_TIME_MANAGEMENT"":1,""SK_UX_RESEARCH"":2,""SK_WRITTEN_COMMUNICATION"":2},""last_review_date"":""2026-03-02""}"
employee,E0042,"{""employee_id"":""E0042"",""full_name"":""Ekaterina Kuznetsova"",""department"":""Frontend Development"",""role"":""Frontend Engineer"",""grade"":""Junior"",""manager_id"":""E0006"",""hire_date"":""2024-08-21"",""tenure_months"":25,""work_format"":""hybrid"",""preferred_language"":""ru"",""career_goal"":{""target_role"":""Frontend Engineer"",""target_grade"":""Middle""},""skills"":{""SK_ACCESSIBILITY"":1,""SK_ADAPTABILITY"":3,""SK_API_DESIGN"":0,""SK_CICD"":1,""SK_COMMUNICATION"":2,""SK_CONFLICT_RESOLUTION"":1,""SK_CRITICAL_THINKING"":3,""SK_EMOTIONAL_INTELLIGENCE"":2,""SK_FEEDBACK"":2,""SK_HTML_CSS"":1,""SK_JAVASCRIPT"":2,""SK_LEADERSHIP"":1,""SK_MENTORING"":1,""SK_PROBLEM_SOLVING"":2,""SK_PUBLIC_SPEAKING"":0,""SK_REACT"":2,""SK_STAKEHOLDER_MGMT"":1,""SK_TEAMWORK"":2,""SK_TIME_MANAGEMENT"":2,""SK_TYPESCRIPT"":1,""SK_WEB_PERFORMANCE"":1,""SK_WRITTEN_COMMUNICATION"":3},""last_review_date"":""2026-06-30""}"
employee,E0043,"{""employee_id"":""E0043"",""full_name"":""Aidos Akhmetov"",""department"":""Frontend Development"",""role"":""Frontend Engineer"",""grade"":""Senior"",""manager_id"":""E0006"",""hire_date"":""2021-08-13"",""tenure_months"":61,""work_format"":""hybrid"",""preferred_language"":""ru"",""career_goal"":null,""skills"":{""SK_ACCESSIBILITY"":2,""SK_ADAPTABILITY"":2,""SK_API_DESIGN"":1,""SK_CICD"":3,""SK_COMMUNICATION"":3,""SK_CONFLICT_RESOLUTION"":1,""SK_CRITICAL_THINKING"":1,""SK_EMOTIONAL_INTELLIGENCE"":3,""SK_FEEDBACK"":1,""SK_HTML_CSS"":3,""SK_JAVASCRIPT"":4,""SK_LEADERSHIP"":0,""SK_MENTORING"":2,""SK_PROBLEM_SOLVING"":3,""SK_PUBLIC_SPEAKING"":2,""SK_REACT"":4,""SK_ROADMAPPING"":1,""SK_STAKEHOLDER_MGMT"":1,""SK_TEAMWORK"":4,""SK_TIME_MANAGEMENT"":3,""SK_TYPESCRIPT"":3,""SK_WEB_PERFORMANCE"":5,""SK_WRITTEN_COMMUNICATION"":1},""last_review_date"":""2026-06-02""}"
employee,E0044,"{""employee_id"":""E0044"",""full_name"":""Gulnara Zhumabekova"",""department"":""Frontend Development"",""role"":""Frontend Engineer"",""grade"":""Lead"",""manager_id"":""E0006"",""hire_date"":""2022-10-17"",""tenure_months"":47,""work_format"":""office"",""preferred_language"":""kk"",""career_goal"":{""target_role"":""Product Manager"",""target_grade"":""Lead""},""skills"":{""SK_ACCESSIBILITY"":4,""SK_ACCOUNT_MGMT"":1,""SK_ADAPTABILITY"":3,""SK_API_DESIGN"":2,""SK_CICD"":4,""SK_COMMUNICATION"":2,""SK_CONFLICT_RESOLUTION"":2,""SK_CRITICAL_THINKING"":3,""SK_EMOTIONAL_INTELLIGENCE"":1,""SK_FEEDBACK"":1,""SK_HTML_CSS"":4,""SK_JAVASCRIPT"":4,""SK_LEADERSHIP"":4,""SK_MENTORING"":3,""SK_PROBLEM_SOLVING"":4,""SK_PROJECT_MGMT"":1,""SK_PUBLIC_SPEAKING"":4,""SK_REACT"":4,""SK_STAKEHOLDER_MGMT"":3,""SK_TEAMWORK"":3,""SK_TIME_MANAGEMENT"":3,""SK_TYPESCRIPT"":4,""SK_WEB_PERFORMANCE"":3,""SK_WRITTEN_COMMUNICATION"":2},""last_review_date"":""2026-08-06""}"
employee,E0045,"{""employee_id"":""E0045"",""full_name"":""Kanat Temirkhanov"",""department"":""Sales"",""role"":""Sales Manager"",""grade"":""Junior"",""manager_id"":""E0148"",""hire_date"":""2025-03-28"",""tenure_months"":18,""work_format"":""office"",""preferred_language"":""kk"",""career_goal"":{""target_role"":""Sales Manager"",""target_grade"":""Middle""},""skills"":{""SK_ACCOUNT_MGMT"":1,""SK_ADAPTABILITY"":2,""SK_COMMUNICATION"":3,""SK_CONFLICT_RESOLUTION"":2,""SK_CRITICAL_THINKING"":2,""SK_CRM"":3,""SK_EMOTIONAL_INTELLIGENCE"":2,""SK_FEEDBACK"":3,""SK_LEADERSHIP"":2,""SK_MENTORING"":2,""SK_NEGOTIATION"":0,""SK_PROBLEM_SOLVING"":3,""SK_PRODUCT_KNOWLEDGE"":2,""SK_PROSPECTING"":2,""SK_PUBLIC_SPEAKING"":0,""SK_SQL"":1,""SK_STAKEHOLDER_MGMT"":1,""SK_TEAMWORK"":2,""SK_TIME_MANAGEMENT"":1,""SK_WRITTEN_COMMUNICATION"":3},""last_review_date"":""2026-08-18""}"
employee,E0046,"{""employee_id"":""E0046"",""full_name"":""Dauren Zhumabekov"",""department"":""Sales"",""role"":""Sales Manager"",""grade"":""Middle"",""manager_id"":""E0169"",""hire_date"":""2024-02-26"",""tenure_months"":31,""work_format"":""hybrid"",""preferred_language"":""ru"",""career_goal"":{""target_role"":""Sales Manager"",""target_grade"":""Senior""},""skills"":{""SK_ACCOUNT_MGMT"":2,""SK_ADAPTABILITY"":2,""SK_COMMUNICATION"":3,""SK_CONFLICT_RESOLUTION"":2,""SK_CRITICAL_THINKING"":3,""SK_CRM"":1,""SK_DATA_VIZ"":1,""SK_EMOTIONAL_INTELLIGENCE"":2,""SK_FEEDBACK"":2,""SK_LEADERSHIP"":1,""SK_MENTORING"":0,""SK_NEGOTIATION"":2,""SK_PROBLEM_SOLVING"":2,""SK_PRODUCT_KNOWLEDGE"":2,""SK_PROSPECTING"":4,""SK_PUBLIC_SPEAKING"":3,""SK_STAKEHOLDER_MGMT"":3,""SK_TEAMWORK"":3,""SK_TIME_MANAGEMENT"":4,""SK_WRITTEN_COMMUNICATION"":3},""last_review_date"":""2026-04-20""}"
employee,E0047,"{""employee_id"":""E0047"",""full_name"":""Symbat Baimukhanova"",""department"":""Backend Development"",""role"":""Backend Engineer"",""grade"":""Middle"",""manager_id"":""E0050"",""hire_date"":""2022-12-22"",""tenure_months"":45,""work_format"":""office"",""preferred_language"":""ru"",""career_goal"":null,""skills"":{""SK_ADAPTABILITY"":3,""SK_API_DESIGN"":2,""SK_APP_SECURITY"":1,""SK_CICD"":2,""SK_CLOUD"":1,""SK_COMMUNICATION"":3,""SK_CONFLICT_RESOLUTION"":3,""SK_CONTAINERS"":2,""SK_CRITICAL_THINKING"":3,""SK_EMOTIONAL_INTELLIGENCE"":2,""SK_FEEDBACK"":3,""SK_LEADERSHIP"":1,""SK_MENTORING"":0,""SK_OBSERVABILITY"":0,""SK_PROBLEM_SOLVING"":2,""SK_PUBLIC_SPEAKING"":2,""SK_PYTHON"":3,""SK_SQL"":1,""SK_STAKEHOLDER_MGMT"":1,""SK_SYSTEM_DESIGN"":3,""SK_TEAMWORK"":4,""SK_TIME_MANAGEMENT"":3,""SK_WRITTEN_COMMUNICATION"":2},""last_review_date"":""2026-03-25""}"
employee,E0048,"{""employee_id"":""E0048"",""full_name"":""Denis Smirnov"",""department"":""Data \u0026 Analytics"",""role"":""Data Analyst"",""grade"":""Middle"",""manager_id"":""E0061"",""hire_date"":""2024-11-22"",""tenure_months"":22,""work_format"":""hybrid"",""preferred_language"":""kk"",""career_goal"":{""target_role"":""Data Analyst"",""target_grade"":""Senior""},""skills"":{""SK_AB_TESTING"":1,""SK_ADAPTABILITY"":2,""SK_BI_TOOLS"":4,""SK_COMMUNICATION"":3,""SK_CONFLICT_RESOLUTION"":2,""SK_CONTAINERS"":1,""SK_CRITICAL_THINKING"":3,""SK_DATA_MODELING"":3,""SK_DATA_VIZ"":3,""SK_EMOTIONAL_INTELLIGENCE"":3,""SK_FEEDBACK"":3,""SK_LEADERSHIP"":0,""SK_MENTORING"":1,""SK_ML_BASICS"":0,""SK_PROBLEM_SOLVING"":2,""SK_PRODUCT_ANALYTICS"":0,""SK_PUBLIC_SPEAKING"":0,""SK_PYTHON"":1,""SK_SQL"":3,""SK_STAKEHOLDER_MGMT"":2,""SK_STATISTICS"":3,""SK_TEAMWORK"":2,""SK_TIME_MANAGEMENT"":1,""SK_TYPESCRIPT"":2,""SK_WRITTEN_COMMUNICATION"":1},""last_review_date"":""2026-09-16""}"
employee,E0049,"{""employee_id"":""E0049"",""full_name"":""Yulia Popova"",""department"":""Sales"",""role"":""Sales Manager"",""grade"":""Junior"",""manager_id"":""E0148"",""hire_date"":""2025-11-03"",""tenure_months"":10,""work_format"":""hybrid"",""preferred_language"":""kk"",""career_goal"":null,""skills"":{""SK_ACCOUNT_MGMT"":2,""SK_ADAPTABILITY"":1,""SK_COMMUNICATION"":4,""SK_COMPENSATION"":1,""SK_CONFLICT_RESOLUTION"":3,""SK_CRITICAL_THINKING"":3,""SK_CRM"":0,""SK_EMOTIONAL_INTELLIGENCE"":2,""SK_FEEDBACK"":3,""SK_LEADERSHIP"":0,""SK_MENTORING"":1,""SK_NEGOTIATION"":2,""SK_PROBLEM_SOLVING"":3,""SK_PRODUCT_KNOWLEDGE"":2,""SK_PROSPECTING"":3,""SK_PUBLIC_SPEAKING"":0,""SK_STAKEHOLDER_MGMT"":0,""SK_TEAMWORK"":2,""SK_TIME_MANAGEMENT"":2,""SK_WRITTEN_COMMUNICATION"":3},""last_review_date"":""2026-02-25""}"
employee,E0050,"{""employee_id"":""E0050"",""full_name"":""Symbat Abenova"",""department"":""Backend Development"",""role"":""Backend Engineer"",""grade"":""Lead"",""manager_id"":""E0175"",""hire_date"":""2017-01-24"",""tenure_months"":116,""work_format"":""hybrid"",""preferred_language"":""ru"",""career_goal"":{""target_role"":""Data Analyst"",""target_grade"":""Lead""},""skills"":{""SK_AB_TESTING"":1,""SK_ADAPTABILITY"":3,""SK_API_DESIGN"":2,""SK_APP_SECURITY"":4,""SK_CICD"":1,""SK_CLOUD"":4,""SK_COMMUNICATION"":5,""SK_CONFLICT_RESOLUTION"":3,""SK_CONTAINERS"":2,""SK_CRITICAL_THINKING"":3,""SK_EMOTIONAL_INTELLIGENCE"":3,""SK_FEEDBACK"":3,""SK_LEADERSHIP"":4,""SK_MENTORING"":4,""SK_OBSERVABILITY"":5,""SK_PROBLEM_SOLVING"":4,""SK_PUBLIC_SPEAKING"":2,""SK_PYTHON"":4,""SK_SQL"":4,""SK_STAKEHOLDER_MGMT"":2,""SK_SYSTEM_DESIGN"":5,""SK_TEAMWORK"":3,""SK_TIME_MANAGEMENT"":3,""SK_WRITTEN_COMMUNICATION"":3},""last_review_date"":""2026-01-19""}"
employee,E0051,"{""employee_id"":""E0051"",""full_name"":""Kamila Abenova"",""department"":""Sales"",""role"":""Sales Manager"",""grade"":""Senior"",""manager_id"":""E0148"",""hire_date"":""2023-01-30"",""tenure_months"":44,""work_format"":""office"",""preferred_language"":""kk"",""career_goal"":{""target_role"":""Sales Manager"",""target_grade"":""Lead""},""skills"":{""SK_ACCOUNT_MGMT"":4,""SK_ADAPTABILITY"":4,""SK_COMMUNICATION"":3,""SK_CONFLICT_RESOLUTION"":2,""SK_CRITICAL_THINKING"":2,""SK_CRM"":2,""SK_EMOTIONAL_INTELLIGENCE"":2,""SK_FEEDBACK"":3,""SK_LEADERSHIP"":2,""SK_MENTORING"":1,""SK_NEGOTIATION"":4,""SK_PROBLEM_SOLVING"":3,""SK_PRODUCT_KNOWLEDGE"":3,""SK_PROJECT_MGMT"":2,""SK_PROSPECTING"":5,""SK_PUBLIC_SPEAKING"":2,""SK_STAKEHOLDER_MGMT"":3,""SK_TEAMWORK"":3,""SK_TIME_MANAGEMENT"":2,""SK_WRITTEN_COMMUNICATION"":2},""last_review_date"":""2026-05-25""}"
employee,E0052,"{""employee_id"":""E0052"",""full_name"":""Maxim Kozlov"",""department"":""Human Resources"",""role"":""HR Business Partner"",""grade"":""Middle"",""manager_id"":""E0014"",""hire_date"":""2025-01-13"",""tenure_months"":20,""work_format"":""office"",""preferred_language"":""kk"",""career_goal"":null,""skills"":{""SK_ADAPTABILITY"":1,""SK_COMMUNICATION"":3,""SK_COMPENSATION"":1,""SK_CONFLICT_RESOLUTION"":2,""SK_CRITICAL_THINKING"":2,""SK_DATA_VIZ"":1,""SK_EMOTIONAL_INTELLIGENCE"":2,""SK_EMPLOYEE_RELATIONS"":1,""SK_FEEDBACK"":1,""SK_HR_ANALYTICS"":1,""SK_LABOR_LAW"":3,""SK_LEADERSHIP"":1,""SK_LEARNING_DESIGN"":2,""SK_MENTORING"":0,""SK_PROBLEM_SOLVING"":3,""SK_PUBLIC_SPEAKING"":1,""SK_STAKEHOLDER_MGMT"":1,""SK_TALENT_ACQUISITION"":2,""SK_TEAMWORK"":3,""SK_TIME_MANAGEMENT"":2,""SK_WRITTEN_COMMUNICATION"":2},""last_review_date"":""2026-08-10""}"
employee,E0053,"{""employee_id"":""E0053"",""full_name"":""Aigerim Abenova"",""department"":""Quality Assurance"",""role"":""QA Engineer"",""grade"":""Junior"",""manager_id"":""E0179"",""hire_date"":""2024-05-28"",""tenure_months"":28,""work_format"":""remote"",""preferred_language"":""kk"",""career_goal"":{""target_role"":""QA Engineer"",""target_grade"":""Middle""},""skills"":{""SK_ADAPTABILITY"":3,""SK_API_TESTING"":0,""SK_APP_SECURITY"":1,""SK_CICD"":0,""SK_CLOUD"":2,""SK_COMMUNICATION"":0,""SK_CONFLICT_RESOLUTION"":2,""SK_CRITICAL_THINKING"":1,""SK_EMOTIONAL_INTELLIGENCE"":2,""SK_FEEDBACK"":2,""SK_JAVA"":2,""SK_LEADERSHIP"":2,""SK_LOAD_TESTING"":0,""SK_MENTORING"":1,""SK_PROBLEM_SOLVING"":1,""SK_PUBLIC_SPEAKING"":2,""SK_SQL"":0,""SK_STAKEHOLDER_MGMT"":2,""SK_TEAMWORK"":1,""SK_TEST_AUTOMATION"":2,""SK_TEST_DESIGN"":3,""SK_TIME_MANAGEMENT"":2,""SK_WRITTEN_COMMUNICATION"":1},""last_review_date"":""2026-08-24""}"
employee,E0054,"{""employee_id"":""E0054"",""full_name"":""Dinara Sadykova"",""department"":""Data \u0026 Analytics"",""role"":""Data Analyst"",""grade"":""Senior"",""manager_id"":""E0061"",""hire_date"":""2022-11-30"",""tenure_months"":46,""work_format"":""hybrid"",""preferred_language"":""kk"",""career_goal"":null,""skills"":{""SK_AB_TESTING"":4,""SK_ADAPTABILITY"":2,""SK_BI_TOOLS"":3,""SK_COMMUNICATION"":4,""SK_CONFLICT_RESOLUTION"":3,""SK_CONTAINERS"":1,""SK_CRITICAL_THINKING"":4,""SK_DATA_MODELING"":2,""SK_DATA_VIZ"":2,""SK_EMOTIONAL_INTELLIGENCE"":3,""SK_FEEDBACK"":2,""SK_HTML_CSS"":2,""SK_LEADERSHIP"":1,""SK_MENTORING"":0,""SK_ML_BASICS"":0,""SK_PROBLEM_SOLVING"":3,""SK_PRODUCT_ANALYTICS"":2,""SK_PUBLIC_SPEAKING"":1,""SK_PYTHON"":3,""SK_SQL"":4,""SK_STAKEHOLDER_MGMT"":3,""SK_STATISTICS"":4,""SK_TEAMWORK"":3,""SK_TIME_MANAGEMENT"":3,""SK_WRITTEN_COMMUNICATION"":1},""last_review_date"":""2026-01-19""}"
employee,E0055,"{""employee_id"":""E0055"",""full_name"":""Yerzhan Dzhakupov"",""department"":""Product Management"",""role"":""Product Manager"",""grade"":""Lead"",""manager_id"":""E0060"",""hire_date"":""2023-02-22"",""tenure_months"":43,""work_format"":""hybrid"",""preferred_language"":""en"",""career_goal"":{""target_role"":""Data Analyst"",""target_grade"":""Lead""},""skills"":{""SK_AB_TESTING"":3,""SK_ADAPTABILITY"":1,""SK_AGILE"":4,""SK_COMMUNICATION"":5,""SK_CONFLICT_RESOLUTION"":1,""SK_CRITICAL_THINKING"":3,""SK_CRM"":1,""SK_EMOTIONAL_INTELLIGENCE"":3,""SK_FEEDBACK"":3,""SK_LEADERSHIP"":4,""SK_MENTORING"":2,""SK_PROBLEM_SOLVING"":2,""SK_PRODUCT_ANALYTICS"":5,""SK_PRODUCT_DISCOVERY"":4,""SK_PROJECT_MGMT"":3,""SK_PUBLIC_SPEAKING"":3,""SK_REQUIREMENTS"":4,""SK_ROADMAPPING"":3,""SK_SQL"":2,""SK_STAKEHOLDER_MGMT"":4,""SK_TEAMWORK"":2,""SK_TIME_MANAGEMENT"":3,""SK_UX_RESEARCH"":3,""SK_WRITTEN_COMMUNICATION"":3},""last_review_date"":""2026-08-13""}"
employee,E0056,"{""employee_id"":""E0056"",""full_name"":""Anna Kozlova"",""department"":""Sales"",""role"":""Sales Manager"",""grade"":""Middle"",""manager_id"":""E0169"",""hire_date"":""2022-07-18"",""tenure_months"":50,""work_format"":""office"",""preferred_language"":""ru"",""career_goal"":{""target_role"":""Sales Manager"",""target_grade"":""Senior""},""skills"":{""SK_ACCOUNT_MGMT"":2,""SK_ADAPTABILITY"":2,""SK_COMMUNICATION"":4,""SK_CONFLICT_RESOLUTION"":1,""SK_CRITICAL_THINKING"":2,""SK_CRM"":2,""SK_EMOTIONAL_INTELLIGENCE"":3,""SK_FEEDBACK"":3,""SK_LEADERSHIP"":1,""SK_MENTORING"":2,""SK_ML_BASICS"":1,""SK_NEGOTIATION"":4,""SK_PROBLEM_SOLVING"":2,""SK_PRODUCT_DISCOVERY"":1,""SK_PRODUCT_KNOWLEDGE"":3,""SK_PROSPECTING"":2,""SK_PUBLIC_SPEAKING"":1,""SK_STAKEHOLDER_MGMT"":2,""SK_TEAMWORK"":2,""SK_TIME_MANAGEMENT"":3,""SK_WRITTEN_COMMUNICATION"":2},""last_review_date"":""2026-02-04""}"
employee,E0057,"{""employee_id"":""E0057"",""full_name"":""Maxim Volkov"",""department"":""Sales"",""role"":""Sales Manager"",""grade"":""Senior"",""manager_id"":""E0169"",""hire_date"":""2023-10-19"",""tenure_months"":35,""work_format"":""hybrid"",""preferred_language"":""kk"",""career_goal"":{""target_role"":""Sales Manager"",""target_grade"":""Lead""},""skills"":{""SK_ACCOUNT_MGMT"":4,""SK_ADAPTABILITY"":4,""SK_COMMUNICATION"":4,""SK_CONFLICT_RESOLUTION"":3,""SK_CRITICAL_THINKING"":3,""SK_CRM"":3,""SK_EMOTIONAL_INTELLIGENCE"":4,""SK_FEEDBACK"":3,""SK_LEADERSHIP"":2,""SK_MENTORING"":2,""SK_NEGOTIATION"":4,""SK_PROBLEM_SOLVING"":2,""SK_PRODUCT_KNOWLEDGE"":3,""SK_PROSPECTING"":4,""SK_PUBLIC_SPEAKING"":4,""SK_STAKEHOLDER_MGMT"":3,""SK_TEAMWORK"":2,""SK_TIME_MANAGEMENT"":2,""SK_WRITTEN_COMMUNICATION"":3},""last_review_date"":""2026-04-09""}"
employee,E0058,"{""employee_id"":""E0058"",""full_name"":""Ksenia Pavlova"",""department"":""Backend Development"",""role"":""Backend Engineer"",""grade"":""Junior"",""manager_id"":""E0175"",""hire_date"":""2026-03-30"",""tenure_months"":6,""work_format"":""office"",""preferred_language"":""ru"",""career_goal"":null,""skills"":{""SK_ADAPTABILITY"":2,""SK_API_DESIGN"":2,""SK_APP_SECURITY"":0,""SK_CICD"":0,""SK_CLOUD"":0,""SK_COMMUNICATION"":2,""SK_CONFLICT_RESOLUTION"":3,""SK_CONTAINERS"":1,""SK_CRITICAL_THINKING"":3,""SK_EMOTIONAL_INTELLIGENCE"":1,""SK_FEEDBACK"":1,""SK_LEADERSHIP"":2,""SK_MENTORING"":0,""SK_OBSERVABILITY"":1,""SK_PROBLEM_SOLVING"":2,""SK_PUBLIC_SPEAKING"":0,""SK_PYTHON"":2,""SK_SQL"":1,""SK_STAKEHOLDER_MGMT"":2,""SK_SYSTEM_DESIGN"":0,""SK_TEAMWORK"":1,""SK_TIME_MANAGEMENT"":3,""SK_WRITTEN_COMMUNICATION"":3},""last_review_date"":""2026-04-07""}"
employee,E0059,"{""employee_id"":""E0059"",""full_name"":""Elena Ivanova"",""department"":""Sales"",""role"":""Sales Manager"",""grade"":""Middle"",""manager_id"":""E0148"",""hire_date"":""2023-06-28"",""tenure_months"":39,""work_format"":""remote"",""preferred_language"":""ru"",""career_goal"":{""target_role"":""Sales Manager"",""target_grade"":""Senior""},""skills"":{""SK_ACCOUNT_MGMT"":3,""SK_ADAPTABILITY"":2,""SK_COMMUNICATION"":2,""SK_CONFLICT_RESOLUTION"":2,""SK_CRITICAL_THINKING"":2,""SK_CRM"":3,""SK_EMOTIONAL_INTELLIGENCE"":3,""SK_FEEDBACK"":3,""SK_LEADERSHIP"":2,""SK_MENTORING"":1,""SK_NEGOTIATION"":2,""SK_PROBLEM_SOLVING"":2,""SK_PRODUCT_KNOWLEDGE"":2,""SK_PROSPECTING"":4,""SK_PUBLIC_SPEAKING"":2,""SK_STAKEHOLDER_MGMT"":0,""SK_TEAMWORK"":2,""SK_TIME_MANAGEMENT"":3,""SK_WRITTEN_COMMUNICATION"":1},""last_review_date"":""2026-02-03""}"
employee,E0060,"{""employee_id"":""E0060"",""full_name"":""Olga Petrova"",""department"":""Product Management"",""role"":""Product Manager"",""grade"":""Lead"",""manager_id"":null,""hire_date"":""2021-10-18"",""tenure_months"":59,""work_format"":""office"",""preferred_language"":""kk"",""career_goal"":null,""skills"":{""SK_AB_TESTING"":3,""SK_ADAPTABILITY"":3,""SK_AGILE"":3,""SK_COMMUNICATION"":5,""SK_CONFLICT_RESOLUTION"":3,""SK_CRITICAL_THINKING"":3,""SK_EMOTIONAL_INTELLIGENCE"":3,""SK_FEEDBACK"":2,""SK_HR_ANALYTICS"":2,""SK_LEADERSHIP"":3,""SK_MENTORING"":4,""SK_ML_BASICS"":1,""SK_PROBLEM_SOLVING"":3,""SK_PRODUCT_ANALYTICS"":5,""SK_PRODUCT_DISCOVERY"":5,""SK_PROJECT_MGMT"":3,""SK_PUBLIC_SPEAKING"":4,""SK_REQUIREMENTS"":3,""SK_ROADMAPPING"":4,""SK_SQL"":2,""SK_STAKEHOLDER_MGMT"":4,""SK_TEAMWORK"":1,""SK_TIME_MANAGEMENT"":1,""SK_UX_RESEARCH"":4,""SK_WRITTEN_COMMUNICATION"":1},""last_review_date"":""2026-08-26""}"
employee,E0061,"{""employee_id"":""E0061"",""full_name"":""Alibek Kaliyev"",""department"":""Data \u0026 Analytics"",""role"":""Data Analyst"",""grade"":""Lead"",""manager_id"":""E0085"",""hire_date"":""2023-07-17"",""tenure_months"":38,""work_format"":""remote"",""preferred_language"":""kk"",""career_goal"":null,""skills"":{""SK_AB_TESTING"":4,""SK_ADAPTABILITY"":1,""SK_BI_TOOLS"":3,""SK_COMMUNICATION"":3,""SK_CONFLICT_RESOLUTION"":2,""SK_CRITICAL_THINKING"":3,""SK_DATA_MODELING"":2,""SK_DATA_VIZ"":4,""SK_EMOTIONAL_INTELLIGENCE"":1,""SK_FEEDBACK"":1,""SK_LEADERSHIP"":5,""SK_MENTORING"":4,""SK_ML_BASICS"":2,""SK_PROBLEM_SOLVING"":2,""SK_PRODUCT_ANALYTICS"":1,""SK_PUBLIC_SPEAKING"":3,""SK_PYTHON"":2,""SK_REACT"":2,""SK_SQL"":4,""SK_STAKEHOLDER_MGMT"":4,""SK_STATISTICS"":5,""SK_TEAMWORK"":3,""SK_TIME_MANAGEMENT"":2,""SK_WRITTEN_COMMUNICATION"":2},""last_review_date"":""2026-04-06""}"
employee,E0062,"{""employee_id"":""E0062"",""full_name"":""Dinara Dzhakupova"",""department"":""Sales"",""role"":""Sales Manager"",""grade"":""Middle"",""manager_id"":""E0148"",""hire_date"":""2022-06-22"",""tenure_months"":51,""work_format"":""office"",""preferred_language"":""ru"",""career_goal"":null,""skills"":{""SK_ACCOUNT_MGMT"":2,""SK_ADAPTABILITY"":2,""SK_COMMUNICATION"":2,""SK_CONFLICT_RESOLUTION"":2,""SK_CRITICAL_THINKING"":1,""SK_CRM"":2,""SK_EMOTIONAL_INTELLIGENCE"":2,""SK_FEEDBACK"":2,""SK_LEADERSHIP"":2,""SK_MENTORING"":1,""SK_NEGOTIATION"":4,""SK_PROBLEM_SOLVING"":2,""SK_PRODUCT_KNOWLEDGE"":3,""SK_PROSPECTING"":4,""SK_PUBLIC_SPEAKING"":2,""SK_STAKEHOLDER_MGMT"":2,""SK_TEAMWORK"":3,""SK_TIME_MANAGEMENT"":3,""SK_WRITTEN_COMMUNICATION"":1},""last_review_date"":""2026-03-16""}"
employee,E0063,"{""employee_id"":""E0063"",""full_name"":""Samat Baimukhanov"",""department"":""Quality Assurance"",""role"":""QA Engineer"",""grade"":""Lead"",""manager_id"":""E0179"",""hire_date"":""2023-08-29"",""tenure_months"":37,""work_format"":""office"",""preferred_language"":""kk"",""career_goal"":null,""skills"":{""SK_ADAPTABILITY"":3,""SK_API_TESTING"":3,""SK_CICD"":4,""SK_COMMUNICATION"":3,""SK_CONFLICT_RESOLUTION"":3,""SK_CRITICAL_THINKING"":3,""SK_EMOTIONAL_INTELLIGENCE"":2,""SK_FEEDBACK"":1,""SK_JAVA"":3,""SK_LEADERSHIP"":2,""SK_LOAD_TESTING"":5,""SK_MENTORING"":5,""SK_PROBLEM_SOLVING"":3,""SK_PUBLIC_SPEAKING"":2,""SK_SQL"":2,""SK_STAKEHOLDER_MGMT"":2,""SK_TEAMWORK"":3,""SK_TEST_AUTOMATION"":4,""SK_TEST_DESIGN"":3,""SK_TIME_MANAGEMENT"":1,""SK_WRITTEN_COMMUNICATION"":5},""last_review_date"":""2026-06-04""}"
employee,E0064,"{""employee_id"":""E0064"",""full_name"":""Natalia Kuznetsova"",""department"":""Backend Development"",""role"":""Backend Engineer"",""grade"":""Senior"",""manager_id"":""E0050"",""hire_date"":""2021-10-20"",""tenure_months"":59,""work_format"":""office"",""preferred_language"":""ru"",""career_goal"":{""target_role"":""Data Analyst"",""target_grade"":""Senior""},""skills"":{""SK_ADAPTABILITY"":2,""SK_API_DESIGN"":3,""SK_APP_SECURITY"":2,""SK_CICD"":2,""SK_CLOUD"":4,""SK_COMMUNICATION"":4,""SK_CONFLICT_RESOLUTION"":2,""SK_CONTAINERS"":3,""SK_CRITICAL_THINKING"":2,""SK_EMOTIONAL_INTELLIGENCE"":2,""SK_FEEDBACK"":3,""SK_LEADERSHIP"":2,""SK_MENTORING"":3,""SK_OBSERVABILITY"":2,""SK_PROBLEM_SOLVING"":5,""SK_PUBLIC_SPEAKING"":2,""SK_PYTHON"":4,""SK_SQL"":5,""SK_STAKEHOLDER_MGMT"":1,""SK_SYSTEM_DESIGN"":5,""SK_TEAMWORK"":4,""SK_TIME_MANAGEMENT"":1,""SK_WRITTEN_COMMUNICATION"":1},""last_review_date"":""2026-05-11""}"
employee,E0065,"{""employee_id"":""E0065"",""full_name"":""Madi Kassymov"",""department"":""Quality Assurance"",""role"":""QA Engineer"",""grade"":""Middle"",""manager_id"":""E0063"",""hire_date"":""2022-08-01"",""tenure_months"":50,""work_format"":""hybrid"",""preferred_language"":""en"",""career_goal"":{""target_role"":""QA Engineer"",""target_grade"":""Senior""},""skills"":{""SK_ADAPTABILITY"":2,""SK_API_TESTING"":4,""SK_CICD"":2,""SK_COMMUNICATION"":1,""SK_CONFLICT_RESOLUTION"":3,""SK_CRITICAL_THINKING"":2,""SK_EMOTIONAL_INTELLIGENCE"":3,""SK_FEEDBACK"":3,""SK_JAVA"":2,""SK_LEADERSHIP"":1,""SK_LOAD_TESTING"":0,""SK_MENTORING"":1,""SK_OBSERVABILITY"":2,""SK_PROBLEM_SOLVING"":2,""SK_PUBLIC_SPEAKING"":1,""SK_SQL"":1,""SK_STAKEHOLDER_MGMT"":2,""SK_TEAMWORK"":4,""SK_TEST_AUTOMATION"":2,""SK_TEST_DESIGN"":4,""SK_TIME_MANAGEMENT"":3,""SK_WRITTEN_COMMUNICATION"":2},""last_review_date"":""2026-03-19""}"
employee,E0066,"{""employee_id"":""E0066"",""full_name"":""Madina Utepova"",""department"":""Quality Assurance"",""role"":""QA Engineer"",""grade"":""Middle"",""manager_id"":""E0063"",""hire_date"":""2024-05-14"",""tenure_months"":28,""work_format"":""office"",""preferred_language"":""en"",""career_goal"":{""target_role"":""QA Engineer"",""target_grade"":""Senior""},""skills"":{""SK_ADAPTABILITY"":3,""SK_API_TESTING"":3,""SK_CICD"":0,""SK_COMMUNICATION"":3,""SK_CONFLICT_RESOLUTION"":2,""SK_CRITICAL_THINKING"":3,""SK_EMOTIONAL_INTELLIGENCE"":2,""SK_FEEDBACK"":3,""SK_JAVA"":1,""SK_LEADERSHIP"":1,""SK_LOAD_TESTING"":1,""SK_MENTORING"":0,""SK_PROBLEM_SOLVING"":2,""SK_PUBLIC_SPEAKING"":2,""SK_SQL"":1,""SK_STAKEHOLDER_MGMT"":3,""SK_TEAMWORK"":3,""SK_TEST_AUTOMATION"":2,""SK_TEST_DESIGN"":2,""SK_TIME_MANAGEMENT"":2,""SK_WRITTEN_COMMUNICATION"":2},""last_review_date"":""2026-04-27""}"
employee,E0067,"{""employee_id"":""E0067"",""full_name"":""Yerlan Nurlanov"",""department"":""Frontend Development"",""role"":""Frontend Engineer"",""grade"":""Middle"",""manager_id"":""E0006"",""hire_date"":""2024-10-16"",""tenure_months"":23,""work_format"":""hybrid"",""preferred_language"":""ru"",""career_goal"":{""target_role"":""Frontend Engineer"",""target_grade"":""Senior""},""skills"":{""SK_ACCESSIBILITY"":2,""SK_ADAPTABILITY"":3,""SK_API_DESIGN"":1,""SK_CICD"":0,""SK_COMMUNICATION"":3,""SK_CONFLICT_RESOLUTION"":2,""SK_CONTAINERS"":1,""SK_CRITICAL_THINKING"":2,""SK_EMOTIONAL_INTELLIGENCE"":2,""SK_FEEDBACK"":3,""SK_HTML_CSS"":2,""SK_JAVASCRIPT"":3,""SK_LEADERSHIP"":0,""SK_MENTORING"":0,""SK_PROBLEM_SOLVING"":2,""SK_PROSPECTING"":2,""SK_PUBLIC_SPEAKING"":2,""SK_REACT"":2,""SK_STAKEHOLDER_MGMT"":0,""SK_TEAMWORK"":1,""SK_TIME_MANAGEMENT"":2,""SK_TYPESCRIPT"":3,""SK_WEB_PERFORMANCE"":2,""SK_WRITTEN_COMMUNICATION"":2},""last_review_date"":""2026-02-13""}"
employee,E0068,"{""employee_id"":""E0068"",""full_name"":""Gulnara Seitkali"",""department"":""Frontend Development"",""role"":""Frontend Engineer"",""grade"":""Middle"",""manager_id"":""E0006"",""hire_date"":""2025-06-02"",""tenure_months"":15,""work_format"":""hybrid"",""preferred_language"":""kk"",""career_goal"":null,""skills"":{""SK_ACCESSIBILITY"":2,""SK_ADAPTABILITY"":2,""SK_AGILE"":1,""SK_API_DESIGN"":1,""SK_CICD"":1,""SK_COMMUNICATION"":2,""SK_CONFLICT_RESOLUTION"":2,""SK_CRITICAL_THINKING"":3,""SK_EMOTIONAL_INTELLIGENCE"":2,""SK_FEEDBACK"":2,""SK_HR_ANALYTICS"":2,""SK_HTML_CSS"":2,""SK_JAVASCRIPT"":4,""SK_LEADERSHIP"":0,""SK_MENTORING"":0,""SK_PROBLEM_SOLVING"":3,""SK_PUBLIC_SPEAKING"":2,""SK_REACT"":3,""SK_STAKEHOLDER_MGMT"":0,""SK_TEAMWORK"":4,""SK_TIME_MANAGEMENT"":3,""SK_TYPESCRIPT"":2,""SK_WEB_PERFORMANCE"":2,""SK_WRITTEN_COMMUNICATION"":3},""last_review_date"":""2026-01-05""}"
employee,E0069,"{""employee_id"":""E0069"",""full_name"":""Zhanna Bekova"",""department"":""Backend Development"",""role"":""Backend Engineer"",""grade"":""Middle"",""manager_id"":""E0175"",""hire_date"":""2023-09-20"",""tenure_months"":36,""work_format"":""hybrid"",""preferred_language"":""en"",""career_goal"":{""target_role"":""Backend Engineer"",""target_grade"":""Senior""},""skills"":{""SK_ADAPTABILITY"":2,""SK_AGILE"":1,""SK_API_DESIGN"":3,""SK_APP_SECURITY"":3,""SK_CICD"":1,""SK_CLOUD"":3,""SK_COMMUNICATION"":3,""SK_CONFLICT_RESOLUTION"":2,""SK_CONTAINERS"":3,""SK_CRITICAL_THINKING"":1,""SK_EMOTIONAL_INTELLIGENCE"":2,""SK_FEEDBACK"":2,""SK_LEADERSHIP"":0,""SK_MENTORING"":0,""SK_OBSERVABILITY"":3,""SK_PROBLEM_SOLVING"":3,""SK_PUBLIC_SPEAKING"":2,""SK_PYTHON"":4,""SK_SQL"":4,""SK_STAKEHOLDER_MGMT"":0,""SK_SYSTEM_DESIGN"":1,""SK_TEAMWORK"":2,""SK_TIME_MANAGEMENT"":1,""SK_TYPESCRIPT"":2,""SK_WRITTEN_COMMUNICATION"":2},""last_review_date"":""2026-04-03""}"
employee,E0070,"{""employee_id"":""E0070"",""full_name"":""Daniyar Omarov"",""department"":""Customer Support"",""role"":""Customer Support Specialist"",""grade"":""Senior"",""manager_id"":""E0180"",""hire_date"":""2022-11-30"",""tenure_months"":46,""work_format"":""hybrid"",""preferred_language"":""kk"",""career_goal"":{""target_role"":""Customer Support Specialist"",""target_grade"":""Lead""},""skills"":{""SK_ADAPTABILITY"":4,""SK_CICD"":2,""SK_COMMUNICATION"":4,""SK_CONFLICT_RESOLUTION"":2,""SK_CRITICAL_THINKING"":1,""SK_CRM"":4,""SK_CUSTOMER_SERVICE"":5,""SK_EMOTIONAL_INTELLIGENCE"":4,""SK_FEEDBACK"":0,""SK_LEADERSHIP"":1,""SK_MENTORING"":3,""SK_PROBLEM_SOLVING"":2,""SK_PRODUCT_KNOWLEDGE"":3,""SK_PUBLIC_SPEAKING"":2,""SK_STAKEHOLDER_MGMT"":3,""SK_TEAMWORK"":2,""SK_TIME_MANAGEMENT"":2,""SK_TROUBLESHOOTING"":3,""SK_WRITTEN_COMMUNICATION"":2},""last_review_date"":""2026-05-27""}"
employee,E0071,"{""employee_id"":""E0071"",""full_name"":""Nurlan Kaliyev"",""department"":""Product Management"",""role"":""Product Manager"",""grade"":""Middle"",""manager_id"":""E0055"",""hire_date"":""2022-11-14"",""tenure_months"":46,""work_format"":""office"",""preferred_language"":""kk"",""career_goal"":null,""skills"":{""SK_AB_TESTING"":0,""SK_ADAPTABILITY"":3,""SK_AGILE"":3,""SK_COMMUNICATION"":2,""SK_CONFLICT_RESOLUTION"":2,""SK_CRITICAL_THINKING"":2,""SK_EMOTIONAL_INTELLIGENCE"":1,""SK_FEEDBACK"":2,""SK_LEADERSHIP"":1,""SK_MENTORING"":1,""SK_PROBLEM_SOLVING"":1,""SK_PRODUCT_ANALYTICS"":3,""SK_PRODUCT_DISCOVERY"":4,""SK_PROJECT_MGMT"":1,""SK_PUBLIC_SPEAKING"":1,""SK_REACT"":1,""SK_REQUIREMENTS"":1,""SK_ROADMAPPING"":3,""SK_SQL"":1,""SK_STAKEHOLDER_MGMT"":3,""SK_TEAMWORK"":2,""SK_TIME_MANAGEMENT"":2,""SK_UX_RESEARCH"":2,""SK_WRITTEN_COMMUNICATION"":2},""last_review_date"":""2026-02-27""}"
employee,E0072,"{""employee_id"":""E0072"",""full_name"":""Botagoz Abenova"",""department"":""Quality Assurance"",""role"":""QA Engineer"",""grade"":""Middle"",""manager_id"":""E0063"",""hire_date"":""2024-04-15"",""tenure_months"":29,""work_format"":""office"",""preferred_language"":""ru"",""career_goal"":null,""skills"":{""SK_ADAPTABILITY"":3,""SK_API_TESTING"":3,""SK_CICD"":2,""SK_COMMUNICATION"":3,""SK_CONFLICT_RESOLUTION"":1,""SK_CRITICAL_THINKING"":2,""SK_EMOTIONAL_INTELLIGENCE"":3,""SK_FEEDBACK"":3,""SK_JAVA"":0,""SK_LABOR_LAW"":1,""SK_LEADERSHIP"":1,""SK_LOAD_TESTING"":1,""SK_MENTORING"":2,""SK_PROBLEM_SOLVING"":3,""SK_PUBLIC_SPEAKING"":3,""SK_SQL"":2,""SK_STAKEHOLDER_MGMT"":1,""SK_TEAMWORK"":3,""SK_TEST_AUTOMATION"":1,""SK_TEST_DESIGN"":3,""SK_TIME_MANAGEMENT"":3,""SK_WRITTEN_COMMUNICATION"":1},""last_review_date"":""2026-09-22""}"
employee,E0073,"{""employee_id"":""E0073"",""full_name"":""Maxim Pavlov"",""department"":""Data \u0026 Analytics"",""role"":""Data Analyst"",""grade"":""Senior"",""manager_id"":""E0061"",""hire_date"":""2022-08-29"",""tenure_months"":49,""work_format"":""office"",""preferred_language"":""ru"",""career_goal"":{""target_role"":""Data Analyst"",""target_grade"":""Lead""},""skills"":{""SK_AB_TESTING"":3,""SK_ADAPTABILITY"":3,""SK_BI_TOOLS"":3,""SK_COMMUNICATION"":3,""SK_CONFLICT_RESOLUTION"":2,""SK_CRITICAL_THINKING"":4,""SK_DATA_MODELING"":2,""SK_DATA_VIZ"":4,""SK_EMOTIONAL_INTELLIGENCE"":2,""SK_FEEDBACK"":2,""SK_LABOR_LAW"":1,""SK_LEADERSHIP"":3,""SK_MENTORING"":2,""SK_ML_BASICS"":2,""SK_PROBLEM_SOLVING"":3,""SK_PRODUCT_ANALYTICS"":2,""SK_PROSPECTING"":1,""SK_PUBLIC_SPEAKING"":3,""SK_PYTHON"":3,""SK_SQL"":3,""SK_STAKEHOLDER_MGMT"":3,""SK_STATISTICS"":3,""SK_TEAMWORK"":3,""SK_TIME_MANAGEMENT"":1,""SK_WRITTEN_COMMUNICATION"":2},""last_review_date"":""2026-06-29""}"
employee,E0074,"{""employee_id"":""E0074"",""full_name"":""Ksenia Lebedeva"",""department"":""Product Management"",""role"":""Product Manager"",""grade"":""Middle"",""manager_id"":""E0055"",""hire_date"":""2022-04-20"",""tenure_months"":53,""work_format"":""office"",""preferred_language"":""kk"",""career_goal"":{""target_role"":""Product Manager"",""target_grade"":""Senior""},""skills"":{""SK_AB_TESTING"":0,""SK_ADAPTABILITY"":2,""SK_AGILE"":2,""SK_COMMUNICATION"":2,""SK_CONFLICT_RESOLUTION"":1,""SK_CRITICAL_THINKING"":4,""SK_DATA_MODELING"":2,""SK_EMOTIONAL_INTELLIGENCE"":1,""SK_FEEDBACK"":3,""SK_LEADERSHIP"":1,""SK_MENTORING"":0,""SK_NEGOTIATION"":1,""SK_PROBLEM_SOLVING"":3,""SK_PRODUCT_ANALYTICS"":2,""SK_PRODUCT_DISCOVERY"":2,""SK_PROJECT_MGMT"":1,""SK_PUBLIC_SPEAKING"":3,""SK_REQUIREMENTS"":3,""SK_ROADMAPPING"":1,""SK_SQL"":2,""SK_STAKEHOLDER_MGMT"":2,""SK_TEAMWORK"":2,""SK_TIME_MANAGEMENT"":2,""SK_UX_RESEARCH"":1,""SK_WRITTEN_COMMUNICATION"":3},""last_review_date"":""2026-09-16""}"
employee,E0075,"{""employee_id"":""E0075"",""full_name"":""Yulia Volkova"",""department"":""Frontend Development"",""role"":""Frontend Engineer"",""grade"":""Senior"",""manager_id"":""E0044"",""hire_date"":""2018-10-22"",""tenure_months"":95,""work_format"":""office"",""preferred_language"":""kk"",""career_goal"":null,""skills"":{""SK_ACCESSIBILITY"":2,""SK_ADAPTABILITY"":3,""SK_API_DESIGN"":2,""SK_CICD"":2,""SK_COMMUNICATION"":3,""SK_CONFLICT_RESOLUTION"":1,""SK_CRITICAL_THINKING"":2,""SK_EMOTIONAL_INTELLIGENCE"":3,""SK_FEEDBACK"":2,""SK_HTML_CSS"":2,""SK_JAVASCRIPT"":2,""SK_LEADERSHIP"":1,""SK_MENTORING"":3,""SK_PROBLEM_SOLVING"":2,""SK_PUBLIC_SPEAKING"":1,""SK_REACT"":2,""SK_STAKEHOLDER_MGMT"":2,""SK_TEAMWORK"":4,""SK_TIME_MANAGEMENT"":3,""SK_TYPESCRIPT"":4,""SK_WEB_PERFORMANCE"":4,""SK_WRITTEN_COMMUNICATION"":1},""last_review_date"":""2026-04-09""}"
employee,E0076,"{""employee_id"":""E0076"",""full_name"":""Andrey Sokolov"",""department"":""Quality Assurance"",""role"":""QA Engineer"",""grade"":""Junior"",""manager_id"":""E0179"",""hire_date"":""2026-08-24"",""tenure_months"":1,""work_format"":""office"",""preferred_language"":""ru"",""career_goal"":{""target_role"":""QA Engineer"",""target_grade"":""Middle""},""skills"":{""SK_ADAPTABILITY"":3,""SK_API_TESTING"":1,""SK_CICD"":1,""SK_COMMUNICATION"":2,""SK_CONFLICT_RESOLUTION"":2,""SK_CRITICAL_THINKING"":2,""SK_EMOTIONAL_INTELLIGENCE"":3,""SK_FEEDBACK"":1,""SK_JAVA"":2,""SK_LEADERSHIP"":2,""SK_LOAD_TESTING"":1,""SK_MENTORING"":0,""SK_PROBLEM_SOLVING"":3,""SK_PUBLIC_SPEAKING"":1,""SK_SQL"":1,""SK_STAKEHOLDER_MGMT"":2,""SK_TEAMWORK"":1,""SK_TEST_AUTOMATION"":2,""SK_TEST_DESIGN"":2,""SK_TIME_MANAGEMENT"":1,""SK_WRITTEN_COMMUNICATION"":3},""last_review_date"":""2026-09-08""}"
employee,E0077,"{""employee_id"":""E0077"",""full_name"":""Aizhan Ismailova"",""department"":""Human Resources"",""role"":""HR Business Partner"",""grade"":""Junior"",""manager_id"":""E0133"",""hire_date"":""2025-09-15"",""tenure_months"":12,""work_format"":""office"",""preferred_language"":""ru"",""career_goal"":{""target_role"":""HR Business Partner"",""target_grade"":""Middle""},""skills"":{""SK_ACCOUNT_MGMT"":1,""SK_ADAPTABILITY"":1,""SK_COMMUNICATION"":3,""SK_COMPENSATION"":1,""SK_CONFLICT_RESOLUTION"":2,""SK_CRITICAL_THINKING"":1,""SK_EMOTIONAL_INTELLIGENCE"":1,""SK_EMPLOYEE_RELATIONS"":0,""SK_FEEDBACK"":0,""SK_HR_ANALYTICS"":2,""SK_LABOR_LAW"":1,""SK_LEADERSHIP"":2,""SK_LEARNING_DESIGN"":2,""SK_MENTORING"":2,""SK_PROBLEM_SOLVING"":1,""SK_PUBLIC_SPEAKING"":2,""SK_STAKEHOLDER_MGMT"":0,""SK_TALENT_ACQUISITION"":1,""SK_TEAMWORK"":3,""SK_TEST_AUTOMATION"":1,""SK_TIME_MANAGEMENT"":2,""SK_WRITTEN_COMMUNICATION"":1},""last_review_date"":""2026-02-12""}"
employee,E0078,"{""employee_id"":""E0078"",""full_name"":""Roman Pavlov"",""department"":""Customer Support"",""role"":""Customer Support Specialist"",""grade"":""Junior"",""manager_id"":""E0035"",""hire_date"":""2024-11-11"",""tenure_months"":22,""work_format"":""hybrid"",""preferred_language"":""kk"",""career_goal"":{""target_role"":""Customer Support Specialist"",""target_grade"":""Middle""},""skills"":{""SK_ADAPTABILITY"":0,""SK_COMMUNICATION"":1,""SK_CONFLICT_RESOLUTION"":1,""SK_CRITICAL_THINKING"":3,""SK_CRM"":1,""SK_CUSTOMER_SERVICE"":3,""SK_EMOTIONAL_INTELLIGENCE"":2,""SK_FEEDBACK"":0,""SK_LEADERSHIP"":1,""SK_MENTORING"":0,""SK_PROBLEM_SOLVING"":2,""SK_PRODUCT_ANALYTICS"":1,""SK_PRODUCT_KNOWLEDGE"":1,""SK_PUBLIC_SPEAKING"":3,""SK_SQL"":1,""SK_STAKEHOLDER_MGMT"":3,""SK_TEAMWORK"":2,""SK_TIME_MANAGEMENT"":3,""SK_TROUBLESHOOTING"":0,""SK_WRITTEN_COMMUNICATION"":2},""last_review_date"":""2026-03-03""}"
employee,E0079,"{""employee_id"":""E0079"",""full_name"":""Indira Baimukhanova"",""department"":""Sales"",""role"":""Sales Manager"",""grade"":""Junior"",""manager_id"":""E0169"",""hire_date"":""2024-10-14"",""tenure_months"":23,""work_format"":""office"",""preferred_language"":""ru"",""career_goal"":null,""skills"":{""SK_ACCOUNT_MGMT"":1,""SK_ADAPTABILITY"":3,""SK_COMMUNICATION"":3,""SK_CONFLICT_RESOLUTION"":2,""SK_CRITICAL_THINKING"":1,""SK_CRM"":2,""SK_EMOTIONAL_INTELLIGENCE"":3,""SK_FEEDBACK"":2,""SK_LEADERSHIP"":2,""SK_MENTORING"":2,""SK_NEGOTIATION"":1,""SK_PROBLEM_SOLVING"":3,""SK_PRODUCT_KNOWLEDGE"":2,""SK_PROSPECTING"":1,""SK_PUBLIC_SPEAKING"":2,""SK_STAKEHOLDER_MGMT"":1,""SK_TEAMWORK"":3,""SK_TIME_MANAGEMENT"":1,""SK_WRITTEN_COMMUNICATION"":3},""last_review_date"":""2026-07-27""}"
employee,E0080,"{""employee_id"":""E0080"",""full_name"":""Natalia Petrova"",""department"":""Data \u0026 Analytics"",""role"":""Data Analyst"",""grade"":""Senior"",""manager_id"":""E0061"",""hire_date"":""2018-08-15"",""tenure_months"":97,""work_format"":""hybrid"",""preferred_language"":""ru"",""career_goal"":{""target_role"":""Data Analyst"",""target_grade"":""Lead""},""skills"":{""SK_AB_TESTING"":3,""SK_ADAPTABILITY"":2,""SK_BI_TOOLS"":3,""SK_COMMUNICATION"":2,""SK_CONFLICT_RESOLUTION"":2,""SK_CRITICAL_THINKING"":2,""SK_DATA_MODELING"":4,""SK_DATA_VIZ"":5,""SK_EMOTIONAL_INTELLIGENCE"":2,""SK_FEEDBACK"":3,""SK_LEADERSHIP"":2,""SK_MENTORING"":1,""SK_ML_BASICS"":2,""SK_PROBLEM_SOLVING"":2,""SK_PRODUCT_ANALYTICS"":3,""SK_PUBLIC_SPEAKING"":2,""SK_PYTHON"":3,""SK_SQL"":2,""SK_STAKEHOLDER_MGMT"":2,""SK_STATISTICS"":3,""SK_TEAMWORK"":2,""SK_TIME_MANAGEMENT"":2,""SK_WRITTEN_COMMUNICATION"":1},""last_review_date"":""2026-05-14""}"
employee,E0081,"{""employee_id"":""E0081"",""full_name"":""Nurlan Zhaksylykov"",""department"":""Customer Support"",""role"":""Customer Support Specialist"",""grade"":""Middle"",""manager_id"":""E0035"",""hire_date"":""2023-12-29"",""tenure_months"":33,""work_format"":""hybrid"",""preferred_language"":""kk"",""career_goal"":{""target_role"":""Customer Support Specialist"",""target_grade"":""Senior""},""skills"":{""SK_ADAPTABILITY"":3,""SK_API_DESIGN"":1,""SK_COMMUNICATION"":3,""SK_CONFLICT_RESOLUTION"":1,""SK_CRITICAL_THINKING"":3,""SK_CRM"":2,""SK_CUSTOMER_SERVICE"":1,""SK_EMOTIONAL_INTELLIGENCE"":2,""SK_FEEDBACK"":1,""SK_LEADERSHIP"":2,""SK_MENTORING"":0,""SK_PROBLEM_SOLVING"":3,""SK_PRODUCT_KNOWLEDGE"":4,""SK_PUBLIC_SPEAKING"":2,""SK_STAKEHOLDER_MGMT"":3,""SK_TEAMWORK"":3,""SK_TIME_MANAGEMENT"":3,""SK_TROUBLESHOOTING"":1,""SK_WEB_PERFORMANCE"":1,""SK_WRITTEN_COMMUNICATION"":3},""last_review_date"":""2026-08-14""}"
employee,E0082,"{""employee_id"":""E0082"",""full_name"":""Roman Popov"",""department"":""Frontend Development"",""role"":""Frontend Engineer"",""grade"":""Middle"",""manager_id"":""E0044"",""hire_date"":""2025-03-27"",""tenure_months"":18,""work_format"":""office"",""preferred_language"":""ru"",""career_goal"":{""target_role"":""Frontend Engineer"",""target_grade"":""Senior""},""skills"":{""SK_ACCESSIBILITY"":2,""SK_ADAPTABILITY"":1,""SK_API_DESIGN"":0,""SK_CICD"":1,""SK_COMMUNICATION"":3,""SK_CONFLICT_RESOLUTION"":1,""SK_CRITICAL_THINKING"":1,""SK_EMOTIONAL_INTELLIGENCE"":1,""SK_FEEDBACK"":2,""SK_HTML_CSS"":2,""SK_JAVASCRIPT"":4,""SK_LEADERSHIP"":1,""SK_MENTORING"":2,""SK_OBSERVABILITY"":1,""SK_PROBLEM_SOLVING"":4,""SK_PUBLIC_SPEAKING"":1,""SK_REACT"":3,""SK_STAKEHOLDER_MGMT"":1,""SK_STATISTICS"":1,""SK_TEAMWORK"":2,""SK_TIME_MANAGEMENT"":2,""SK_TYPESCRIPT"":2,""SK_WEB_PERFORMANCE"":1,""SK_WRITTEN_COMMUNICATION"":1},""last_review_date"":""2026-01-05""}"
employee,E0083,"{""employee_id"":""E0083"",""full_name"":""Kirill Smirnov"",""department"":""Customer Support"",""role"":""Customer Support Specialist"",""grade"":""Senior"",""manager_id"":""E0035"",""hire_date"":""2025-01-30"",""tenure_months"":20,""work_format"":""hybrid"",""preferred_language"":""ru"",""career_goal"":null,""skills"":{""SK_ADAPTABILITY"":4,""SK_COMMUNICATION"":4,""SK_CONFLICT_RESOLUTION"":3,""SK_CRITICAL_THINKING"":2,""SK_CRM"":2,""SK_CUSTOMER_SERVICE"":5,""SK_EMOTIONAL_INTELLIGENCE"":2,""SK_FEEDBACK"":3,""SK_JAVASCRIPT"":1,""SK_LEADERSHIP"":3,""SK_MENTORING"":1,""SK_PROBLEM_SOLVING"":3,""SK_PRODUCT_DISCOVERY"":2,""SK_PRODUCT_KNOWLEDGE"":4,""SK_PUBLIC_SPEAKING"":1,""SK_STAKEHOLDER_MGMT"":2,""SK_TEAMWORK"":1,""SK_TIME_MANAGEMENT"":2,""SK_TROUBLESHOOTING"":3,""SK_WRITTEN_COMMUNICATION"":3},""last_review_date"":""2026-06-17""}"
employee,E0084,"{""employee_id"":""E0084"",""full_name"":""Arman Nurlanov"",""department"":""Human Resources"",""role"":""HR Business Partner"",""grade"":""Junior"",""manager_id"":""E0133"",""hire_date"":""2026-06-18"",""tenure_months"":3,""work_format"":""hybrid"",""preferred_language"":""kk"",""career_goal"":{""target_role"":""HR Business Partner"",""target_grade"":""Middle""},""skills"":{""SK_ADAPTABILITY"":2,""SK_COMMUNICATION"":4,""SK_COMPENSATION"":1,""SK_CONFLICT_RESOLUTION"":1,""SK_CRITICAL_THINKING"":1,""SK_EMOTIONAL_INTELLIGENCE"":1,""SK_EMPLOYEE_RELATIONS"":1,""SK_FEEDBACK"":0,""SK_HR_ANALYTICS"":2,""SK_JAVA"":1,""SK_LABOR_LAW"":2,""SK_LEADERSHIP"":1,""SK_LEARNING_DESIGN"":2,""SK_MENTORING"":1,""SK_PROBLEM_SOLVING"":3,""SK_PUBLIC_SPEAKING"":0,""SK_STAKEHOLDER_MGMT"":1,""SK_TALENT_ACQUISITION"":2,""SK_TEAMWORK"":1,""SK_TIME_MANAGEMENT"":3,""SK_WRITTEN_COMMUNICATION"":3},""last_review_date"":""2026-06-24""}"
employee,E0085,"{""employee_id"":""E0085"",""full_name"":""Zarina Tulegenova"",""department"":""Data \u0026 Analytics"",""role"":""Data Analyst"",""grade"":""Lead"",""manager_id"":null,""hire_date"":""2018-05-23"",""tenure_months"":100,""work_format"":""hybrid"",""preferred_language"":""ru"",""career_goal"":null,""skills"":{""SK_AB_TESTING"":2,""SK_ADAPTABILITY"":3,""SK_BI_TOOLS"":4,""SK_COMMUNICATION"":5,""SK_CONFLICT_RESOLUTION"":1,""SK_CRITICAL_THINKING"":4,""SK_DATA_MODELING"":3,""SK_DATA_VIZ"":4,""SK_EMOTIONAL_INTELLIGENCE"":2,""SK_FEEDBACK"":2,""SK_LEADERSHIP"":4,""SK_MENTORING"":5,""SK_ML_BASICS"":3,""SK_OBSERVABILITY"":2,""SK_PROBLEM_SOLVING"":2,""SK_PRODUCT_ANALYTICS"":2,""SK_PUBLIC_SPEAKING"":2,""SK_PYTHON"":4,""SK_SQL"":3,""SK_STAKEHOLDER_MGMT"":2,""SK_STATISTICS"":4,""SK_TEAMWORK"":3,""SK_TIME_MANAGEMENT"":1,""SK_WRITTEN_COMMUNICATION"":3},""last_review_date"":""2026-08-20""}"
employee,E0086,"{""employee_id"":""E0086"",""full_name"":""Maxim Sokolov"",""department"":""Customer Support"",""role"":""Customer Support Specialist"",""grade"":""Junior"",""manager_id"":""E0180"",""hire_date"":""2025-05-26"",""tenure_months"":16,""work_format"":""office"",""preferred_language"":""kk"",""career_goal"":{""target_role"":""Customer Support Specialist"",""target_grade"":""Middle""},""skills"":{""SK_ADAPTABILITY"":0,""SK_COMMUNICATION"":2,""SK_CONFLICT_RESOLUTION"":2,""SK_CRITICAL_THINKING"":3,""SK_CRM"":0,""SK_CUSTOMER_SERVICE"":2,""SK_EMOTIONAL_INTELLIGENCE"":2,""SK_FEEDBACK"":1,""SK_LEADERSHIP"":0,""SK_MENTORING"":1,""SK_PROBLEM_SOLVING"":1,""SK_PRODUCT_KNOWLEDGE"":1,""SK_PUBLIC_SPEAKING"":2,""SK_STAKEHOLDER_MGMT"":2,""SK_TEAMWORK"":1,""SK_TIME_MANAGEMENT"":1,""SK_TROUBLESHOOTING"":0,""SK_WRITTEN_COMMUNICATION"":2},""last_review_date"":""2026-09-23""}"
employee,E0087,"{""employee_id"":""E0087"",""full_name"":""Maxim Smirnov"",""department"":""Backend Development"",""role"":""Backend Engineer"",""grade"":""Middle"",""manager_id"":""E0175"",""hire_date"":""2025-04-15"",""tenure_months"":17,""work_format"":""office"",""preferred_language"":""ru"",""career_goal"":{""target_role"":""Data Analyst"",""target_grade"":""Middle""},""skills"":{""SK_ACCESSIBILITY"":2,""SK_ADAPTABILITY"":2,""SK_API_DESIGN"":2,""SK_APP_SECURITY"":1,""SK_CICD"":0,""SK_CLOUD"":1,""SK_COMMUNICATION"":3,""SK_CONFLICT_RESOLUTION"":2,""SK_CONTAINERS"":2,""SK_CRITICAL_THINKING"":1,""SK_EMOTIONAL_INTELLIGENCE"":2,""SK_FEEDBACK"":2,""SK_LEADERSHIP"":2,""SK_MENTORING"":0,""SK_OBSERVABILITY"":2,""SK_PROBLEM_SOLVING"":3,""SK_PUBLIC_SPEAKING"":2,""SK_PYTHON"":3,""SK_SQL"":4,""SK_STAKEHOLDER_MGMT"":0,""SK_SYSTEM_DESIGN"":3,""SK_TEAMWORK"":1,""SK_TIME_MANAGEMENT"":3,""SK_WRITTEN_COMMUNICATION"":3},""last_review_date"":""2026-03-05""}"
employee,E0088,"{""employee_id"":""E0088"",""full_name"":""Rustem Seitkali"",""department"":""Backend Development"",""role"":""Backend Engineer"",""grade"":""Senior"",""manager_id"":""E0175"",""hire_date"":""2019-04-22"",""tenure_months"":89,""work_format"":""remote"",""preferred_language"":""kk"",""career_goal"":{""target_role"":""Backend Engineer"",""target_grade"":""Lead""},""skills"":{""SK_ADAPTABILITY"":2,""SK_API_DESIGN"":3,""SK_APP_SECURITY"":3,""SK_CICD"":4,""SK_CLOUD"":3,""SK_COMMUNICATION"":3,""SK_CONFLICT_RESOLUTION"":2,""SK_CONTAINERS"":2,""SK_CRITICAL_THINKING"":1,""SK_EMOTIONAL_INTELLIGENCE"":2,""SK_FEEDBACK"":3,""SK_LEADERSHIP"":1,""SK_MENTORING"":3,""SK_OBSERVABILITY"":4,""SK_PROBLEM_SOLVING"":4,""SK_PUBLIC_SPEAKING"":1,""SK_PYTHON"":4,""SK_SQL"":4,""SK_STAKEHOLDER_MGMT"":2,""SK_SYSTEM_DESIGN"":4,""SK_TEAMWORK"":3,""SK_TEST_DESIGN"":1,""SK_TIME_MANAGEMENT"":3,""SK_WRITTEN_COMMUNICATION"":1},""last_review_date"":""2026-05-13""}"
employee,E0089,"{""employee_id"":""E0089"",""full_name"":""Madina Temirkhanova"",""department"":""Sales"",""role"":""Sales Manager"",""grade"":""Junior"",""manager_id"":""E0148"",""hire_date"":""2025-12-01"",""tenure_months"":10,""work_format"":""hybrid"",""preferred_language"":""kk"",""career_goal"":{""target_role"":""Sales Manager"",""target_grade"":""Middle""},""skills"":{""SK_ACCOUNT_MGMT"":1,""SK_ADAPTABILITY"":3,""SK_COMMUNICATION"":4,""SK_CONFLICT_RESOLUTION"":2,""SK_CRITICAL_THINKING"":2,""SK_CRM"":1,""SK_EMOTIONAL_INTELLIGENCE"":1,""SK_FEEDBACK"":2,""SK_LEADERSHIP"":1,""SK_MENTORING"":1,""SK_NEGOTIATION"":1,""SK_PROBLEM_SOLVING"":1,""SK_PRODUCT_KNOWLEDGE"":3,""SK_PROSPECTING"":1,""SK_PUBLIC_SPEAKING"":2,""SK_STAKEHOLDER_MGMT"":2,""SK_TEAMWORK"":3,""SK_TIME_MANAGEMENT"":1,""SK_WRITTEN_COMMUNICATION"":3},""last_review_date"":""2026-09-21""}"
employee,E0090,"{""employee_id"":""E0090"",""full_name"":""Irina Smirnova"",""department"":""Data \u0026 Analytics"",""role"":""Data Analyst"",""grade"":""Middle"",""manager_id"":""E0061"",""hire_date"":""2025-06-24"",""tenure_months"":15,""work_format"":""office"",""preferred_language"":""ru"",""career_goal"":{""target_role"":""Data Analyst"",""target_grade"":""Senior""},""skills"":{""SK_AB_TESTING"":1,""SK_ADAPTABILITY"":1,""SK_BI_TOOLS"":3,""SK_COMMUNICATION"":4,""SK_CONFLICT_RESOLUTION"":2,""SK_CRITICAL_THINKING"":1,""SK_DATA_MODELING"":2,""SK_DATA_VIZ"":4,""SK_EMOTIONAL_INTELLIGENCE"":2,""SK_FEEDBACK"":1,""SK_LEADERSHIP"":1,""SK_MENTORING"":1,""SK_ML_BASICS"":1,""SK_PROBLEM_SOLVING"":3,""SK_PRODUCT_ANALYTICS"":0,""SK_PUBLIC_SPEAKING"":0,""SK_PYTHON"":1,""SK_SQL"":3,""SK_STAKEHOLDER_MGMT"":3,""SK_STATISTICS"":2,""SK_TEAMWORK"":2,""SK_TIME_MANAGEMENT"":3,""SK_WRITTEN_COMMUNICATION"":3},""last_review_date"":""2026-07-27""}"
employee,E0091,"{""employee_id"":""E0091"",""full_name"":""Pavel Kozlov"",""department"":""Quality Assurance"",""role"":""QA Engineer"",""grade"":""Senior"",""manager_id"":""E0063"",""hire_date"":""2024-05-28"",""tenure_months"":28,""work_format"":""hybrid"",""preferred_language"":""kk"",""career_goal"":null,""skills"":{""SK_ADAPTABILITY"":2,""SK_API_TESTING"":5,""SK_CICD"":1,""SK_COMMUNICATION"":3,""SK_CONFLICT_RESOLUTION"":2,""SK_CRITICAL_THINKING"":2,""SK_EMOTIONAL_INTELLIGENCE"":2,""SK_FEEDBACK"":2,""SK_JAVA"":2,""SK_LEADERSHIP"":3,""SK_LOAD_TESTING"":3,""SK_MENTORING"":2,""SK_PROBLEM_SOLVING"":3,""SK_PUBLIC_SPEAKING"":3,""SK_SQL"":2,""SK_STAKEHOLDER_MGMT"":2,""SK_TEAMWORK"":2,""SK_TEST_AUTOMATION"":3,""SK_TEST_DESIGN"":4,""SK_TIME_MANAGEMENT"":2,""SK_WRITTEN_COMMUNICATION"":2},""last_review_date"":""2026-04-15""}"
employee,E0092,"{""employee_id"":""E0092"",""full_name"":""Daniyar Sadykov"",""department"":""Backend Development"",""role"":""Backend Engineer"",""grade"":""Middle"",""manager_id"":""E0175"",""hire_date"":""2024-10-11"",""tenure_months"":23,""work_format"":""office"",""preferred_language"":""en"",""career_goal"":null,""skills"":{""SK_ADAPTABILITY"":2,""SK_API_DESIGN"":4,""SK_APP_SECURITY"":1,""SK_CICD"":1,""SK_CLOUD"":2,""SK_COMMUNICATION"":3,""SK_CONFLICT_RESOLUTION"":3,""SK_CONTAINERS"":1,""SK_CRITICAL_THINKING"":2,""SK_EMOTIONAL_INTELLIGENCE"":3,""SK_FEEDBACK"":1,""SK_JAVA"":2,""SK_LEADERSHIP"":1,""SK_MENTORING"":2,""SK_OBSERVABILITY"":2,""SK_PROBLEM_SOLVING"":1,""SK_PUBLIC_SPEAKING"":1,""SK_PYTHON"":3,""SK_SQL"":4,""SK_STAKEHOLDER_MGMT"":1,""SK_SYSTEM_DESIGN"":3,""SK_TEAMWORK"":2,""SK_TEST_AUTOMATION"":2,""SK_TIME_MANAGEMENT"":1,""SK_WRITTEN_COMMUNICATION"":3},""last_review_date"":""2026-05-11""}"
employee,E0093,"{""employee_id"":""E0093"",""full_name"":""Aizhan Zhaksylykova"",""department"":""Customer Support"",""role"":""Customer Support Specialist"",""grade"":""Middle"",""manager_id"":""E0035"",""hire_date"":""2022-08-31"",""tenure_months"":49,""work_format"":""hybrid"",""preferred_language"":""kk"",""career_goal"":{""target_role"":""QA Engineer"",""target_grade"":""Middle""},""skills"":{""SK_ADAPTABILITY"":1,""SK_COMMUNICATION"":2,""SK_CONFLICT_RESOLUTION"":2,""SK_CRITICAL_THINKING"":2,""SK_CRM"":0,""SK_CUSTOMER_SERVICE"":2,""SK_EMOTIONAL_INTELLIGENCE"":2,""SK_FEEDBACK"":0,""SK_LEADERSHIP"":1,""SK_MENTORING"":1,""SK_PROBLEM_SOLVING"":2,""SK_PRODUCT_KNOWLEDGE"":2,""SK_PUBLIC_SPEAKING"":2,""SK_REQUIREMENTS"":1,""SK_STAKEHOLDER_MGMT"":3,""SK_TEAMWORK"":3,""SK_TIME_MANAGEMENT"":2,""SK_TROUBLESHOOTING"":1,""SK_WRITTEN_COMMUNICATION"":3},""last_review_date"":""2026-05-22""}"
employee,E0094,"{""employee_id"":""E0094"",""full_name"":""Kirill Petrov"",""department"":""Sales"",""role"":""Sales Manager"",""grade"":""Senior"",""manager_id"":""E0169"",""hire_date"":""2022-01-12"",""tenure_months"":56,""work_format"":""hybrid"",""preferred_language"":""ru"",""career_goal"":null,""skills"":{""SK_ACCOUNT_MGMT"":5,""SK_ADAPTABILITY"":3,""SK_COMMUNICATION"":3,""SK_COMPENSATION"":2,""SK_CONFLICT_RESOLUTION"":1,""SK_CRITICAL_THINKING"":3,""SK_CRM"":1,""SK_EMOTIONAL_INTELLIGENCE"":3,""SK_FEEDBACK"":2,""SK_LEADERSHIP"":0,""SK_MENTORING"":2,""SK_NEGOTIATION"":5,""SK_PROBLEM_SOLVING"":2,""SK_PRODUCT_KNOWLEDGE"":5,""SK_PROSPECTING"":4,""SK_PUBLIC_SPEAKING"":4,""SK_STAKEHOLDER_MGMT"":3,""SK_TEAMWORK"":2,""SK_TIME_MANAGEMENT"":4,""SK_WRITTEN_COMMUNICATION"":3},""last_review_date"":""2026-06-12""}"
employee,E0095,"{""employee_id"":""E0095"",""full_name"":""Aruzhan Bekova"",""department"":""Human Resources"",""role"":""HR Business Partner"",""grade"":""Middle"",""manager_id"":""E0133"",""hire_date"":""2021-12-20"",""tenure_months"":57,""work_format"":""office"",""preferred_language"":""kk"",""career_goal"":null,""skills"":{""SK_ACCOUNT_MGMT"":1,""SK_ADAPTABILITY"":2,""SK_COMMUNICATION"":3,""SK_COMPENSATION"":1,""SK_CONFLICT_RESOLUTION"":3,""SK_CRITICAL_THINKING"":3,""SK_EMOTIONAL_INTELLIGENCE"":3,""SK_EMPLOYEE_RELATIONS"":2,""SK_FEEDBACK"":1,""SK_HR_ANALYTICS"":1,""SK_LABOR_LAW"":4,""SK_LEADERSHIP"":0,""SK_LEARNING_DESIGN"":1,""SK_MENTORING"":0,""SK_PROBLEM_SOLVING"":1,""SK_PUBLIC_SPEAKING"":1,""SK_STAKEHOLDER_MGMT"":1,""SK_TALENT_ACQUISITION"":3,""SK_TEAMWORK"":3,""SK_TIME_MANAGEMENT"":2,""SK_WRITTEN_COMMUNICATION"":2},""last_review_date"":""2026-07-07""}"
employee,E0096,"{""employee_id"":""E0096"",""full_name"":""Indira Temirkhanova"",""department"":""Backend Development"",""role"":""Backend Engineer"",""grade"":""Junior"",""manager_id"":""E0175"",""hire_date"":""2026-04-02"",""tenure_months"":5,""work_format"":""hybrid"",""preferred_language"":""kk"",""career_goal"":{""target_role"":""Backend Engineer"",""target_grade"":""Middle""},""skills"":{""SK_ADAPTABILITY"":1,""SK_API_DESIGN"":1,""SK_APP_SECURITY"":1,""SK_CICD"":0,""SK_CLOUD"":0,""SK_COMMUNICATION"":0,""SK_CONFLICT_RESOLUTION"":3,""SK_CONTAINERS"":1,""SK_CRITICAL_THINKING"":3,""SK_EMOTIONAL_INTELLIGENCE"":1,""SK_FEEDBACK"":2,""SK_LEADERSHIP"":2,""SK_MENTORING"":0,""SK_ML_BASICS"":1,""SK_OBSERVABILITY"":0,""SK_PROBLEM_SOLVING"":2,""SK_PUBLIC_SPEAKING"":1,""SK_PYTHON"":1,""SK_SQL"":2,""SK_STAKEHOLDER_MGMT"":1,""SK_SYSTEM_DESIGN"":2,""SK_TEAMWORK"":2,""SK_TIME_MANAGEMENT"":2,""SK_WRITTEN_COMMUNICATION"":2},""last_review_date"":""2026-05-15""}"
employee,E0097,"{""employee_id"":""E0097"",""full_name"":""Olzhas Dzhakupov"",""department"":""Backend Development"",""role"":""Backend Engineer"",""grade"":""Senior"",""manager_id"":""E0175"",""hire_date"":""2024-02-16"",""tenure_months"":31,""work_format"":""office"",""preferred_language"":""kk"",""career_goal"":null,""skills"":{""SK_ADAPTABILITY"":2,""SK_API_DESIGN"":3,""SK_APP_SECURITY"":3,""SK_CICD"":3,""SK_CLOUD"":3,""SK_COMMUNICATION"":3,""SK_CONFLICT_RESOLUTION"":2,""SK_CONTAINERS"":2,""SK_CRITICAL_THINKING"":2,""SK_EMOTIONAL_INTELLIGENCE"":2,""SK_FEEDBACK"":3,""SK_LEADERSHIP"":0,""SK_LOAD_TESTING"":1,""SK_MENTORING"":2,""SK_OBSERVABILITY"":1,""SK_PROBLEM_SOLVING"":4,""SK_PUBLIC_SPEAKING"":2,""SK_PYTHON"":4,""SK_SQL"":4,""SK_STAKEHOLDER_MGMT"":1,""SK_SYSTEM_DESIGN"":4,""SK_TEAMWORK"":2,""SK_TIME_MANAGEMENT"":2,""SK_WRITTEN_COMMUNICATION"":2},""last_review_date"":""2026-03-10""}"
employee,E0098,"{""employee_id"":""E0098"",""full_name"":""Azamat Baimukhanov"",""department"":""Quality Assurance"",""role"":""QA Engineer"",""grade"":""Middle"",""manager_id"":""E0179"",""hire_date"":""2023-04-18"",""tenure_months"":41,""work_format"":""hybrid"",""preferred_language"":""kk"",""career_goal"":{""target_role"":""QA Engineer"",""target_grade"":""Senior""},""skills"":{""SK_ADAPTABILITY"":3,""SK_API_TESTING"":3,""SK_CICD"":1,""SK_COMMUNICATION"":2,""SK_CONFLICT_RESOLUTION"":2,""SK_CRITICAL_THINKING"":4,""SK_EMOTIONAL_INTELLIGENCE"":2,""SK_FEEDBACK"":1,""SK_JAVA"":2,""SK_LEADERSHIP"":1,""SK_LOAD_TESTING"":2,""SK_MENTORING"":0,""SK_PROBLEM_SOLVING"":3,""SK_PUBLIC_SPEAKING"":1,""SK_SQL"":1,""SK_STAKEHOLDER_MGMT"":2,""SK_TEAMWORK"":2,""SK_TEST_AUTOMATION"":3,""SK_TEST_DESIGN"":2,""SK_TIME_MANAGEMENT"":1,""SK_WRITTEN_COMMUNICATION"":0},""last_review_date"":""2026-07-21""}"
employee,E0099,"{""employee_id"":""E0099"",""full_name"":""Ksenia Popova"",""department"":""Human Resources"",""role"":""HR Business Partner"",""grade"":""Middle"",""manager_id"":""E0133"",""hire_date"":""2022-05-17"",""tenure_months"":52,""work_format"":""hybrid"",""preferred_language"":""ru"",""career_goal"":null,""skills"":{""SK_ADAPTABILITY"":1,""SK_COMMUNICATION"":1,""SK_COMPENSATION"":1,""SK_CONFLICT_RESOLUTION"":2,""SK_CRITICAL_THINKING"":2,""SK_EMOTIONAL_INTELLIGENCE"":2,""SK_EMPLOYEE_RELATIONS"":4,""SK_FEEDBACK"":3,""SK_HR_ANALYTICS"":2,""SK_LABOR_LAW"":4,""SK_LEADERSHIP"":0,""SK_LEARNING_DESIGN"":2,""SK_MENTORING"":1,""SK_PROBLEM_SOLVING"":2,""SK_PRODUCT_KNOWLEDGE"":1,""SK_PUBLIC_SPEAKING"":3,""SK_STAKEHOLDER_MGMT"":1,""SK_TALENT_ACQUISITION"":2,""SK_TEAMWORK"":3,""SK_TIME_MANAGEMENT"":2,""SK_WRITTEN_COMMUNICATION"":2},""last_review_date"":""2026-02-10""}"
employee,E0100,"{""employee_id"":""E0100"",""full_name"":""Maria Ivanova"",""department"":""Product Management"",""role"":""Product Manager"",""grade"":""Junior"",""manager_id"":""E0060"",""hire_date"":""2024-11-18"",""tenure_months"":22,""work_format"":""office"",""preferred_language"":""ru"",""career_goal"":{""target_role"":""Product Manager"",""target_grade"":""Middle""},""skills"":{""SK_AB_TESTING"":1,""SK_ADAPTABILITY"":2,""SK_AGILE"":3,""SK_COMMUNICATION"":3,""SK_CONFLICT_RESOLUTION"":2,""SK_CRITICAL_THINKING"":3,""SK_DATA_VIZ"":1,""SK_EMOTIONAL_INTELLIGENCE"":2,""SK_FEEDBACK"":3,""SK_HR_ANALYTICS"":1,""SK_LEADERSHIP"":2,""SK_MENTORING"":0,""SK_PROBLEM_SOLVING"":2,""SK_PRODUCT_ANALYTICS"":2,""SK_PRODUCT_DISCOVERY"":1,""SK_PROJECT_MGMT"":2,""SK_PUBLIC_SPEAKING"":1,""SK_REQUIREMENTS"":1,""SK_ROADMAPPING"":1,""SK_SQL"":2,""SK_STAKEHOLDER_MGMT"":2,""SK_TEAMWORK"":2,""SK_TIME_MANAGEMENT"":1,""SK_UX_RESEARCH"":1,""SK_WRITTEN_COMMUNICATION"":2},""last_review_date"":""2026-06-29""}"
employee,E0101,"{""employee_id"":""E0101"",""full_name"":""Sergey Morozov"",""department"":""Backend Development"",""role"":""Backend Engineer"",""grade"":""Junior"",""manager_id"":""E0175"",""hire_date"":""2026-08-27"",""tenure_months"":1,""work_format"":""office"",""preferred_language"":""kk"",""career_goal"":{""target_role"":""Backend Engineer"",""target_grade"":""Middle""},""skills"":{""SK_ADAPTABILITY"":2,""SK_API_DESIGN"":0,""SK_APP_SECURITY"":1,""SK_CICD"":0,""SK_CLOUD"":2,""SK_COMMUNICATION"":1,""SK_CONFLICT_RESOLUTION"":1,""SK_CONTAINERS"":1,""SK_CRITICAL_THINKING"":1,""SK_EMOTIONAL_INTELLIGENCE"":3,""SK_FEEDBACK"":3,""SK_LEADERSHIP"":1,""SK_MENTORING"":1,""SK_OBSERVABILITY"":2,""SK_PROBLEM_SOLVING"":2,""SK_PRODUCT_KNOWLEDGE"":1,""SK_PUBLIC_SPEAKING"":0,""SK_PYTHON"":1,""SK_SQL"":0,""SK_STAKEHOLDER_MGMT"":1,""SK_SYSTEM_DESIGN"":0,""SK_TEAMWORK"":2,""SK_TIME_MANAGEMENT"":3,""SK_WEB_PERFORMANCE"":1,""SK_WRITTEN_COMMUNICATION"":2},""last_review_date"":""2026-09-11""}"
employee,E0102,"{""employee_id"":""E0102"",""full_name"":""Olzhas Akhmetov"",""department"":""Frontend Development"",""role"":""Frontend Engineer"",""grade"":""Junior"",""manager_id"":""E0044"",""hire_date"":""2024-05-30"",""tenure_months"":28,""work_format"":""remote"",""preferred_language"":""ru"",""career_goal"":{""target_role"":""Frontend Engineer"",""target_grade"":""Middle""},""skills"":{""SK_ACCESSIBILITY"":1,""SK_ADAPTABILITY"":3,""SK_API_DESIGN"":1,""SK_CICD"":2,""SK_COMMUNICATION"":1,""SK_CONFLICT_RESOLUTION"":2,""SK_CRITICAL_THINKING"":2,""SK_EMOTIONAL_INTELLIGENCE"":2,""SK_FEEDBACK"":2,""SK_HTML_CSS"":2,""SK_JAVASCRIPT"":2,""SK_LEADERSHIP"":1,""SK_MENTORING"":1,""SK_PROBLEM_SOLVING"":1,""SK_PROSPECTING"":1,""SK_PUBLIC_SPEAKING"":1,""SK_REACT"":2,""SK_STAKEHOLDER_MGMT"":1,""SK_TEAMWORK"":3,""SK_TEST_DESIGN"":1,""SK_TIME_MANAGEMENT"":3,""SK_TYPESCRIPT"":0,""SK_WEB_PERFORMANCE"":0,""SK_WRITTEN_COMMUNICATION"":2},""last_review_date"":""2026-06-22""}"
employee,E0103,"{""employee_id"":""E0103"",""full_name"":""Nikita Sokolov"",""department"":""Quality Assurance"",""role"":""QA Engineer"",""grade"":""Senior"",""manager_id"":""E0179"",""hire_date"":""2021-08-17"",""tenure_months"":61,""work_format"":""remote"",""preferred_language"":""ru"",""career_goal"":{""target_role"":""QA Engineer"",""target_grade"":""Lead""},""skills"":{""SK_ADAPTABILITY"":2,""SK_API_DESIGN"":1,""SK_API_TESTING"":3,""SK_CICD"":4,""SK_COMMUNICATION"":3,""SK_CONFLICT_RESOLUTION"":3,""SK_CRITICAL_THINKING"":4,""SK_EMOTIONAL_INTELLIGENCE"":2,""SK_FEEDBACK"":3,""SK_JAVA"":3,""SK_LEADERSHIP"":2,""SK_LOAD_TESTING"":4,""SK_MENTORING"":4,""SK_PROBLEM_SOLVING"":3,""SK_PRODUCT_ANALYTICS"":1,""SK_PUBLIC_SPEAKING"":2,""SK_SQL"":2,""SK_STAKEHOLDER_MGMT"":3,""SK_TEAMWORK"":2,""SK_TEST_AUTOMATION"":4,""SK_TEST_DESIGN"":2,""SK_TIME_MANAGEMENT"":3,""SK_WRITTEN_COMMUNICATION"":1},""last_review_date"":""2026-03-31""}"
employee,E0104,"{""employee_id"":""E0104"",""full_name"":""Andrey Pavlov"",""department"":""Sales"",""role"":""Sales Manager"",""grade"":""Junior"",""manager_id"":""E0169"",""hire_date"":""2025-11-28"",""tenure_months"":10,""work_format"":""remote"",""preferred_language"":""ru"",""career_goal"":{""target_role"":""Sales Manager"",""target_grade"":""Middle""},""skills"":{""SK_ACCOUNT_MGMT"":0,""SK_ADAPTABILITY"":3,""SK_COMMUNICATION"":4,""SK_CONFLICT_RESOLUTION"":3,""SK_CRITICAL_THINKING"":3,""SK_CRM"":2,""SK_EMOTIONAL_INTELLIGENCE"":1,""SK_FEEDBACK"":3,""SK_JAVA"":1,""SK_LEADERSHIP"":2,""SK_MENTORING"":1,""SK_NEGOTIATION"":1,""SK_PROBLEM_SOLVING"":3,""SK_PRODUCT_KNOWLEDGE"":1,""SK_PROSPECTING"":3,""SK_PUBLIC_SPEAKING"":2,""SK_STAKEHOLDER_MGMT"":2,""SK_TEAMWORK"":2,""SK_TIME_MANAGEMENT"":1,""SK_WRITTEN_COMMUNICATION"":3},""last_review_date"":""2026-04-29""}"
employee,E0105,"{""employee_id"":""E0105"",""full_name"":""Saule Dzhakupova"",""department"":""Human Resources"",""role"":""HR Business Partner"",""grade"":""Senior"",""manager_id"":""E0133"",""hire_date"":""2024-04-22"",""tenure_months"":29,""work_format"":""office"",""preferred_language"":""kk"",""career_goal"":{""target_role"":""Product Manager"",""target_grade"":""Senior""},""skills"":{""SK_ADAPTABILITY"":2,""SK_API_TESTING"":1,""SK_COMMUNICATION"":4,""SK_COMPENSATION"":4,""SK_CONFLICT_RESOLUTION"":5,""SK_CRITICAL_THINKING"":3,""SK_EMOTIONAL_INTELLIGENCE"":2,""SK_EMPLOYEE_RELATIONS"":4,""SK_FEEDBACK"":2,""SK_HR_ANALYTICS"":2,""SK_LABOR_LAW"":4,""SK_LEADERSHIP"":1,""SK_LEARNING_DESIGN"":2,""SK_MENTORING"":2,""SK_PROBLEM_SOLVING"":3,""SK_PUBLIC_SPEAKING"":4,""SK_STAKEHOLDER_MGMT"":4,""SK_TALENT_ACQUISITION"":3,""SK_TEAMWORK"":2,""SK_TIME_MANAGEMENT"":2,""SK_WRITTEN_COMMUNICATION"":2},""last_review_date"":""2026-07-24""}"
employee,E0106,"{""employee_id"":""E0106"",""full_name"":""Pavel Volkov"",""department"":""Backend Development"",""role"":""Backend Engineer"",""grade"":""Senior"",""manager_id"":""E0175"",""hire_date"":""2020-02-13"",""tenure_months"":79,""work_format"":""remote"",""preferred_language"":""kk"",""career_goal"":{""target_role"":""Backend Engineer"",""target_grade"":""Lead""},""skills"":{""SK_ADAPTABILITY"":3,""SK_API_DESIGN"":3,""SK_APP_SECURITY"":4,""SK_CICD"":4,""SK_CLOUD"":3,""SK_COMMUNICATION"":3,""SK_CONFLICT_RESOLUTION"":2,""SK_CONTAINERS"":2,""SK_CRITICAL_THINKING"":3,""SK_EMOTIONAL_INTELLIGENCE"":2,""SK_FEEDBACK"":3,""SK_HR_ANALYTICS"":1,""SK_LEADERSHIP"":3,""SK_MENTORING"":3,""SK_OBSERVABILITY"":3,""SK_PROBLEM_SOLVING"":3,""SK_PUBLIC_SPEAKING"":2,""SK_PYTHON"":4,""SK_SQL"":5,""SK_STAKEHOLDER_MGMT"":2,""SK_SYSTEM_DESIGN"":4,""SK_TEAMWORK"":4,""SK_TIME_MANAGEMENT"":1,""SK_WRITTEN_COMMUNICATION"":2},""last_review_date"":""2026-02-12""}"
employee,E0107,"{""employee_id"":""E0107"",""full_name"":""Kanat Seitkali"",""department"":""Product Management"",""role"":""Product Manager"",""grade"":""Middle"",""manager_id"":""E0060"",""hire_date"":""2022-04-25"",""tenure_months"":53,""work_format"":""office"",""preferred_language"":""ru"",""career_goal"":{""target_role"":""Data Analyst"",""target_grade"":""Middle""},""skills"":{""SK_AB_TESTING"":1,""SK_ADAPTABILITY"":3,""SK_AGILE"":4,""SK_COMMUNICATION"":3,""SK_CONFLICT_RESOLUTION"":2,""SK_CRITICAL_THINKING"":2,""SK_EMOTIONAL_INTELLIGENCE"":3,""SK_FEEDBACK"":1,""SK_LEADERSHIP"":2,""SK_MENTORING"":0,""SK_PROBLEM_SOLVING"":2,""SK_PRODUCT_ANALYTICS"":3,""SK_PRODUCT_DISCOVERY"":4,""SK_PROJECT_MGMT"":0,""SK_PUBLIC_SPEAKING"":2,""SK_REQUIREMENTS"":3,""SK_ROADMAPPING"":2,""SK_SQL"":0,""SK_STAKEHOLDER_MGMT"":3,""SK_TEAMWORK"":2,""SK_TIME_MANAGEMENT"":2,""SK_UX_RESEARCH"":2,""SK_WRITTEN_COMMUNICATION"":1},""last_review_date"":""2026-01-16""}"
employee,E0108,"{""employee_id"":""E0108"",""full_name"":""Irina Volkova"",""department"":""Product Management"",""role"":""Product Manager"",""grade"":""Middle"",""manager_id"":""E0055"",""hire_date"":""2022-04-18"",""tenure_months"":53,""work_format"":""office"",""preferred_language"":""ru"",""career_goal"":{""target_role"":""Data Analyst"",""target_grade"":""Middle""},""skills"":{""SK_AB_TESTING"":1,""SK_ADAPTABILITY"":3,""SK_AGILE"":2,""SK_BI_TOOLS"":1,""SK_COMMUNICATION"":3,""SK_CONFLICT_RESOLUTION"":3,""SK_CRITICAL_THINKING"":3,""SK_EMOTIONAL_INTELLIGENCE"":3,""SK_FEEDBACK"":1,""SK_LEADERSHIP"":2,""SK_MENTORING"":0,""SK_PROBLEM_SOLVING"":2,""SK_PRODUCT_ANALYTICS"":3,""SK_PRODUCT_DISCOVERY"":1,""SK_PROJECT_MGMT"":2,""SK_PUBLIC_SPEAKING"":1,""SK_REQUIREMENTS"":1,""SK_ROADMAPPING"":2,""SK_SQL"":2,""SK_STAKEHOLDER_MGMT"":3,""SK_TEAMWORK"":3,""SK_TIME_MANAGEMENT"":2,""SK_UX_RESEARCH"":0,""SK_WRITTEN_COMMUNICATION"":2},""last_review_date"":""2026-07-14""}"
employee,E0109,"{""employee_id"":""E0109"",""full_name"":""Artem Lebedev"",""department"":""Frontend Development"",""role"":""Frontend Engineer"",""grade"":""Middle"",""manager_id"":""E0044"",""hire_date"":""2023-12-21"",""tenure_months"":33,""work_format"":""office"",""preferred_language"":""ru"",""career_goal"":{""target_role"":""Frontend Engineer"",""target_grade"":""Senior""},""skills"":{""SK_ACCESSIBILITY"":0,""SK_ADAPTABILITY"":1,""SK_API_DESIGN"":0,""SK_CICD"":1,""SK_COMMUNICATION"":2,""SK_CONFLICT_RESOLUTION"":3,""SK_CRITICAL_THINKING"":2,""SK_DATA_MODELING"":1,""SK_EMOTIONAL_INTELLIGENCE"":1,""SK_FEEDBACK"":3,""SK_HTML_CSS"":4,""SK_JAVASCRIPT"":2,""SK_LEADERSHIP"":2,""SK_MENTORING"":1,""SK_PROBLEM_SOLVING"":3,""SK_PUBLIC_SPEAKING"":1,""SK_REACT"":2,""SK_STAKEHOLDER_MGMT"":2,""SK_TEAMWORK"":3,""SK_TIME_MANAGEMENT"":2,""SK_TYPESCRIPT"":4,""SK_WEB_PERFORMANCE"":2,""SK_WRITTEN_COMMUNICATION"":3},""last_review_date"":""2026-04-27""}"
employee,E0110,"{""employee_id"":""E0110"",""full_name"":""Askar Zhaksylykov"",""department"":""Quality Assurance"",""role"":""QA Engineer"",""grade"":""Junior"",""manager_id"":""E0179"",""hire_date"":""2026-04-28"",""tenure_months"":5,""work_format"":""office"",""preferred_language"":""kk"",""career_goal"":null,""skills"":{""SK_ADAPTABILITY"":2,""SK_API_TESTING"":1,""SK_BI_TOOLS"":1,""SK_CICD"":0,""SK_COMMUNICATION"":1,""SK_CONFLICT_RESOLUTION"":3,""SK_CRITICAL_THINKING"":2,""SK_EMOTIONAL_INTELLIGENCE"":2,""SK_FEEDBACK"":2,""SK_JAVA"":0,""SK_LEADERSHIP"":1,""SK_LOAD_TESTING"":0,""SK_MENTORING"":0,""SK_PROBLEM_SOLVING"":1,""SK_PUBLIC_SPEAKING"":2,""SK_REACT"":2,""SK_SQL"":1,""SK_STAKEHOLDER_MGMT"":2,""SK_TEAMWORK"":3,""SK_TEST_AUTOMATION"":0,""SK_TEST_DESIGN"":2,""SK_TIME_MANAGEMENT"":3,""SK_WRITTEN_COMMUNICATION"":2},""last_review_date"":""2026-07-28""}"
employee,E0111,"{""employee_id"":""E0111"",""full_name"":""Artem Kozlov"",""department"":""Quality Assurance"",""role"":""QA Engineer"",""grade"":""Middle"",""manager_id"":""E0063"",""hire_date"":""2024-06-19"",""tenure_months"":27,""work_format"":""office"",""preferred_language"":""ru"",""career_goal"":null,""skills"":{""SK_AB_TESTING"":1,""SK_ADAPTABILITY"":2,""SK_API_TESTING"":3,""SK_CICD"":1,""SK_COMMUNICATION"":2,""SK_CONFLICT_RESOLUTION"":3,""SK_CRITICAL_THINKING"":2,""SK_EMOTIONAL_INTELLIGENCE"":3,""SK_FEEDBACK"":3,""SK_JAVA"":2,""SK_LEADERSHIP"":2,""SK_LOAD_TESTING"":0,""SK_MENTORING"":1,""SK_PROBLEM_SOLVING"":3,""SK_PROSPECTING"":1,""SK_PUBLIC_SPEAKING"":3,""SK_SQL"":3,""SK_STAKEHOLDER_MGMT"":1,""SK_TEAMWORK"":3,""SK_TEST_AUTOMATION"":0,""SK_TEST_DESIGN"":4,""SK_TIME_MANAGEMENT"":2,""SK_WRITTEN_COMMUNICATION"":2},""last_review_date"":""2026-09-28""}"
employee,E0112,"{""employee_id"":""E0112"",""full_name"":""Sergey Lebedev"",""department"":""Customer Support"",""role"":""Customer Support Specialist"",""grade"":""Senior"",""manager_id"":""E0035"",""hire_date"":""2019-12-30"",""tenure_months"":81,""work_format"":""hybrid"",""preferred_language"":""ru"",""career_goal"":{""target_role"":""Customer Support Specialist"",""target_grade"":""Lead""},""skills"":{""SK_ADAPTABILITY"":3,""SK_COMMUNICATION"":3,""SK_CONFLICT_RESOLUTION"":4,""SK_CRITICAL_THINKING"":2,""SK_CRM"":4,""SK_CUSTOMER_SERVICE"":3,""SK_EMOTIONAL_INTELLIGENCE"":1,""SK_FEEDBACK"":2,""SK_LEADERSHIP"":2,""SK_MENTORING"":1,""SK_PROBLEM_SOLVING"":4,""SK_PRODUCT_KNOWLEDGE"":4,""SK_PUBLIC_SPEAKING"":1,""SK_STAKEHOLDER_MGMT"":2,""SK_TEAMWORK"":2,""SK_TIME_MANAGEMENT"":4,""SK_TROUBLESHOOTING"":2,""SK_WEB_PERFORMANCE"":2,""SK_WRITTEN_COMMUNICATION"":2},""last_review_date"":""2026-07-21""}"
employee,E0113,"{""employee_id"":""E0113"",""full_name"":""Ivan Pavlov"",""department"":""Product Management"",""role"":""Product Manager"",""grade"":""Junior"",""manager_id"":""E0060"",""hire_date"":""2025-02-14"",""tenure_months"":19,""work_format"":""office"",""preferred_language"":""ru"",""career_goal"":null,""skills"":{""SK_AB_TESTING"":0,""SK_ADAPTABILITY"":2,""SK_AGILE"":1,""SK_COMMUNICATION"":1,""SK_CONFLICT_RESOLUTION"":1,""SK_CRITICAL_THINKING"":3,""SK_EMOTIONAL_INTELLIGENCE"":2,""SK_FEEDBACK"":2,""SK_LEADERSHIP"":1,""SK_MENTORING"":0,""SK_PROBLEM_SOLVING"":2,""SK_PRODUCT_ANALYTICS"":1,""SK_PRODUCT_DISCOVERY"":0,""SK_PROJECT_MGMT"":1,""SK_PUBLIC_SPEAKING"":0,""SK_REQUIREMENTS"":1,""SK_ROADMAPPING"":1,""SK_SQL"":1,""SK_STAKEHOLDER_MGMT"":1,""SK_TEAMWORK"":3,""SK_TIME_MANAGEMENT"":1,""SK_UX_RESEARCH"":1,""SK_WRITTEN_COMMUNICATION"":3},""last_review_date"":""2026-06-01""}"
employee,E0114,"{""employee_id"":""E0114"",""full_name"":""Serik Tulegenov"",""department"":""Customer Support"",""role"":""Customer Support Specialist"",""grade"":""Junior"",""manager_id"":""E0035"",""hire_date"":""2024-11-14"",""tenure_months"":22,""work_format"":""hybrid"",""preferred_language"":""en"",""career_goal"":{""target_role"":""Customer Support Specialist"",""target_grade"":""Middle""},""skills"":{""SK_ADAPTABILITY"":1,""SK_COMMUNICATION"":2,""SK_CONFLICT_RESOLUTION"":1,""SK_CRITICAL_THINKING"":1,""SK_CRM"":0,""SK_CUSTOMER_SERVICE"":2,""SK_EMOTIONAL_INTELLIGENCE"":2,""SK_FEEDBACK"":0,""SK_LEADERSHIP"":0,""SK_MENTORING"":1,""SK_PROBLEM_SOLVING"":2,""SK_PRODUCT_ANALYTICS"":1,""SK_PRODUCT_KNOWLEDGE"":2,""SK_PUBLIC_SPEAKING"":3,""SK_STAKEHOLDER_MGMT"":3,""SK_TEAMWORK"":2,""SK_TIME_MANAGEMENT"":3,""SK_TROUBLESHOOTING"":0,""SK_WRITTEN_COMMUNICATION"":2},""last_review_date"":""2026-03-03""}"
employee,E0115,"{""employee_id"":""E0115"",""full_name"":""Zarina Kassymova"",""department"":""Frontend Development"",""role"":""Frontend Engineer"",""grade"":""Junior"",""manager_id"":""E0044"",""hire_date"":""2025-02-12"",""tenure_months"":19,""work_format"":""hybrid"",""preferred_language"":""ru"",""career_goal"":{""target_role"":""Frontend Engineer"",""target_grade"":""Middle""},""skills"":{""SK_ACCESSIBILITY"":2,""SK_ADAPTABILITY"":3,""SK_API_DESIGN"":2,""SK_CICD"":0,""SK_COMMUNICATION"":1,""SK_CONFLICT_RESOLUTION"":2,""SK_CRITICAL_THINKING"":2,""SK_EMOTIONAL_INTELLIGENCE"":1,""SK_FEEDBACK"":3,""SK_HTML_CSS"":3,""SK_JAVASCRIPT"":2,""SK_LEADERSHIP"":0,""SK_MENTORING"":1,""SK_PROBLEM_SOLVING"":1,""SK_PUBLIC_SPEAKING"":1,""SK_REACT"":2,""SK_STAKEHOLDER_MGMT"":1,""SK_TEAMWORK"":2,""SK_TIME_MANAGEMENT"":1,""SK_TYPESCRIPT"":2,""SK_WEB_PERFORMANCE"":1,""SK_WRITTEN_COMMUNICATION"":2},""last_review_date"":""2026-06-15""}"
employee,E0116,"{""employee_id"":""E0116"",""full_name"":""Zhanna Abenova"",""department"":""Product Management"",""role"":""Product Manager"",""grade"":""Middle"",""manager_id"":""E0055"",""hire_date"":""2025-02-20"",""tenure_months"":19,""work_format"":""office"",""preferred_language"":""kk"",""career_goal"":{""target_role"":""Product Manager"",""target_grade"":""Senior""},""skills"":{""SK_AB_TESTING"":0,""SK_ADAPTABILITY"":2,""SK_AGILE"":4,""SK_COMMUNICATION"":3,""SK_CONFLICT_RESOLUTION"":3,""SK_CRITICAL_THINKING"":2,""SK_EMOTIONAL_INTELLIGENCE"":3,""SK_FEEDBACK"":2,""SK_LEADERSHIP"":0,""SK_MENTORING"":2,""SK_ML_BASICS"":2,""SK_PROBLEM_SOLVING"":3,""SK_PRODUCT_ANALYTICS"":4,""SK_PRODUCT_DISCOVERY"":3,""SK_PROJECT_MGMT"":1,""SK_PUBLIC_SPEAKING"":1,""SK_REQUIREMENTS"":3,""SK_ROADMAPPING"":1,""SK_SQL"":1,""SK_STAKEHOLDER_MGMT"":3,""SK_TEAMWORK"":2,""SK_TIME_MANAGEMENT"":2,""SK_UX_RESEARCH"":1,""SK_WRITTEN_COMMUNICATION"":3},""last_review_date"":""2026-09-23""}"
employee,E0117,"{""employee_id"":""E0117"",""full_name"":""Aidos Yessenov"",""department"":""Frontend Development"",""role"":""Frontend Engineer"",""grade"":""Junior"",""manager_id"":""E0044"",""hire_date"":""2026-06-23"",""tenure_months"":3,""work_format"":""remote"",""preferred_language"":""kk"",""career_goal"":{""target_role"":""Product Manager"",""target_grade"":""Junior""},""skills"":{""SK_ACCESSIBILITY"":0,""SK_ADAPTABILITY"":2,""SK_API_DESIGN"":2,""SK_CICD"":1,""SK_COMMUNICATION"":2,""SK_CONFLICT_RESOLUTION"":3,""SK_CRITICAL_THINKING"":1,""SK_EMOTIONAL_INTELLIGENCE"":2,""SK_FEEDBACK"":3,""SK_HR_ANALYTICS"":1,""SK_HTML_CSS"":0,""SK_JAVASCRIPT"":3,""SK_LEADERSHIP"":2,""SK_MENTORING"":1,""SK_PROBLEM_SOLVING"":2,""SK_PUBLIC_SPEAKING"":0,""SK_REACT"":0,""SK_STAKEHOLDER_MGMT"":0,""SK_TEAMWORK"":1,""SK_TIME_MANAGEMENT"":1,""SK_TYPESCRIPT"":2,""SK_WEB_PERFORMANCE"":1,""SK_WRITTEN_COMMUNICATION"":3},""last_review_date"":""2026-07-13""}"
employee,E0118,"{""employee_id"":""E0118"",""full_name"":""Maria Smirnova"",""department"":""Frontend Development"",""role"":""Frontend Engineer"",""grade"":""Middle"",""manager_id"":""E0006"",""hire_date"":""2021-11-01"",""tenure_months"":59,""work_format"":""hybrid"",""preferred_language"":""ru"",""career_goal"":{""target_role"":""Frontend Engineer"",""target_grade"":""Senior""},""skills"":{""SK_ACCESSIBILITY"":2,""SK_ADAPTABILITY"":1,""SK_API_DESIGN"":0,""SK_CICD"":2,""SK_COMMUNICATION"":2,""SK_CONFLICT_RESOLUTION"":1,""SK_CRITICAL_THINKING"":3,""SK_EMOTIONAL_INTELLIGENCE"":1,""SK_FEEDBACK"":3,""SK_HTML_CSS"":3,""SK_JAVASCRIPT"":2,""SK_LEADERSHIP"":2,""SK_MENTORING"":0,""SK_NEGOTIATION"":2,""SK_PROBLEM_SOLVING"":3,""SK_PRODUCT_DISCOVERY"":1,""SK_PUBLIC_SPEAKING"":0,""SK_REACT"":3,""SK_STAKEHOLDER_MGMT"":1,""SK_TEAMWORK"":2,""SK_TIME_MANAGEMENT"":1,""SK_TYPESCRIPT"":2,""SK_WEB_PERFORMANCE"":1,""SK_WRITTEN_COMMUNICATION"":2},""last_review_date"":""2026-07-30""}"
employee,E0119,"{""employee_id"":""E0119"",""full_name"":""Artem Sokolov"",""department"":""Backend Development"",""role"":""Backend Engineer"",""grade"":""Junior"",""manager_id"":""E0050"",""hire_date"":""2026-07-20"",""tenure_months"":2,""work_format"":""office"",""preferred_language"":""ru"",""career_goal"":null,""skills"":{""SK_ADAPTABILITY"":1,""SK_API_DESIGN"":2,""SK_APP_SECURITY"":0,""SK_CICD"":0,""SK_CLOUD"":1,""SK_COMMUNICATION"":1,""SK_CONFLICT_RESOLUTION"":1,""SK_CONTAINERS"":0,""SK_CRITICAL_THINKING"":2,""SK_EMOTIONAL_INTELLIGENCE"":2,""SK_FEEDBACK"":2,""SK_LEADERSHIP"":2,""SK_MENTORING"":2,""SK_OBSERVABILITY"":0,""SK_PROBLEM_SOLVING"":1,""SK_PUBLIC_SPEAKING"":1,""SK_PYTHON"":2,""SK_SQL"":1,""SK_STAKEHOLDER_MGMT"":1,""SK_SYSTEM_DESIGN"":2,""SK_TEAMWORK"":2,""SK_TIME_MANAGEMENT"":2,""SK_WRITTEN_COMMUNICATION"":2},""last_review_date"":""2026-07-31""}"
employee,E0120,"{""employee_id"":""E0120"",""full_name"":""Ivan Ivanov"",""department"":""Frontend Development"",""role"":""Frontend Engineer"",""grade"":""Senior"",""manager_id"":""E0044"",""hire_date"":""2019-11-25"",""tenure_months"":82,""work_format"":""hybrid"",""preferred_language"":""ru"",""career_goal"":null,""skills"":{""SK_ACCESSIBILITY"":4,""SK_ADAPTABILITY"":2,""SK_AGILE"":1,""SK_API_DESIGN"":1,""SK_CICD"":2,""SK_CLOUD"":1,""SK_COMMUNICATION"":3,""SK_CONFLICT_RESOLUTION"":3,""SK_CRITICAL_THINKING"":2,""SK_EMOTIONAL_INTELLIGENCE"":1,""SK_FEEDBACK"":3,""SK_HTML_CSS"":5,""SK_JAVASCRIPT"":3,""SK_LEADERSHIP"":1,""SK_MENTORING"":2,""SK_PROBLEM_SOLVING"":5,""SK_PUBLIC_SPEAKING"":2,""SK_REACT"":4,""SK_STAKEHOLDER_MGMT"":3,""SK_TEAMWORK"":4,""SK_TIME_MANAGEMENT"":2,""SK_TYPESCRIPT"":4,""SK_WEB_PERFORMANCE"":5,""SK_WRITTEN_COMMUNICATION"":3},""last_review_date"":""2026-07-28""}"
employee,E0121,"{""employee_id"":""E0121"",""full_name"":""Daniyar Sarsenbayev"",""department"":""Data \u0026 Analytics"",""role"":""Data Analyst"",""grade"":""Middle"",""manager_id"":""E0085"",""hire_date"":""2025-09-15"",""tenure_months"":12,""work_format"":""hybrid"",""preferred_language"":""ru"",""career_goal"":{""target_role"":""Product Manager"",""target_grade"":""Middle""},""skills"":{""SK_AB_TESTING"":3,""SK_ADAPTABILITY"":3,""SK_BI_TOOLS"":1,""SK_COMMUNICATION"":4,""SK_CONFLICT_RESOLUTION"":2,""SK_CRITICAL_THINKING"":4,""SK_DATA_MODELING"":3,""SK_DATA_VIZ"":3,""SK_EMOTIONAL_INTELLIGENCE"":2,""SK_FEEDBACK"":1,""SK_HR_ANALYTICS"":2,""SK_LEADERSHIP"":0,""SK_MENTORING"":1,""SK_ML_BASICS"":1,""SK_PROBLEM_SOLVING"":2,""SK_PRODUCT_ANALYTICS"":0,""SK_PUBLIC_SPEAKING"":1,""SK_PYTHON"":2,""SK_SQL"":3,""SK_STAKEHOLDER_MGMT"":2,""SK_STATISTICS"":3,""SK_TEAMWORK"":2,""SK_TEST_DESIGN"":1,""SK_TIME_MANAGEMENT"":2,""SK_WRITTEN_COMMUNICATION"":3},""last_review_date"":""2026-01-05""}"
employee,E0122,"{""employee_id"":""E0122"",""full_name"":""Elena Sokolova"",""department"":""Frontend Development"",""role"":""Frontend Engineer"",""grade"":""Senior"",""manager_id"":""E0044"",""hire_date"":""2024-04-22"",""tenure_months"":29,""work_format"":""hybrid"",""preferred_language"":""kk"",""career_goal"":{""target_role"":""Frontend Engineer"",""target_grade"":""Lead""},""skills"":{""SK_ACCESSIBILITY"":2,""SK_ADAPTABILITY"":2,""SK_API_DESIGN"":0,""SK_CICD"":3,""SK_COMMUNICATION"":3,""SK_CONFLICT_RESOLUTION"":3,""SK_CRITICAL_THINKING"":1,""SK_CUSTOMER_SERVICE"":1,""SK_EMOTIONAL_INTELLIGENCE"":3,""SK_FEEDBACK"":2,""SK_HTML_CSS"":5,""SK_JAVASCRIPT"":3,""SK_LEADERSHIP"":1,""SK_MENTORING"":3,""SK_PROBLEM_SOLVING"":4,""SK_PUBLIC_SPEAKING"":1,""SK_REACT"":4,""SK_STAKEHOLDER_MGMT"":3,""SK_TEAMWORK"":3,""SK_TIME_MANAGEMENT"":3,""SK_TYPESCRIPT"":3,""SK_WEB_PERFORMANCE"":4,""SK_WRITTEN_COMMUNICATION"":3},""last_review_date"":""2026-03-05""}"
employee,E0123,"{""employee_id"":""E0123"",""full_name"":""Togzhan Baimukhanova"",""department"":""Frontend Development"",""role"":""Frontend Engineer"",""grade"":""Senior"",""manager_id"":""E0006"",""hire_date"":""2021-04-15"",""tenure_months"":65,""work_format"":""hybrid"",""preferred_language"":""kk"",""career_goal"":{""target_role"":""Frontend Engineer"",""target_grade"":""Lead""},""skills"":{""SK_ACCESSIBILITY"":2,""SK_ADAPTABILITY"":2,""SK_API_DESIGN"":2,""SK_BI_TOOLS"":1,""SK_CICD"":3,""SK_COMMUNICATION"":4,""SK_CONFLICT_RESOLUTION"":3,""SK_CRITICAL_THINKING"":2,""SK_EMOTIONAL_INTELLIGENCE"":2,""SK_FEEDBACK"":1,""SK_HTML_CSS"":3,""SK_JAVASCRIPT"":5,""SK_LEADERSHIP"":0,""SK_MENTORING"":3,""SK_PROBLEM_SOLVING"":4,""SK_PUBLIC_SPEAKING"":3,""SK_REACT"":5,""SK_STAKEHOLDER_MGMT"":1,""SK_TEAMWORK"":3,""SK_TIME_MANAGEMENT"":3,""SK_TYPESCRIPT"":4,""SK_WEB_PERFORMANCE"":4,""SK_WRITTEN_COMMUNICATION"":3},""last_review_date"":""2026-06-05""}"
employee,E0124,"{""employee_id"":""E0124"",""full_name"":""Ivan Sokolov"",""department"":""Data \u0026 Analytics"",""role"":""Data Analyst"",""grade"":""Middle"",""manager_id"":""E0061"",""hire_date"":""2025-02-17"",""tenure_months"":19,""work_format"":""office"",""preferred_language"":""kk"",""career_goal"":{""target_role"":""Data Analyst"",""target_grade"":""Senior""},""skills"":{""SK_AB_TESTING"":1,""SK_ADAPTABILITY"":2,""SK_BI_TOOLS"":4,""SK_COMMUNICATION"":4,""SK_CONFLICT_RESOLUTION"":1,""SK_CRITICAL_THINKING"":3,""SK_CRM"":1,""SK_DATA_MODELING"":2,""SK_DATA_VIZ"":3,""SK_EMOTIONAL_INTELLIGENCE"":2,""SK_FEEDBACK"":2,""SK_LEADERSHIP"":2,""SK_MENTORING"":0,""SK_ML_BASICS"":0,""SK_NEGOTIATION"":2,""SK_PROBLEM_SOLVING"":2,""SK_PRODUCT_ANALYTICS"":1,""SK_PUBLIC_SPEAKING"":2,""SK_PYTHON"":1,""SK_SQL"":4,""SK_STAKEHOLDER_MGMT"":3,""SK_STATISTICS"":2,""SK_TEAMWORK"":2,""SK_TIME_MANAGEMENT"":2,""SK_WRITTEN_COMMUNICATION"":2},""last_review_date"":""2026-03-11""}"
employee,E0125,"{""employee_id"":""E0125"",""full_name"":""Saule Temirkhanova"",""department"":""Sales"",""role"":""Sales Manager"",""grade"":""Middle"",""manager_id"":""E0169"",""hire_date"":""2025-10-21"",""tenure_months"":11,""work_format"":""office"",""preferred_language"":""ru"",""career_goal"":{""target_role"":""Sales Manager"",""target_grade"":""Senior""},""skills"":{""SK_ACCOUNT_MGMT"":2,""SK_ADAPTABILITY"":2,""SK_COMMUNICATION"":3,""SK_CONFLICT_RESOLUTION"":3,""SK_CRITICAL_THINKING"":1,""SK_CRM"":3,""SK_EMOTIONAL_INTELLIGENCE"":3,""SK_EMPLOYEE_RELATIONS"":1,""SK_FEEDBACK"":3,""SK_LEADERSHIP"":1,""SK_MENTORING"":1,""SK_NEGOTIATION"":3,""SK_PROBLEM_SOLVING"":2,""SK_PRODUCT_KNOWLEDGE"":2,""SK_PROSPECTING"":1,""SK_PUBLIC_SPEAKING"":1,""SK_SQL"":2,""SK_STAKEHOLDER_MGMT"":2,""SK_TEAMWORK"":3,""SK_TIME_MANAGEMENT"":3,""SK_WRITTEN_COMMUNICATION"":3},""last_review_date"":""2026-01-27""}"
employee,E0126,"{""employee_id"":""E0126"",""full_name"":""Serik Utepov"",""department"":""Quality Assurance"",""role"":""QA Engineer"",""grade"":""Junior"",""manager_id"":""E0179"",""hire_date"":""2026-05-19"",""tenure_months"":4,""work_format"":""hybrid"",""preferred_language"":""kk"",""career_goal"":{""target_role"":""QA Engineer"",""target_grade"":""Middle""},""skills"":{""SK_ADAPTABILITY"":3,""SK_API_TESTING"":1,""SK_BI_TOOLS"":2,""SK_CICD"":2,""SK_COMMUNICATION"":0,""SK_CONFLICT_RESOLUTION"":3,""SK_CRITICAL_THINKING"":2,""SK_EMOTIONAL_INTELLIGENCE"":2,""SK_FEEDBACK"":3,""SK_JAVA"":0,""SK_LEADERSHIP"":1,""SK_LOAD_TESTING"":0,""SK_MENTORING"":2,""SK_PROBLEM_SOLVING"":1,""SK_PRODUCT_ANALYTICS"":2,""SK_PUBLIC_SPEAKING"":2,""SK_SQL"":0,""SK_STAKEHOLDER_MGMT"":3,""SK_TEAMWORK"":0,""SK_TEST_AUTOMATION"":1,""SK_TEST_DESIGN"":1,""SK_TIME_MANAGEMENT"":3,""SK_WRITTEN_COMMUNICATION"":3},""last_review_date"":""2026-08-21""}"
employee,E0127,"{""employee_id"":""E0127"",""full_name"":""Zarina Sadykova"",""department"":""Backend Development"",""role"":""Backend Engineer"",""grade"":""Middle"",""manager_id"":""E0175"",""hire_date"":""2022-06-29"",""tenure_months"":51,""work_format"":""remote"",""preferred_language"":""kk"",""career_goal"":null,""skills"":{""SK_ADAPTABILITY"":1,""SK_API_DESIGN"":2,""SK_APP_SECURITY"":2,""SK_CICD"":2,""SK_CLOUD"":2,""SK_COMMUNICATION"":4,""SK_CONFLICT_RESOLUTION"":3,""SK_CONTAINERS"":2,""SK_CRITICAL_THINKING"":3,""SK_EMOTIONAL_INTELLIGENCE"":3,""SK_FEEDBACK"":2,""SK_LEADERSHIP"":1,""SK_MENTORING"":1,""SK_OBSERVABILITY"":1,""SK_PROBLEM_SOLVING"":2,""SK_PUBLIC_SPEAKING"":0,""SK_PYTHON"":3,""SK_SQL"":2,""SK_STAKEHOLDER_MGMT"":1,""SK_SYSTEM_DESIGN"":2,""SK_TEAMWORK"":1,""SK_TEST_AUTOMATION"":2,""SK_TIME_MANAGEMENT"":3,""SK_WRITTEN_COMMUNICATION"":3},""last_review_date"":""2026-04-07""}"
employee,E0128,"{""employee_id"":""E0128"",""full_name"":""Azamat Kaliyev"",""department"":""Backend Development"",""role"":""Backend Engineer"",""grade"":""Senior"",""manager_id"":""E0175"",""hire_date"":""2024-07-29"",""tenure_months"":26,""work_format"":""hybrid"",""preferred_language"":""kk"",""career_goal"":{""target_role"":""Backend Engineer"",""target_grade"":""Lead""},""skills"":{""SK_ADAPTABILITY"":1,""SK_API_DESIGN"":4,""SK_APP_SECURITY"":2,""SK_CICD"":4,""SK_CLOUD"":3,""SK_COMMUNICATION"":3,""SK_CONFLICT_RESOLUTION"":1,""SK_CONTAINERS"":2,""SK_CRITICAL_THINKING"":2,""SK_EMOTIONAL_INTELLIGENCE"":3,""SK_FEEDBACK"":3,""SK_LEADERSHIP"":2,""SK_MENTORING"":3,""SK_OBSERVABILITY"":3,""SK_PROBLEM_SOLVING"":3,""SK_PUBLIC_SPEAKING"":3,""SK_PYTHON"":4,""SK_SQL"":3,""SK_STAKEHOLDER_MGMT"":1,""SK_SYSTEM_DESIGN"":4,""SK_TEAMWORK"":4,""SK_TIME_MANAGEMENT"":2,""SK_WRITTEN_COMMUNICATION"":2},""last_review_date"":""2026-01-16""}"
employee,E0129,"{""employee_id"":""E0129"",""full_name"":""Victoria Kuznetsova"",""department"":""Sales"",""role"":""Sales Manager"",""grade"":""Middle"",""manager_id"":""E0148"",""hire_date"":""2026-01-14"",""tenure_months"":8,""work_format"":""hybrid"",""preferred_language"":""kk"",""career_goal"":{""target_role"":""Sales Manager"",""target_grade"":""Senior""},""skills"":{""SK_ACCOUNT_MGMT"":2,""SK_ADAPTABILITY"":2,""SK_COMMUNICATION"":3,""SK_CONFLICT_RESOLUTION"":1,""SK_CRITICAL_THINKING"":2,""SK_CRM"":1,""SK_EMOTIONAL_INTELLIGENCE"":3,""SK_FEEDBACK"":2,""SK_LEADERSHIP"":2,""SK_MENTORING"":2,""SK_NEGOTIATION"":1,""SK_OBSERVABILITY"":2,""SK_PROBLEM_SOLVING"":1,""SK_PRODUCT_KNOWLEDGE"":2,""SK_PROSPECTING"":3,""SK_PUBLIC_SPEAKING"":2,""SK_STAKEHOLDER_MGMT"":0,""SK_SYSTEM_DESIGN"":2,""SK_TEAMWORK"":2,""SK_TIME_MANAGEMENT"":3,""SK_WRITTEN_COMMUNICATION"":3},""last_review_date"":""2026-06-08""}"
employee,E0130,"{""employee_id"":""E0130"",""full_name"":""Aigerim Kassymova"",""department"":""Quality Assurance"",""role"":""QA Engineer"",""grade"":""Middle"",""manager_id"":""E0063"",""hire_date"":""2024-11-18"",""tenure_months"":22,""work_format"":""hybrid"",""preferred_language"":""kk"",""career_goal"":{""target_role"":""QA Engineer"",""target_grade"":""Senior""},""skills"":{""SK_ADAPTABILITY"":2,""SK_API_TESTING"":4,""SK_CICD"":0,""SK_COMMUNICATION"":3,""SK_CONFLICT_RESOLUTION"":2,""SK_CRITICAL_THINKING"":3,""SK_EMOTIONAL_INTELLIGENCE"":3,""SK_FEEDBACK"":1,""SK_JAVA"":1,""SK_LEADERSHIP"":0,""SK_LOAD_TESTING"":1,""SK_MENTORING"":1,""SK_PROBLEM_SOLVING"":1,""SK_PUBLIC_SPEAKING"":3,""SK_SQL"":2,""SK_STAKEHOLDER_MGMT"":2,""SK_TEAMWORK"":3,""SK_TEST_AUTOMATION"":0,""SK_TEST_DESIGN"":3,""SK_TIME_MANAGEMENT"":3,""SK_WRITTEN_COMMUNICATION"":2},""last_review_date"":""2026-04-24""}"
employee,E0131,"{""employee_id"":""E0131"",""full_name"":""Serik Kaliyev"",""department"":""Human Resources"",""role"":""HR Business Partner"",""grade"":""Middle"",""manager_id"":""E0014"",""hire_date"":""2022-10-31"",""tenure_months"":47,""work_format"":""office"",""preferred_language"":""ru"",""career_goal"":{""target_role"":""HR Business Partner"",""target_grade"":""Senior""},""skills"":{""SK_ADAPTABILITY"":2,""SK_API_TESTING"":1,""SK_COMMUNICATION"":3,""SK_COMPENSATION"":2,""SK_CONFLICT_RESOLUTION"":2,""SK_CRITICAL_THINKING"":3,""SK_EMOTIONAL_INTELLIGENCE"":3,""SK_EMPLOYEE_RELATIONS"":3,""SK_FEEDBACK"":3,""SK_HR_ANALYTICS"":0,""SK_LABOR_LAW"":2,""SK_LEADERSHIP"":1,""SK_LEARNING_DESIGN"":2,""SK_MENTORING"":0,""SK_PROBLEM_SOLVING"":2,""SK_PUBLIC_SPEAKING"":1,""SK_STAKEHOLDER_MGMT"":2,""SK_TALENT_ACQUISITION"":2,""SK_TEAMWORK"":2,""SK_TIME_MANAGEMENT"":3,""SK_WRITTEN_COMMUNICATION"":1},""last_review_date"":""2026-08-06""}"
employee,E0132,"{""employee_id"":""E0132"",""full_name"":""Daniyar Tulegenov"",""department"":""Data \u0026 Analytics"",""role"":""Data Analyst"",""grade"":""Senior"",""manager_id"":""E0085"",""hire_date"":""2019-08-02"",""tenure_months"":85,""work_format"":""remote"",""preferred_language"":""en"",""career_goal"":null,""skills"":{""SK_AB_TESTING"":2,""SK_ADAPTABILITY"":2,""SK_BI_TOOLS"":4,""SK_COMMUNICATION"":3,""SK_CONFLICT_RESOLUTION"":1,""SK_CRITICAL_THINKING"":3,""SK_DATA_MODELING"":2,""SK_DATA_VIZ"":4,""SK_EMOTIONAL_INTELLIGENCE"":3,""SK_FEEDBACK"":3,""SK_HR_ANALYTICS"":1,""SK_LEADERSHIP"":1,""SK_MENTORING"":1,""SK_ML_BASICS"":1,""SK_PROBLEM_SOLVING"":2,""SK_PRODUCT_ANALYTICS"":2,""SK_PUBLIC_SPEAKING"":2,""SK_PYTHON"":4,""SK_SQL"":3,""SK_STAKEHOLDER_MGMT"":2,""SK_STATISTICS"":3,""SK_TEAMWORK"":2,""SK_TIME_MANAGEMENT"":2,""SK_WRITTEN_COMMUNICATION"":1},""last_review_date"":""2026-06-09""}"
employee,E0133,"{""employee_id"":""E0133"",""full_name"":""Saule Sarsenbayeva"",""department"":""Human Resources"",""role"":""HR Business Partner"",""grade"":""Lead"",""manager_id"":null,""hire_date"":""2019-08-23"",""tenure_months"":85,""work_format"":""office"",""preferred_language"":""ru"",""career_goal"":null,""skills"":{""SK_ADAPTABILITY"":1,""SK_COMMUNICATION"":4,""SK_COMPENSATION"":3,""SK_CONFLICT_RESOLUTION"":4,""SK_CONTAINERS"":1,""SK_CRITICAL_THINKING"":2,""SK_CRM"":1,""SK_EMOTIONAL_INTELLIGENCE"":4,""SK_EMPLOYEE_RELATIONS"":4,""SK_FEEDBACK"":3,""SK_HR_ANALYTICS"":5,""SK_LABOR_LAW"":3,""SK_LEADERSHIP"":5,""SK_LEARNING_DESIGN"":5,""SK_MENTORING"":3,""SK_PROBLEM_SOLVING"":2,""SK_PUBLIC_SPEAKING"":4,""SK_STAKEHOLDER_MGMT"":4,""SK_TALENT_ACQUISITION"":5,""SK_TEAMWORK"":1,""SK_TIME_MANAGEMENT"":2,""SK_WRITTEN_COMMUNICATION"":2},""last_review_date"":""2026-04-07""}"
employee,E0134,"{""employee_id"":""E0134"",""full_name"":""Maxim Popov"",""department"":""Product Management"",""role"":""Product Manager"",""grade"":""Middle"",""manager_id"":""E0060"",""hire_date"":""2023-05-01"",""tenure_months"":41,""work_format"":""hybrid"",""preferred_language"":""ru"",""career_goal"":null,""skills"":{""SK_AB_TESTING"":0,""SK_ADAPTABILITY"":1,""SK_AGILE"":1,""SK_CLOUD"":1,""SK_COMMUNICATION"":2,""SK_CONFLICT_RESOLUTION"":1,""SK_CONTAINERS"":2,""SK_CRITICAL_THINKING"":1,""SK_EMOTIONAL_INTELLIGENCE"":2,""SK_FEEDBACK"":3,""SK_LEADERSHIP"":0,""SK_MENTORING"":2,""SK_PROBLEM_SOLVING"":3,""SK_PRODUCT_ANALYTICS"":2,""SK_PRODUCT_DISCOVERY"":4,""SK_PROJECT_MGMT"":2,""SK_PUBLIC_SPEAKING"":1,""SK_REQUIREMENTS"":3,""SK_ROADMAPPING"":2,""SK_SQL"":0,""SK_STAKEHOLDER_MGMT"":3,""SK_TEAMWORK"":3,""SK_TIME_MANAGEMENT"":3,""SK_UX_RESEARCH"":3,""SK_WRITTEN_COMMUNICATION"":3},""last_review_date"":""2026-02-10""}"
employee,E0135,"{""employee_id"":""E0135"",""full_name"":""Marat Sarsenbayev"",""department"":""Backend Development"",""role"":""Backend Engineer"",""grade"":""Junior"",""manager_id"":""E0175"",""hire_date"":""2026-05-14"",""tenure_months"":4,""work_format"":""remote"",""preferred_language"":""kk"",""career_goal"":{""target_role"":""Data Analyst"",""target_grade"":""Junior""},""skills"":{""SK_ADAPTABILITY"":1,""SK_API_DESIGN"":0,""SK_APP_SECURITY"":1,""SK_CICD"":1,""SK_CLOUD"":1,""SK_COMMUNICATION"":0,""SK_CONFLICT_RESOLUTION"":1,""SK_CONTAINERS"":0,""SK_CRITICAL_THINKING"":3,""SK_EMOTIONAL_INTELLIGENCE"":2,""SK_FEEDBACK"":2,""SK_LEADERSHIP"":1,""SK_MENTORING"":1,""SK_ML_BASICS"":1,""SK_OBSERVABILITY"":1,""SK_PROBLEM_SOLVING"":1,""SK_PUBLIC_SPEAKING"":1,""SK_PYTHON"":2,""SK_SQL"":2,""SK_STAKEHOLDER_MGMT"":2,""SK_SYSTEM_DESIGN"":1,""SK_TEAMWORK"":1,""SK_TIME_MANAGEMENT"":3,""SK_WRITTEN_COMMUNICATION"":3},""last_review_date"":""2026-07-15""}"
employee,E0136,"{""employee_id"":""E0136"",""full_name"":""Rustem Sarsenbayev"",""department"":""Backend Development"",""role"":""Backend Engineer"",""grade"":""Senior"",""manager_id"":""E0175"",""hire_date"":""2024-04-01"",""tenure_months"":30,""work_format"":""hybrid"",""preferred_language"":""kk"",""career_goal"":null,""skills"":{""SK_ADAPTABILITY"":2,""SK_API_DESIGN"":5,""SK_APP_SECURITY"":3,""SK_CICD"":3,""SK_CLOUD"":3,""SK_COMMUNICATION"":4,""SK_CONFLICT_RESOLUTION"":3,""SK_CONTAINERS"":2,""SK_CRITICAL_THINKING"":2,""SK_EMOTIONAL_INTELLIGENCE"":2,""SK_FEEDBACK"":1,""SK_LEADERSHIP"":2,""SK_MENTORING"":2,""SK_OBSERVABILITY"":1,""SK_PROBLEM_SOLVING"":3,""SK_PUBLIC_SPEAKING"":1,""SK_PYTHON"":5,""SK_REACT"":1,""SK_SQL"":4,""SK_STAKEHOLDER_MGMT"":2,""SK_SYSTEM_DESIGN"":4,""SK_TEAMWORK"":3,""SK_TIME_MANAGEMENT"":3,""SK_WRITTEN_COMMUNICATION"":3},""last_review_date"":""2026-02-25""}"
employee,E0137,"{""employee_id"":""E0137"",""full_name"":""Natalia Sokolova"",""department"":""Backend Development"",""role"":""Backend Engineer"",""grade"":""Middle"",""manager_id"":""E0050"",""hire_date"":""2025-02-17"",""tenure_months"":19,""work_format"":""remote"",""preferred_language"":""kk"",""career_goal"":null,""skills"":{""SK_ADAPTABILITY"":2,""SK_API_DESIGN"":3,""SK_APP_SECURITY"":3,""SK_CICD"":1,""SK_CLOUD"":0,""SK_COMMUNICATION"":4,""SK_CONFLICT_RESOLUTION"":3,""SK_CONTAINERS"":3,""SK_CRITICAL_THINKING"":1,""SK_EMOTIONAL_INTELLIGENCE"":2,""SK_FEEDBACK"":2,""SK_LEADERSHIP"":1,""SK_MENTORING"":1,""SK_OBSERVABILITY"":2,""SK_PROBLEM_SOLVING"":2,""SK_PUBLIC_SPEAKING"":0,""SK_PYTHON"":4,""SK_SQL"":3,""SK_STAKEHOLDER_MGMT"":2,""SK_STATISTICS"":1,""SK_SYSTEM_DESIGN"":2,""SK_TEAMWORK"":2,""SK_TIME_MANAGEMENT"":3,""SK_WRITTEN_COMMUNICATION"":3},""last_review_date"":""2026-06-02""}"
employee,E0138,"{""employee_id"":""E0138"",""full_name"":""Dmitry Petrov"",""department"":""Sales"",""role"":""Sales Manager"",""grade"":""Senior"",""manager_id"":""E0148"",""hire_date"":""2020-10-21"",""tenure_months"":71,""work_format"":""remote"",""preferred_language"":""ru"",""career_goal"":{""target_role"":""Sales Manager"",""target_grade"":""Lead""},""skills"":{""SK_ACCOUNT_MGMT"":4,""SK_ADAPTABILITY"":4,""SK_COMMUNICATION"":4,""SK_CONFLICT_RESOLUTION"":2,""SK_CRITICAL_THINKING"":2,""SK_CRM"":1,""SK_EMOTIONAL_INTELLIGENCE"":2,""SK_FEEDBACK"":3,""SK_LEADERSHIP"":3,""SK_MENTORING"":2,""SK_NEGOTIATION"":4,""SK_PROBLEM_SOLVING"":2,""SK_PRODUCT_KNOWLEDGE"":3,""SK_PROSPECTING"":5,""SK_PUBLIC_SPEAKING"":3,""SK_STAKEHOLDER_MGMT"":4,""SK_SYSTEM_DESIGN"":2,""SK_TEAMWORK"":2,""SK_TIME_MANAGEMENT"":3,""SK_WRITTEN_COMMUNICATION"":1},""last_review_date"":""2026-03-27""}"
employee,E0139,"{""employee_id"":""E0139"",""full_name"":""Sergey Novikov"",""department"":""Customer Support"",""role"":""Customer Support Specialist"",""grade"":""Senior"",""manager_id"":""E0180"",""hire_date"":""2025-03-25"",""tenure_months"":18,""work_format"":""office"",""preferred_language"":""kk"",""career_goal"":{""target_role"":""Customer Support Specialist"",""target_grade"":""Lead""},""skills"":{""SK_ADAPTABILITY"":3,""SK_COMMUNICATION"":4,""SK_CONFLICT_RESOLUTION"":3,""SK_CRITICAL_THINKING"":1,""SK_CRM"":2,""SK_CUSTOMER_SERVICE"":5,""SK_EMOTIONAL_INTELLIGENCE"":3,""SK_FEEDBACK"":2,""SK_LEADERSHIP"":0,""SK_MENTORING"":1,""SK_PROBLEM_SOLVING"":3,""SK_PRODUCT_KNOWLEDGE"":3,""SK_PUBLIC_SPEAKING"":3,""SK_REQUIREMENTS"":1,""SK_STAKEHOLDER_MGMT"":3,""SK_TALENT_ACQUISITION"":2,""SK_TEAMWORK"":1,""SK_TIME_MANAGEMENT"":3,""SK_TROUBLESHOOTING"":3,""SK_WRITTEN_COMMUNICATION"":1},""last_review_date"":""2026-09-17""}"
employee,E0140,"{""employee_id"":""E0140"",""full_name"":""Aruzhan Dzhakupova"",""department"":""Backend Development"",""role"":""Backend Engineer"",""grade"":""Middle"",""manager_id"":""E0050"",""hire_date"":""2024-06-21"",""tenure_months"":27,""work_format"":""office"",""preferred_language"":""ru"",""career_goal"":{""target_role"":""Backend Engineer"",""target_grade"":""Senior""},""skills"":{""SK_ADAPTABILITY"":3,""SK_API_DESIGN"":3,""SK_APP_SECURITY"":2,""SK_CICD"":3,""SK_CLOUD"":0,""SK_COMMUNICATION"":4,""SK_CONFLICT_RESOLUTION"":3,""SK_CONTAINERS"":1,""SK_CRITICAL_THINKING"":1,""SK_EMOTIONAL_INTELLIGENCE"":1,""SK_FEEDBACK"":2,""SK_HR_ANALYTICS"":1,""SK_LEADERSHIP"":2,""SK_MENTORING"":0,""SK_OBSERVABILITY"":1,""SK_PROBLEM_SOLVING"":3,""SK_PUBLIC_SPEAKING"":2,""SK_PYTHON"":1,""SK_SQL"":2,""SK_STAKEHOLDER_MGMT"":2,""SK_STATISTICS"":1,""SK_SYSTEM_DESIGN"":2,""SK_TEAMWORK"":4,""SK_TIME_MANAGEMENT"":2,""SK_WRITTEN_COMMUNICATION"":2},""last_review_date"":""2026-08-28""}"
employee,E0141,"{""employee_id"":""E0141"",""full_name"":""Kanat Nurlanov"",""department"":""Frontend Development"",""role"":""Frontend Engineer"",""grade"":""Junior"",""manager_id"":""E0006"",""hire_date"":""2025-11-27"",""tenure_months"":10,""work_format"":""remote"",""preferred_language"":""kk"",""career_goal"":{""target_role"":""Product Manager"",""target_grade"":""Junior""},""skills"":{""SK_ACCESSIBILITY"":2,""SK_ADAPTABILITY"":3,""SK_API_DESIGN"":1,""SK_CICD"":2,""SK_COMMUNICATION"":1,""SK_CONFLICT_RESOLUTION"":2,""SK_CRITICAL_THINKING"":3,""SK_EMOTIONAL_INTELLIGENCE"":2,""SK_FEEDBACK"":3,""SK_HTML_CSS"":1,""SK_JAVASCRIPT"":3,""SK_LEADERSHIP"":1,""SK_MENTORING"":0,""SK_PROBLEM_SOLVING"":0,""SK_PUBLIC_SPEAKING"":1,""SK_PYTHON"":1,""SK_REACT"":2,""SK_STAKEHOLDER_MGMT"":0,""SK_TEAMWORK"":2,""SK_TIME_MANAGEMENT"":2,""SK_TYPESCRIPT"":0,""SK_WEB_PERFORMANCE"":1,""SK_WRITTEN_COMMUNICATION"":3},""last_review_date"":""2026-07-23""}"
employee,E0142,"{""employee_id"":""E0142"",""full_name"":""Alibek Abenov"",""department"":""Sales"",""role"":""Sales Manager"",""grade"":""Middle"",""manager_id"":""E0148"",""hire_date"":""2025-08-18"",""tenure_months"":13,""work_format"":""hybrid"",""preferred_language"":""kk"",""career_goal"":{""target_role"":""Sales Manager"",""target_grade"":""Senior""},""skills"":{""SK_ACCOUNT_MGMT"":0,""SK_ADAPTABILITY"":1,""SK_COMMUNICATION"":3,""SK_CONFLICT_RESOLUTION"":2,""SK_CRITICAL_THINKING"":2,""SK_CRM"":3,""SK_EMOTIONAL_INTELLIGENCE"":4,""SK_FEEDBACK"":2,""SK_LABOR_LAW"":1,""SK_LEADERSHIP"":2,""SK_MENTORING"":0,""SK_NEGOTIATION"":1,""SK_PROBLEM_SOLVING"":3,""SK_PRODUCT_KNOWLEDGE"":2,""SK_PROSPECTING"":4,""SK_PUBLIC_SPEAKING"":1,""SK_STAKEHOLDER_MGMT"":0,""SK_TEAMWORK"":1,""SK_TIME_MANAGEMENT"":1,""SK_WRITTEN_COMMUNICATION"":2},""last_review_date"":""2026-05-15""}"
employee,E0143,"{""employee_id"":""E0143"",""full_name"":""Maria Lebedeva"",""department"":""Customer Support"",""role"":""Customer Support Specialist"",""grade"":""Middle"",""manager_id"":""E0035"",""hire_date"":""2023-08-15"",""tenure_months"":37,""work_format"":""office"",""preferred_language"":""kk"",""career_goal"":null,""skills"":{""SK_ADAPTABILITY"":2,""SK_COMMUNICATION"":3,""SK_CONFLICT_RESOLUTION"":2,""SK_CRITICAL_THINKING"":3,""SK_CRM"":0,""SK_CUSTOMER_SERVICE"":2,""SK_EMOTIONAL_INTELLIGENCE"":4,""SK_FEEDBACK"":2,""SK_LEADERSHIP"":1,""SK_MENTORING"":1,""SK_ML_BASICS"":1,""SK_PROBLEM_SOLVING"":2,""SK_PRODUCT_KNOWLEDGE"":2,""SK_PUBLIC_SPEAKING"":3,""SK_REQUIREMENTS"":1,""SK_STAKEHOLDER_MGMT"":2,""SK_TEAMWORK"":3,""SK_TIME_MANAGEMENT"":4,""SK_TROUBLESHOOTING"":2,""SK_WRITTEN_COMMUNICATION"":3},""last_review_date"":""2026-04-28""}"
employee,E0144,"{""employee_id"":""E0144"",""full_name"":""Botagoz Ismailova"",""department"":""Customer Support"",""role"":""Customer Support Specialist"",""grade"":""Junior"",""manager_id"":""E0180"",""hire_date"":""2024-09-16"",""tenure_months"":24,""work_format"":""office"",""preferred_language"":""ru"",""career_goal"":{""target_role"":""Customer Support Specialist"",""target_grade"":""Middle""},""skills"":{""SK_ADAPTABILITY"":2,""SK_COMMUNICATION"":1,""SK_COMPENSATION"":1,""SK_CONFLICT_RESOLUTION"":1,""SK_CRITICAL_THINKING"":3,""SK_CRM"":2,""SK_CUSTOMER_SERVICE"":0,""SK_EMOTIONAL_INTELLIGENCE"":1,""SK_FEEDBACK"":1,""SK_LEADERSHIP"":2,""SK_MENTORING"":1,""SK_PROBLEM_SOLVING"":0,""SK_PRODUCT_KNOWLEDGE"":2,""SK_PUBLIC_SPEAKING"":3,""SK_STAKEHOLDER_MGMT"":2,""SK_TEAMWORK"":1,""SK_TIME_MANAGEMENT"":1,""SK_TROUBLESHOOTING"":0,""SK_WRITTEN_COMMUNICATION"":3},""last_review_date"":""2026-08-19""}"
employee,E0145,"{""employee_id"":""E0145"",""full_name"":""Roman Novikov"",""department"":""Quality Assurance"",""role"":""QA Engineer"",""grade"":""Senior"",""manager_id"":""E0063"",""hire_date"":""2023-10-12"",""tenure_months"":35,""work_format"":""office"",""preferred_language"":""kk"",""career_goal"":{""target_role"":""QA Engineer"",""target_grade"":""Lead""},""skills"":{""SK_ADAPTABILITY"":2,""SK_API_TESTING"":4,""SK_CICD"":2,""SK_COMMUNICATION"":1,""SK_CONFLICT_RESOLUTION"":2,""SK_CONTAINERS"":2,""SK_CRITICAL_THINKING"":5,""SK_EMOTIONAL_INTELLIGENCE"":2,""SK_FEEDBACK"":3,""SK_JAVA"":3,""SK_LEADERSHIP"":1,""SK_LOAD_TESTING"":3,""SK_MENTORING"":2,""SK_PROBLEM_SOLVING"":2,""SK_PUBLIC_SPEAKING"":2,""SK_ROADMAPPING"":2,""SK_SQL"":2,""SK_STAKEHOLDER_MGMT"":2,""SK_TEAMWORK"":1,""SK_TEST_AUTOMATION"":4,""SK_TEST_DESIGN"":4,""SK_TIME_MANAGEMENT"":3,""SK_WRITTEN_COMMUNICATION"":2},""last_review_date"":""2026-05-21""}"
employee,E0146,"{""employee_id"":""E0146"",""full_name"":""Alibek Zhumabekov"",""department"":""Data \u0026 Analytics"",""role"":""Data Analyst"",""grade"":""Junior"",""manager_id"":""E0085"",""hire_date"":""2026-03-23"",""tenure_months"":6,""work_format"":""hybrid"",""preferred_language"":""ru"",""career_goal"":null,""skills"":{""SK_AB_TESTING"":2,""SK_ADAPTABILITY"":1,""SK_BI_TOOLS"":0,""SK_COMMUNICATION"":2,""SK_CONFLICT_RESOLUTION"":2,""SK_CRITICAL_THINKING"":2,""SK_DATA_MODELING"":1,""SK_DATA_VIZ"":2,""SK_EMOTIONAL_INTELLIGENCE"":2,""SK_FEEDBACK"":2,""SK_LEADERSHIP"":2,""SK_MENTORING"":2,""SK_ML_BASICS"":0,""SK_PROBLEM_SOLVING"":1,""SK_PRODUCT_ANALYTICS"":1,""SK_PUBLIC_SPEAKING"":0,""SK_PYTHON"":2,""SK_SQL"":3,""SK_STAKEHOLDER_MGMT"":2,""SK_STATISTICS"":2,""SK_TEAMWORK"":3,""SK_TIME_MANAGEMENT"":2,""SK_WRITTEN_COMMUNICATION"":1},""last_review_date"":""2026-05-12""}"
employee,E0147,"{""employee_id"":""E0147"",""full_name"":""Ainur Dzhakupova"",""department"":""Frontend Development"",""role"":""Frontend Engineer"",""grade"":""Middle"",""manager_id"":""E0006"",""hire_date"":""2024-05-27"",""tenure_months"":28,""work_format"":""office"",""preferred_language"":""ru"",""career_goal"":{""target_role"":""Frontend Engineer"",""target_grade"":""Senior""},""skills"":{""SK_ACCESSIBILITY"":2,""SK_ADAPTABILITY"":3,""SK_API_DESIGN"":2,""SK_CICD"":2,""SK_COMMUNICATION"":4,""SK_CONFLICT_RESOLUTION"":2,""SK_CRITICAL_THINKING"":2,""SK_DATA_MODELING"":1,""SK_EMOTIONAL_INTELLIGENCE"":2,""SK_FEEDBACK"":1,""SK_HTML_CSS"":4,""SK_JAVASCRIPT"":4,""SK_LEADERSHIP"":1,""SK_LOAD_TESTING"":2,""SK_MENTORING"":1,""SK_PROBLEM_SOLVING"":3,""SK_PUBLIC_SPEAKING"":2,""SK_REACT"":2,""SK_STAKEHOLDER_MGMT"":2,""SK_TEAMWORK"":4,""SK_TIME_MANAGEMENT"":1,""SK_TYPESCRIPT"":4,""SK_WEB_PERFORMANCE"":1,""SK_WRITTEN_COMMUNICATION"":3},""last_review_date"":""2026-07-14""}"
employee,E0148,"{""employee_id"":""E0148"",""full_name"":""Madina Abenova"",""department"":""Sales"",""role"":""Sales Manager"",""grade"":""Lead"",""manager_id"":""E0169"",""hire_date"":""2020-08-18"",""tenure_months"":73,""work_format"":""office"",""preferred_language"":""kk"",""career_goal"":null,""skills"":{""SK_ACCOUNT_MGMT"":3,""SK_ADAPTABILITY"":4,""SK_BI_TOOLS"":2,""SK_COMMUNICATION"":5,""SK_CONFLICT_RESOLUTION"":3,""SK_CRITICAL_THINKING"":3,""SK_CRM"":5,""SK_EMOTIONAL_INTELLIGENCE"":2,""SK_FEEDBACK"":1,""SK_LEADERSHIP"":3,""SK_MENTORING"":5,""SK_NEGOTIATION"":5,""SK_PROBLEM_SOLVING"":3,""SK_PRODUCT_KNOWLEDGE"":4,""SK_PROSPECTING"":4,""SK_PUBLIC_SPEAKING"":4,""SK_STAKEHOLDER_MGMT"":4,""SK_TEAMWORK"":3,""SK_TIME_MANAGEMENT"":4,""SK_WRITTEN_COMMUNICATION"":1},""last_review_date"":""2026-06-15""}"
employee,E0149,"{""employee_id"":""E0149"",""full_name"":""Kirill Popov"",""department"":""Sales"",""role"":""Sales Manager"",""grade"":""Middle"",""manager_id"":""E0148"",""hire_date"":""2022-10-26"",""tenure_months"":47,""work_format"":""office"",""preferred_language"":""ru"",""career_goal"":null,""skills"":{""SK_ACCOUNT_MGMT"":1,""SK_ADAPTABILITY"":2,""SK_CLOUD"":1,""SK_COMMUNICATION"":3,""SK_CONFLICT_RESOLUTION"":2,""SK_CRITICAL_THINKING"":2,""SK_CRM"":2,""SK_EMOTIONAL_INTELLIGENCE"":3,""SK_FEEDBACK"":3,""SK_LEADERSHIP"":2,""SK_MENTORING"":1,""SK_NEGOTIATION"":4,""SK_PROBLEM_SOLVING"":3,""SK_PRODUCT_KNOWLEDGE"":1,""SK_PROSPECTING"":1,""SK_PUBLIC_SPEAKING"":1,""SK_STAKEHOLDER_MGMT"":1,""SK_TEAMWORK"":1,""SK_TIME_MANAGEMENT"":3,""SK_WRITTEN_COMMUNICATION"":3},""last_review_date"":""2026-04-10""}"
employee,E0150,"{""employee_id"":""E0150"",""full_name"":""Daria Kozlova"",""department"":""Backend Development"",""role"":""Backend Engineer"",""grade"":""Middle"",""manager_id"":""E0175"",""hire_date"":""2023-07-03"",""tenure_months"":38,""work_format"":""office"",""preferred_language"":""ru"",""career_goal"":{""target_role"":""Backend Engineer"",""target_grade"":""Senior""},""skills"":{""SK_ADAPTABILITY"":3,""SK_API_DESIGN"":4,""SK_APP_SECURITY"":2,""SK_CICD"":2,""SK_CLOUD"":2,""SK_COMMUNICATION"":2,""SK_CONFLICT_RESOLUTION"":2,""SK_CONTAINERS"":1,""SK_CRITICAL_THINKING"":3,""SK_DATA_VIZ"":1,""SK_EMOTIONAL_INTELLIGENCE"":2,""SK_FEEDBACK"":2,""SK_LEADERSHIP"":1,""SK_MENTORING"":1,""SK_OBSERVABILITY"":1,""SK_PROBLEM_SOLVING"":3,""SK_PUBLIC_SPEAKING"":1,""SK_PYTHON"":2,""SK_SQL"":4,""SK_STAKEHOLDER_MGMT"":0,""SK_SYSTEM_DESIGN"":2,""SK_TEAMWORK"":3,""SK_TIME_MANAGEMENT"":3,""SK_WRITTEN_COMMUNICATION"":2},""last_review_date"":""2026-01-27""}"
employee,E0151,"{""employee_id"":""E0151"",""full_name"":""Daniyar Ismailov"",""department"":""Human Resources"",""role"":""HR Business Partner"",""grade"":""Junior"",""manager_id"":""E0133"",""hire_date"":""2025-09-11"",""tenure_months"":12,""work_format"":""remote"",""preferred_language"":""ru"",""career_goal"":null,""skills"":{""SK_ADAPTABILITY"":2,""SK_COMMUNICATION"":2,""SK_COMPENSATION"":1,""SK_CONFLICT_RESOLUTION"":0,""SK_CRITICAL_THINKING"":3,""SK_EMOTIONAL_INTELLIGENCE"":2,""SK_EMPLOYEE_RELATIONS"":0,""SK_FEEDBACK"":1,""SK_HR_ANALYTICS"":1,""SK_LABOR_LAW"":0,""SK_LEADERSHIP"":2,""SK_LEARNING_DESIGN"":1,""SK_MENTORING"":0,""SK_PROBLEM_SOLVING"":3,""SK_PUBLIC_SPEAKING"":0,""SK_STAKEHOLDER_MGMT"":0,""SK_TALENT_ACQUISITION"":1,""SK_TEAMWORK"":2,""SK_TIME_MANAGEMENT"":3,""SK_WRITTEN_COMMUNICATION"":3},""last_review_date"":""2026-04-14""}"
employee,E0152,"{""employee_id"":""E0152"",""full_name"":""Ksenia Ivanova"",""department"":""Sales"",""role"":""Sales Manager"",""grade"":""Junior"",""manager_id"":""E0169"",""hire_date"":""2025-12-16"",""tenure_months"":9,""work_format"":""remote"",""preferred_language"":""kk"",""career_goal"":null,""skills"":{""SK_ACCOUNT_MGMT"":1,""SK_ADAPTABILITY"":1,""SK_COMMUNICATION"":4,""SK_CONFLICT_RESOLUTION"":2,""SK_CRITICAL_THINKING"":1,""SK_CRM"":1,""SK_CUSTOMER_SERVICE"":2,""SK_EMOTIONAL_INTELLIGENCE"":3,""SK_FEEDBACK"":2,""SK_LEADERSHIP"":1,""SK_MENTORING"":1,""SK_NEGOTIATION"":2,""SK_PROBLEM_SOLVING"":2,""SK_PRODUCT_KNOWLEDGE"":3,""SK_PROSPECTING"":1,""SK_PUBLIC_SPEAKING"":2,""SK_STAKEHOLDER_MGMT"":2,""SK_TEAMWORK"":1,""SK_TIME_MANAGEMENT"":2,""SK_WRITTEN_COMMUNICATION"":1},""last_review_date"":""2026-02-05""}"
employee,E0153,"{""employee_id"":""E0153"",""full_name"":""Yerzhan Kaliyev"",""department"":""Sales"",""role"":""Sales Manager"",""grade"":""Middle"",""manager_id"":""E0169"",""hire_date"":""2022-10-17"",""tenure_months"":47,""work_format"":""office"",""preferred_language"":""ru"",""career_goal"":{""target_role"":""Sales Manager"",""target_grade"":""Senior""},""skills"":{""SK_ACCOUNT_MGMT"":1,""SK_ADAPTABILITY"":2,""SK_COMMUNICATION"":2,""SK_CONFLICT_RESOLUTION"":2,""SK_CRITICAL_THINKING"":3,""SK_CRM"":4,""SK_EMOTIONAL_INTELLIGENCE"":3,""SK_FEEDBACK"":3,""SK_HR_ANALYTICS"":2,""SK_LEADERSHIP"":1,""SK_MENTORING"":2,""SK_NEGOTIATION"":4,""SK_PROBLEM_SOLVING"":2,""SK_PRODUCT_KNOWLEDGE"":3,""SK_PROSPECTING"":2,""SK_PUBLIC_SPEAKING"":2,""SK_STAKEHOLDER_MGMT"":2,""SK_TEAMWORK"":2,""SK_TIME_MANAGEMENT"":1,""SK_WRITTEN_COMMUNICATION"":2},""last_review_date"":""2026-08-10""}"
employee,E0154,"{""employee_id"":""E0154"",""full_name"":""Elena Novikova"",""department"":""Frontend Development"",""role"":""Frontend Engineer"",""grade"":""Middle"",""manager_id"":""E0006"",""hire_date"":""2023-08-16"",""tenure_months"":37,""work_format"":""office"",""preferred_language"":""ru"",""career_goal"":{""target_role"":""Frontend Engineer"",""target_grade"":""Senior""},""skills"":{""SK_ACCESSIBILITY"":2,""SK_ADAPTABILITY"":2,""SK_API_DESIGN"":0,""SK_CICD"":1,""SK_COMMUNICATION"":3,""SK_CONFLICT_RESOLUTION"":3,""SK_CRITICAL_THINKING"":2,""SK_EMOTIONAL_INTELLIGENCE"":1,""SK_FEEDBACK"":2,""SK_HTML_CSS"":2,""SK_JAVASCRIPT"":3,""SK_LEADERSHIP"":0,""SK_MENTORING"":0,""SK_PROBLEM_SOLVING"":4,""SK_PUBLIC_SPEAKING"":0,""SK_REACT"":2,""SK_STAKEHOLDER_MGMT"":1,""SK_TEAMWORK"":2,""SK_TIME_MANAGEMENT"":1,""SK_TYPESCRIPT"":4,""SK_WEB_PERFORMANCE"":1,""SK_WRITTEN_COMMUNICATION"":1},""last_review_date"":""2026-01-16""}"
employee,E0155,"{""employee_id"":""E0155"",""full_name"":""Indira Zhaksylykova"",""department"":""Backend Development"",""role"":""Backend Engineer"",""grade"":""Middle"",""manager_id"":""E0050"",""hire_date"":""2023-06-19"",""tenure_months"":39,""work_format"":""hybrid"",""preferred_language"":""kk"",""career_goal"":{""target_role"":""Backend Engineer"",""target_grade"":""Senior""},""skills"":{""SK_ADAPTABILITY"":1,""SK_API_DESIGN"":3,""SK_APP_SECURITY"":3,""SK_CICD"":1,""SK_CLOUD"":3,""SK_COMMUNICATION"":4,""SK_CONFLICT_RESOLUTION"":2,""SK_CONTAINERS"":2,""SK_CRITICAL_THINKING"":1,""SK_EMOTIONAL_INTELLIGENCE"":1,""SK_FEEDBACK"":3,""SK_LEADERSHIP"":2,""SK_MENTORING"":0,""SK_ML_BASICS"":1,""SK_OBSERVABILITY"":2,""SK_PROBLEM_SOLVING"":4,""SK_PUBLIC_SPEAKING"":1,""SK_PYTHON"":2,""SK_SQL"":2,""SK_STAKEHOLDER_MGMT"":0,""SK_SYSTEM_DESIGN"":3,""SK_TEAMWORK"":3,""SK_TIME_MANAGEMENT"":3,""SK_WRITTEN_COMMUNICATION"":2},""last_review_date"":""2026-08-31""}"
employee,E0156,"{""employee_id"":""E0156"",""full_name"":""Madi Baimukhanov"",""department"":""Quality Assurance"",""role"":""QA Engineer"",""grade"":""Junior"",""manager_id"":""E0063"",""hire_date"":""2026-01-20"",""tenure_months"":8,""work_format"":""hybrid"",""preferred_language"":""kk"",""career_goal"":{""target_role"":""QA Engineer"",""target_grade"":""Middle""},""skills"":{""SK_ADAPTABILITY"":1,""SK_API_TESTING"":1,""SK_CICD"":0,""SK_COMMUNICATION"":2,""SK_CONFLICT_RESOLUTION"":3,""SK_CRITICAL_THINKING"":2,""SK_DATA_VIZ"":2,""SK_EMOTIONAL_INTELLIGENCE"":2,""SK_FEEDBACK"":2,""SK_JAVA"":1,""SK_LEADERSHIP"":1,""SK_LOAD_TESTING"":1,""SK_MENTORING"":0,""SK_PROBLEM_SOLVING"":1,""SK_PRODUCT_KNOWLEDGE"":2,""SK_PUBLIC_SPEAKING"":1,""SK_SQL"":0,""SK_STAKEHOLDER_MGMT"":2,""SK_TEAMWORK"":2,""SK_TEST_AUTOMATION"":2,""SK_TEST_DESIGN"":2,""SK_TIME_MANAGEMENT"":3,""SK_WRITTEN_COMMUNICATION"":2},""last_review_date"":""2026-03-05""}"
employee,E0157,"{""employee_id"":""E0157"",""full_name"":""Andrey Morozov"",""department"":""Quality Assurance"",""role"":""QA Engineer"",""grade"":""Junior"",""manager_id"":""E0179"",""hire_date"":""2025-10-13"",""tenure_months"":11,""work_format"":""remote"",""preferred_language"":""kk"",""career_goal"":{""target_role"":""QA Engineer"",""target_grade"":""Middle""},""skills"":{""SK_ADAPTABILITY"":1,""SK_API_TESTING"":1,""SK_CICD"":1,""SK_COMMUNICATION"":0,""SK_CONFLICT_RESOLUTION"":3,""SK_CRITICAL_THINKING"":2,""SK_EMOTIONAL_INTELLIGENCE"":1,""SK_FEEDBACK"":3,""SK_JAVA"":1,""SK_LEADERSHIP"":1,""SK_LOAD_TESTING"":1,""SK_MENTORING"":1,""SK_PROBLEM_SOLVING"":2,""SK_PUBLIC_SPEAKING"":3,""SK_SQL"":0,""SK_STAKEHOLDER_MGMT"":2,""SK_TALENT_ACQUISITION"":1,""SK_TEAMWORK"":0,""SK_TEST_AUTOMATION"":0,""SK_TEST_DESIGN"":2,""SK_TIME_MANAGEMENT"":3,""SK_WRITTEN_COMMUNICATION"":2},""last_review_date"":""2026-07-27""}"
employee,E0158,"{""employee_id"":""E0158"",""full_name"":""Artem Volkov"",""department"":""Sales"",""role"":""Sales Manager"",""grade"":""Senior"",""manager_id"":""E0148"",""hire_date"":""2018-08-27"",""tenure_months"":97,""work_format"":""office"",""preferred_language"":""kk"",""career_goal"":{""target_role"":""Sales Manager"",""target_grade"":""Lead""},""skills"":{""SK_ACCESSIBILITY"":2,""SK_ACCOUNT_MGMT"":4,""SK_ADAPTABILITY"":1,""SK_COMMUNICATION"":4,""SK_CONFLICT_RESOLUTION"":1,""SK_CRITICAL_THINKING"":1,""SK_CRM"":4,""SK_EMOTIONAL_INTELLIGENCE"":3,""SK_FEEDBACK"":3,""SK_LEADERSHIP"":1,""SK_MENTORING"":2,""SK_NEGOTIATION"":5,""SK_PROBLEM_SOLVING"":3,""SK_PRODUCT_KNOWLEDGE"":5,""SK_PROSPECTING"":5,""SK_PUBLIC_SPEAKING"":1,""SK_STAKEHOLDER_MGMT"":3,""SK_TEAMWORK"":1,""SK_TIME_MANAGEMENT"":3,""SK_WRITTEN_COMMUNICATION"":2},""last_review_date"":""2026-03-05""}"
employee,E0159,"{""employee_id"":""E0159"",""full_name"":""Azamat Temirkhanov"",""department"":""Sales"",""role"":""Sales Manager"",""grade"":""Junior"",""manager_id"":""E0148"",""hire_date"":""2026-05-15"",""tenure_months"":4,""work_format"":""hybrid"",""preferred_language"":""ru"",""career_goal"":null,""skills"":{""SK_ACCOUNT_MGMT"":2,""SK_ADAPTABILITY"":2,""SK_COMMUNICATION"":3,""SK_CONFLICT_RESOLUTION"":2,""SK_CRITICAL_THINKING"":3,""SK_CRM"":2,""SK_EMOTIONAL_INTELLIGENCE"":3,""SK_FEEDBACK"":3,""SK_LEADERSHIP"":1,""SK_MENTORING"":0,""SK_NEGOTIATION"":2,""SK_PROBLEM_SOLVING"":1,""SK_PRODUCT_KNOWLEDGE"":3,""SK_PROSPECTING"":3,""SK_PUBLIC_SPEAKING"":2,""SK_PYTHON"":1,""SK_STAKEHOLDER_MGMT"":1,""SK_TEAMWORK"":3,""SK_TEST_AUTOMATION"":1,""SK_TIME_MANAGEMENT"":1,""SK_WRITTEN_COMMUNICATION"":2},""last_review_date"":""2026-08-06""}"
employee,E0160,"{""employee_id"":""E0160"",""full_name"":""Zhandos Mukanov"",""department"":""Customer Support"",""role"":""Customer Support Specialist"",""grade"":""Junior"",""manager_id"":""E0035"",""hire_date"":""2024-11-13"",""tenure_months"":22,""work_format"":""hybrid"",""preferred_language"":""ru"",""career_goal"":{""target_role"":""Customer Support Specialist"",""target_grade"":""Middle""},""skills"":{""SK_ADAPTABILITY"":1,""SK_COMMUNICATION"":2,""SK_CONFLICT_RESOLUTION"":1,""SK_CRITICAL_THINKING"":2,""SK_CRM"":1,""SK_CUSTOMER_SERVICE"":0,""SK_EMOTIONAL_INTELLIGENCE"":2,""SK_FEEDBACK"":1,""SK_LEADERSHIP"":2,""SK_MENTORING"":2,""SK_PROBLEM_SOLVING"":1,""SK_PRODUCT_KNOWLEDGE"":2,""SK_PUBLIC_SPEAKING"":3,""SK_STAKEHOLDER_MGMT"":1,""SK_TEAMWORK"":1,""SK_TIME_MANAGEMENT"":1,""SK_TROUBLESHOOTING"":1,""SK_WRITTEN_COMMUNICATION"":2},""last_review_date"":""2026-01-12""}"
employee,E0161,"{""employee_id"":""E0161"",""full_name"":""Anna Morozova"",""department"":""Sales"",""role"":""Sales Manager"",""grade"":""Senior"",""manager_id"":""E0148"",""hire_date"":""2024-05-15"",""tenure_months"":28,""work_format"":""remote"",""preferred_language"":""ru"",""career_goal"":{""target_role"":""Sales Manager"",""target_grade"":""Lead""},""skills"":{""SK_ACCOUNT_MGMT"":5,""SK_ADAPTABILITY"":3,""SK_BI_TOOLS"":1,""SK_COMMUNICATION"":2,""SK_CONFLICT_RESOLUTION"":3,""SK_CRITICAL_THINKING"":2,""SK_CRM"":2,""SK_EMOTIONAL_INTELLIGENCE"":4,""SK_FEEDBACK"":3,""SK_LEADERSHIP"":1,""SK_MENTORING"":1,""SK_NEGOTIATION"":2,""SK_PROBLEM_SOLVING"":2,""SK_PRODUCT_KNOWLEDGE"":5,""SK_PROSPECTING"":4,""SK_PUBLIC_SPEAKING"":1,""SK_STAKEHOLDER_MGMT"":3,""SK_TEAMWORK"":3,""SK_TIME_MANAGEMENT"":4,""SK_UX_RESEARCH"":1,""SK_WRITTEN_COMMUNICATION"":3},""last_review_date"":""2026-08-31""}"
employee,E0162,"{""employee_id"":""E0162"",""full_name"":""Daniyar Kassymov"",""department"":""Data \u0026 Analytics"",""role"":""Data Analyst"",""grade"":""Middle"",""manager_id"":""E0061"",""hire_date"":""2024-01-15"",""tenure_months"":32,""work_format"":""hybrid"",""preferred_language"":""kk"",""career_goal"":{""target_role"":""Data Analyst"",""target_grade"":""Senior""},""skills"":{""SK_AB_TESTING"":1,""SK_ADAPTABILITY"":3,""SK_BI_TOOLS"":2,""SK_COMMUNICATION"":2,""SK_CONFLICT_RESOLUTION"":3,""SK_CRITICAL_THINKING"":1,""SK_DATA_MODELING"":2,""SK_DATA_VIZ"":3,""SK_EMOTIONAL_INTELLIGENCE"":2,""SK_FEEDBACK"":2,""SK_LEADERSHIP"":2,""SK_MENTORING"":2,""SK_ML_BASICS"":2,""SK_PROBLEM_SOLVING"":2,""SK_PRODUCT_ANALYTICS"":1,""SK_PUBLIC_SPEAKING"":1,""SK_PYTHON"":1,""SK_SQL"":2,""SK_STAKEHOLDER_MGMT"":2,""SK_STATISTICS"":4,""SK_TEAMWORK"":3,""SK_TIME_MANAGEMENT"":1,""SK_WRITTEN_COMMUNICATION"":3},""last_review_date"":""2026-01-19""}"
employee,E0163,"{""employee_id"":""E0163"",""full_name"":""Botagoz Bekova"",""department"":""Sales"",""role"":""Sales Manager"",""grade"":""Middle"",""manager_id"":""E0169"",""hire_date"":""2022-05-25"",""tenure_months"":52,""work_format"":""office"",""preferred_language"":""ru"",""career_goal"":null,""skills"":{""SK_ACCOUNT_MGMT"":3,""SK_ADAPTABILITY"":3,""SK_COMMUNICATION"":3,""SK_CONFLICT_RESOLUTION"":3,""SK_CRITICAL_THINKING"":2,""SK_CRM"":2,""SK_EMOTIONAL_INTELLIGENCE"":2,""SK_FEEDBACK"":3,""SK_LEADERSHIP"":1,""SK_MENTORING"":1,""SK_NEGOTIATION"":1,""SK_PROBLEM_SOLVING"":2,""SK_PRODUCT_KNOWLEDGE"":2,""SK_PROSPECTING"":4,""SK_PUBLIC_SPEAKING"":1,""SK_STAKEHOLDER_MGMT"":2,""SK_TEAMWORK"":1,""SK_TIME_MANAGEMENT"":1,""SK_UX_RESEARCH"":1,""SK_WRITTEN_COMMUNICATION"":2},""last_review_date"":""2026-06-23""}"
employee,E0164,"{""employee_id"":""E0164"",""full_name"":""Askar Akhmetov"",""department"":""Backend Development"",""role"":""Backend Engineer"",""grade"":""Middle"",""manager_id"":""E0175"",""hire_date"":""2022-08-26"",""tenure_months"":49,""work_format"":""hybrid"",""preferred_language"":""ru"",""career_goal"":{""target_role"":""Data Analyst"",""target_grade"":""Middle""},""skills"":{""SK_ADAPTABILITY"":2,""SK_API_DESIGN"":4,""SK_APP_SECURITY"":3,""SK_CICD"":0,""SK_CLOUD"":1,""SK_COMMUNICATION"":3,""SK_CONFLICT_RESOLUTION"":3,""SK_CONTAINERS"":3,""SK_CRITICAL_THINKING"":1,""SK_EMOTIONAL_INTELLIGENCE"":3,""SK_FEEDBACK"":1,""SK_LEADERSHIP"":2,""SK_LEARNING_DESIGN"":1,""SK_MENTORING"":2,""SK_OBSERVABILITY"":2,""SK_PROBLEM_SOLVING"":2,""SK_PUBLIC_SPEAKING"":1,""SK_PYTHON"":2,""SK_SQL"":3,""SK_STAKEHOLDER_MGMT"":1,""SK_SYSTEM_DESIGN"":2,""SK_TEAMWORK"":2,""SK_TEST_DESIGN"":2,""SK_TIME_MANAGEMENT"":1,""SK_WRITTEN_COMMUNICATION"":3},""last_review_date"":""2026-05-07""}"
employee,E0165,"{""employee_id"":""E0165"",""full_name"":""Olga Popova"",""department"":""Product Management"",""role"":""Product Manager"",""grade"":""Junior"",""manager_id"":""E0060"",""hire_date"":""2024-08-30"",""tenure_months"":25,""work_format"":""office"",""preferred_language"":""ru"",""career_goal"":{""target_role"":""Product Manager"",""target_grade"":""Middle""},""skills"":{""SK_AB_TESTING"":1,""SK_ADAPTABILITY"":3,""SK_AGILE"":1,""SK_CLOUD"":2,""SK_COMMUNICATION"":2,""SK_CONFLICT_RESOLUTION"":3,""SK_CRITICAL_THINKING"":2,""SK_EMOTIONAL_INTELLIGENCE"":2,""SK_FEEDBACK"":1,""SK_LEADERSHIP"":1,""SK_LOAD_TESTING"":1,""SK_MENTORING"":1,""SK_PROBLEM_SOLVING"":1,""SK_PRODUCT_ANALYTICS"":0,""SK_PRODUCT_DISCOVERY"":1,""SK_PROJECT_MGMT"":1,""SK_PUBLIC_SPEAKING"":0,""SK_REQUIREMENTS"":1,""SK_ROADMAPPING"":1,""SK_SQL"":1,""SK_STAKEHOLDER_MGMT"":0,""SK_TEAMWORK"":3,""SK_TIME_MANAGEMENT"":2,""SK_UX_RESEARCH"":2,""SK_WRITTEN_COMMUNICATION"":1},""last_review_date"":""2026-04-21""}"
employee,E0166,"{""employee_id"":""E0166"",""full_name"":""Aliya Bekova"",""department"":""Sales"",""role"":""Sales Manager"",""grade"":""Senior"",""manager_id"":""E0169"",""hire_date"":""2025-02-21"",""tenure_months"":19,""work_format"":""office"",""preferred_language"":""kk"",""career_goal"":{""target_role"":""Sales Manager"",""target_grade"":""Lead""},""skills"":{""SK_ACCOUNT_MGMT"":3,""SK_ADAPTABILITY"":2,""SK_COMMUNICATION"":4,""SK_CONFLICT_RESOLUTION"":3,""SK_CRITICAL_THINKING"":3,""SK_CRM"":3,""SK_EMOTIONAL_INTELLIGENCE"":2,""SK_FEEDBACK"":2,""SK_LEADERSHIP"":3,""SK_MENTORING"":0,""SK_NEGOTIATION"":3,""SK_PROBLEM_SOLVING"":3,""SK_PRODUCT_KNOWLEDGE"":2,""SK_PROSPECTING"":3,""SK_PUBLIC_SPEAKING"":2,""SK_STAKEHOLDER_MGMT"":4,""SK_TEAMWORK"":3,""SK_TIME_MANAGEMENT"":4,""SK_WRITTEN_COMMUNICATION"":1},""last_review_date"":""2026-08-18""}"
employee,E0167,"{""employee_id"":""E0167"",""full_name"":""Bekzat Baimukhanov"",""department"":""Human Resources"",""role"":""HR Business Partner"",""grade"":""Junior"",""manager_id"":""E0133"",""hire_date"":""2025-11-18"",""tenure_months"":10,""work_format"":""hybrid"",""preferred_language"":""kk"",""career_goal"":{""target_role"":""HR Business Partner"",""target_grade"":""Middle""},""skills"":{""SK_ADAPTABILITY"":2,""SK_COMMUNICATION"":1,""SK_COMPENSATION"":1,""SK_CONFLICT_RESOLUTION"":1,""SK_CRITICAL_THINKING"":2,""SK_EMOTIONAL_INTELLIGENCE"":1,""SK_EMPLOYEE_RELATIONS"":1,""SK_FEEDBACK"":0,""SK_HR_ANALYTICS"":0,""SK_LABOR_LAW"":0,""SK_LEADERSHIP"":1,""SK_LEARNING_DESIGN"":1,""SK_MENTORING"":1,""SK_PROBLEM_SOLVING"":3,""SK_PUBLIC_SPEAKING"":0,""SK_STAKEHOLDER_MGMT"":2,""SK_TALENT_ACQUISITION"":1,""SK_TEAMWORK"":2,""SK_TEST_DESIGN"":2,""SK_TIME_MANAGEMENT"":3,""SK_WRITTEN_COMMUNICATION"":2},""last_review_date"":""2026-04-17""}"
employee,E0168,"{""employee_id"":""E0168"",""full_name"":""Moldir Omarova"",""department"":""Customer Support"",""role"":""Customer Support Specialist"",""grade"":""Middle"",""manager_id"":""E0035"",""hire_date"":""2023-07-19"",""tenure_months"":38,""work_format"":""remote"",""preferred_language"":""kk"",""career_goal"":{""target_role"":""Customer Support Specialist"",""target_grade"":""Senior""},""skills"":{""SK_ADAPTABILITY"":2,""SK_COMMUNICATION"":4,""SK_CONFLICT_RESOLUTION"":3,""SK_CRITICAL_THINKING"":1,""SK_CRM"":2,""SK_CUSTOMER_SERVICE"":2,""SK_EMOTIONAL_INTELLIGENCE"":2,""SK_FEEDBACK"":0,""SK_LEADERSHIP"":0,""SK_MENTORING"":1,""SK_PROBLEM_SOLVING"":2,""SK_PRODUCT_KNOWLEDGE"":2,""SK_PUBLIC_SPEAKING"":1,""SK_STAKEHOLDER_MGMT"":3,""SK_TEAMWORK"":3,""SK_TIME_MANAGEMENT"":4,""SK_TROUBLESHOOTING"":2,""SK_WRITTEN_COMMUNICATION"":2},""last_review_date"":""2026-07-28""}"
employee,E0169,"{""employee_id"":""E0169"",""full_name"":""Aruzhan Kaliyeva"",""department"":""Sales"",""role"":""Sales Manager"",""grade"":""Lead"",""manager_id"":null,""hire_date"":""2020-04-29"",""tenure_months"":77,""work_format"":""office"",""preferred_language"":""kk"",""career_goal"":{""target_role"":""Product Manager"",""target_grade"":""Lead""},""skills"":{""SK_ACCOUNT_MGMT"":5,""SK_ADAPTABILITY"":3,""SK_COMMUNICATION"":5,""SK_CONFLICT_RESOLUTION"":1,""SK_CRITICAL_THINKING"":2,""SK_CRM"":4,""SK_EMOTIONAL_INTELLIGENCE"":3,""SK_FEEDBACK"":2,""SK_LEADERSHIP"":4,""SK_MENTORING"":3,""SK_NEGOTIATION"":5,""SK_PROBLEM_SOLVING"":3,""SK_PRODUCT_KNOWLEDGE"":4,""SK_PROSPECTING"":5,""SK_PUBLIC_SPEAKING"":3,""SK_SQL"":1,""SK_STAKEHOLDER_MGMT"":4,""SK_TEAMWORK"":3,""SK_TIME_MANAGEMENT"":4,""SK_WRITTEN_COMMUNICATION"":1},""last_review_date"":""2026-01-19""}"
employee,E0170,"{""employee_id"":""E0170"",""full_name"":""Bekzat Dzhakupov"",""department"":""Frontend Development"",""role"":""Frontend Engineer"",""grade"":""Middle"",""manager_id"":""E0006"",""hire_date"":""2025-04-24"",""tenure_months"":17,""work_format"":""hybrid"",""preferred_language"":""ru"",""career_goal"":null,""skills"":{""SK_ACCESSIBILITY"":2,""SK_ADAPTABILITY"":1,""SK_API_DESIGN"":0,""SK_CICD"":0,""SK_COMMUNICATION"":1,""SK_CONFLICT_RESOLUTION"":3,""SK_CRITICAL_THINKING"":3,""SK_EMOTIONAL_INTELLIGENCE"":2,""SK_FEEDBACK"":3,""SK_HTML_CSS"":3,""SK_JAVASCRIPT"":4,""SK_LEADERSHIP"":1,""SK_MENTORING"":2,""SK_PROBLEM_SOLVING"":2,""SK_PUBLIC_SPEAKING"":1,""SK_REACT"":3,""SK_STAKEHOLDER_MGMT"":1,""SK_TEAMWORK"":4,""SK_TIME_MANAGEMENT"":3,""SK_TYPESCRIPT"":4,""SK_WEB_PERFORMANCE"":2,""SK_WRITTEN_COMMUNICATION"":3},""last_review_date"":""2026-05-28""}"
employee,E0171,"{""employee_id"":""E0171"",""full_name"":""Akmaral Baimukhanova"",""department"":""Quality Assurance"",""role"":""QA Engineer"",""grade"":""Middle"",""manager_id"":""E0179"",""hire_date"":""2024-11-18"",""tenure_months"":22,""work_format"":""hybrid"",""preferred_language"":""ru"",""career_goal"":{""target_role"":""QA Engineer"",""target_grade"":""Senior""},""skills"":{""SK_ADAPTABILITY"":2,""SK_API_TESTING"":3,""SK_APP_SECURITY"":2,""SK_CICD"":0,""SK_COMMUNICATION"":3,""SK_CONFLICT_RESOLUTION"":1,""SK_CRITICAL_THINKING"":1,""SK_EMOTIONAL_INTELLIGENCE"":3,""SK_FEEDBACK"":2,""SK_JAVA"":1,""SK_LEADERSHIP"":2,""SK_LOAD_TESTING"":2,""SK_MENTORING"":0,""SK_PROBLEM_SOLVING"":3,""SK_PUBLIC_SPEAKING"":2,""SK_SQL"":1,""SK_STAKEHOLDER_MGMT"":3,""SK_TEAMWORK"":2,""SK_TEST_AUTOMATION"":3,""SK_TEST_DESIGN"":2,""SK_TIME_MANAGEMENT"":3,""SK_WRITTEN_COMMUNICATION"":1},""last_review_date"":""2026-03-25""}"
employee,E0172,"{""employee_id"":""E0172"",""full_name"":""Madi Temirkhanov"",""department"":""Human Resources"",""role"":""HR Business Partner"",""grade"":""Senior"",""manager_id"":""E0014"",""hire_date"":""2018-08-27"",""tenure_months"":97,""work_format"":""remote"",""preferred_language"":""ru"",""career_goal"":null,""skills"":{""SK_ADAPTABILITY"":2,""SK_COMMUNICATION"":3,""SK_COMPENSATION"":2,""SK_CONFLICT_RESOLUTION"":3,""SK_CRITICAL_THINKING"":3,""SK_EMOTIONAL_INTELLIGENCE"":2,""SK_EMPLOYEE_RELATIONS"":5,""SK_FEEDBACK"":1,""SK_HR_ANALYTICS"":2,""SK_LABOR_LAW"":3,""SK_LEADERSHIP"":1,""SK_LEARNING_DESIGN"":2,""SK_MENTORING"":1,""SK_PROBLEM_SOLVING"":2,""SK_PUBLIC_SPEAKING"":1,""SK_STAKEHOLDER_MGMT"":2,""SK_TALENT_ACQUISITION"":3,""SK_TEAMWORK"":3,""SK_TIME_MANAGEMENT"":3,""SK_WRITTEN_COMMUNICATION"":2},""last_review_date"":""2026-09-28""}"
employee,E0173,"{""employee_id"":""E0173"",""full_name"":""Timur Sadykov"",""department"":""Human Resources"",""role"":""HR Business Partner"",""grade"":""Senior"",""manager_id"":""E0133"",""hire_date"":""2019-04-25"",""tenure_months"":89,""work_format"":""remote"",""preferred_language"":""kk"",""career_goal"":null,""skills"":{""SK_ADAPTABILITY"":3,""SK_COMMUNICATION"":5,""SK_COMPENSATION"":3,""SK_CONFLICT_RESOLUTION"":4,""SK_CRITICAL_THINKING"":3,""SK_EMOTIONAL_INTELLIGENCE"":3,""SK_EMPLOYEE_RELATIONS"":5,""SK_FEEDBACK"":1,""SK_HR_ANALYTICS"":2,""SK_LABOR_LAW"":4,""SK_LEADERSHIP"":3,""SK_LEARNING_DESIGN"":4,""SK_MENTORING"":2,""SK_NEGOTIATION"":1,""SK_PROBLEM_SOLVING"":3,""SK_PUBLIC_SPEAKING"":2,""SK_SQL"":2,""SK_STAKEHOLDER_MGMT"":3,""SK_TALENT_ACQUISITION"":2,""SK_TEAMWORK"":3,""SK_TIME_MANAGEMENT"":1,""SK_WRITTEN_COMMUNICATION"":3},""last_review_date"":""2026-03-23""}"
employee,E0174,"{""employee_id"":""E0174"",""full_name"":""Alibek Mukanov"",""department"":""Sales"",""role"":""Sales Manager"",""grade"":""Junior"",""manager_id"":""E0169"",""hire_date"":""2026-07-31"",""tenure_months"":2,""work_format"":""hybrid"",""preferred_language"":""ru"",""career_goal"":{""target_role"":""Sales Manager"",""target_grade"":""Middle""},""skills"":{""SK_ACCOUNT_MGMT"":2,""SK_ADAPTABILITY"":2,""SK_CICD"":2,""SK_CLOUD"":1,""SK_COMMUNICATION"":3,""SK_CONFLICT_RESOLUTION"":1,""SK_CRITICAL_THINKING"":3,""SK_CRM"":2,""SK_EMOTIONAL_INTELLIGENCE"":1,""SK_FEEDBACK"":3,""SK_LEADERSHIP"":1,""SK_MENTORING"":0,""SK_NEGOTIATION"":2,""SK_PROBLEM_SOLVING"":2,""SK_PRODUCT_KNOWLEDGE"":3,""SK_PROSPECTING"":2,""SK_PUBLIC_SPEAKING"":0,""SK_STAKEHOLDER_MGMT"":2,""SK_TEAMWORK"":1,""SK_TIME_MANAGEMENT"":1,""SK_WRITTEN_COMMUNICATION"":3},""last_review_date"":""2026-09-17""}"
employee,E0175,"{""employee_id"":""E0175"",""full_name"":""Aidos Nurlanov"",""department"":""Backend Development"",""role"":""Backend Engineer"",""grade"":""Lead"",""manager_id"":null,""hire_date"":""2016-10-03"",""tenure_months"":119,""work_format"":""hybrid"",""preferred_language"":""kk"",""career_goal"":null,""skills"":{""SK_ADAPTABILITY"":2,""SK_API_DESIGN"":4,""SK_APP_SECURITY"":3,""SK_CICD"":4,""SK_CLOUD"":3,""SK_COMMUNICATION"":4,""SK_CONFLICT_RESOLUTION"":3,""SK_CONTAINERS"":4,""SK_CRITICAL_THINKING"":2,""SK_EMOTIONAL_INTELLIGENCE"":2,""SK_FEEDBACK"":2,""SK_LEADERSHIP"":5,""SK_MENTORING"":5,""SK_OBSERVABILITY"":3,""SK_PROBLEM_SOLVING"":4,""SK_PUBLIC_SPEAKING"":3,""SK_PYTHON"":5,""SK_SQL"":3,""SK_STAKEHOLDER_MGMT"":4,""SK_SYSTEM_DESIGN"":5,""SK_TEAMWORK"":5,""SK_TIME_MANAGEMENT"":3,""SK_WRITTEN_COMMUNICATION"":3},""last_review_date"":""2026-07-03""}"
employee,E0176,"{""employee_id"":""E0176"",""full_name"":""Aizhan Nurlanova"",""department"":""Product Management"",""role"":""Product Manager"",""grade"":""Junior"",""manager_id"":""E0055"",""hire_date"":""2024-04-29"",""tenure_months"":29,""work_format"":""hybrid"",""preferred_language"":""ru"",""career_goal"":{""target_role"":""Product Manager"",""target_grade"":""Middle""},""skills"":{""SK_AB_TESTING"":1,""SK_ADAPTABILITY"":2,""SK_AGILE"":2,""SK_COMMUNICATION"":2,""SK_CONFLICT_RESOLUTION"":1,""SK_CRITICAL_THINKING"":0,""SK_DATA_MODELING"":2,""SK_EMOTIONAL_INTELLIGENCE"":3,""SK_FEEDBACK"":2,""SK_LEADERSHIP"":1,""SK_MENTORING"":1,""SK_PROBLEM_SOLVING"":1,""SK_PRODUCT_ANALYTICS"":1,""SK_PRODUCT_DISCOVERY"":2,""SK_PROJECT_MGMT"":2,""SK_PUBLIC_SPEAKING"":1,""SK_REQUIREMENTS"":1,""SK_ROADMAPPING"":0,""SK_SQL"":0,""SK_STAKEHOLDER_MGMT"":0,""SK_TEAMWORK"":3,""SK_TIME_MANAGEMENT"":3,""SK_UX_RESEARCH"":0,""SK_WRITTEN_COMMUNICATION"":2},""last_review_date"":""2026-06-02""}"
employee,E0177,"{""employee_id"":""E0177"",""full_name"":""Dana Kassymova"",""department"":""Customer Support"",""role"":""Customer Support Specialist"",""grade"":""Middle"",""manager_id"":""E0035"",""hire_date"":""2024-08-12"",""tenure_months"":25,""work_format"":""office"",""preferred_language"":""ru"",""career_goal"":{""target_role"":""Customer Support Specialist"",""target_grade"":""Senior""},""skills"":{""SK_ADAPTABILITY"":2,""SK_COMMUNICATION"":4,""SK_CONFLICT_RESOLUTION"":2,""SK_CRITICAL_THINKING"":1,""SK_CRM"":1,""SK_CUSTOMER_SERVICE"":2,""SK_EMOTIONAL_INTELLIGENCE"":3,""SK_FEEDBACK"":2,""SK_LEADERSHIP"":2,""SK_LOAD_TESTING"":1,""SK_MENTORING"":1,""SK_PROBLEM_SOLVING"":2,""SK_PRODUCT_KNOWLEDGE"":2,""SK_PUBLIC_SPEAKING"":1,""SK_STAKEHOLDER_MGMT"":3,""SK_TEAMWORK"":3,""SK_TIME_MANAGEMENT"":2,""SK_TROUBLESHOOTING"":0,""SK_WRITTEN_COMMUNICATION"":3},""last_review_date"":""2026-01-27""}"
employee,E0178,"{""employee_id"":""E0178"",""full_name"":""Yerlan Kaliyev"",""department"":""Backend Development"",""role"":""Backend Engineer"",""grade"":""Middle"",""manager_id"":""E0175"",""hire_date"":""2025-12-22"",""tenure_months"":9,""work_format"":""remote"",""preferred_language"":""kk"",""career_goal"":null,""skills"":{""SK_ADAPTABILITY"":3,""SK_API_DESIGN"":4,""SK_APP_SECURITY"":3,""SK_CICD"":2,""SK_CLOUD"":1,""SK_COMMUNICATION"":3,""SK_CONFLICT_RESOLUTION"":3,""SK_CONTAINERS"":2,""SK_CRITICAL_THINKING"":3,""SK_EMOTIONAL_INTELLIGENCE"":2,""SK_FEEDBACK"":2,""SK_LEADERSHIP"":1,""SK_MENTORING"":0,""SK_OBSERVABILITY"":3,""SK_PROBLEM_SOLVING"":3,""SK_PUBLIC_SPEAKING"":1,""SK_PYTHON"":3,""SK_ROADMAPPING"":1,""SK_SQL"":4,""SK_STAKEHOLDER_MGMT"":1,""SK_SYSTEM_DESIGN"":1,""SK_TEAMWORK"":4,""SK_TIME_MANAGEMENT"":2,""SK_WRITTEN_COMMUNICATION"":2},""last_review_date"":""2026-05-11""}"
employee,E0179,"{""employee_id"":""E0179"",""full_name"":""Zhandos Bekov"",""department"":""Quality Assurance"",""role"":""QA Engineer"",""grade"":""Lead"",""manager_id"":null,""hire_date"":""2020-01-30"",""tenure_months"":80,""work_format"":""hybrid"",""preferred_language"":""ru"",""career_goal"":null,""skills"":{""SK_ADAPTABILITY"":1,""SK_API_TESTING"":3,""SK_CICD"":2,""SK_CLOUD"":2,""SK_COMMUNICATION"":3,""SK_CONFLICT_RESOLUTION"":3,""SK_CRITICAL_THINKING"":4,""SK_EMOTIONAL_INTELLIGENCE"":2,""SK_FEEDBACK"":1,""SK_JAVA"":4,""SK_LEADERSHIP"":4,""SK_LOAD_TESTING"":3,""SK_MENTORING"":3,""SK_PROBLEM_SOLVING"":3,""SK_PUBLIC_SPEAKING"":2,""SK_SQL"":2,""SK_STAKEHOLDER_MGMT"":3,""SK_TEAMWORK"":3,""SK_TEST_AUTOMATION"":5,""SK_TEST_DESIGN"":4,""SK_TIME_MANAGEMENT"":2,""SK_TROUBLESHOOTING"":1,""SK_WRITTEN_COMMUNICATION"":3},""last_review_date"":""2026-01-13""}"
employee,E0180,"{""employee_id"":""E0180"",""full_name"":""Denis Pavlov"",""department"":""Customer Support"",""role"":""Customer Support Specialist"",""grade"":""Lead"",""manager_id"":null,""hire_date"":""2020-05-14"",""tenure_months"":76,""work_format"":""hybrid"",""preferred_language"":""kk"",""career_goal"":{""target_role"":""QA Engineer"",""target_grade"":""Lead""},""skills"":{""SK_ADAPTABILITY"":4,""SK_COMMUNICATION"":3,""SK_CONFLICT_RESOLUTION"":4,""SK_CRITICAL_THINKING"":2,""SK_CRM"":4,""SK_CUSTOMER_SERVICE"":4,""SK_EMOTIONAL_INTELLIGENCE"":4,""SK_FEEDBACK"":4,""SK_LEADERSHIP"":3,""SK_MENTORING"":2,""SK_PROBLEM_SOLVING"":4,""SK_PRODUCT_KNOWLEDGE"":4,""SK_PUBLIC_SPEAKING"":2,""SK_STAKEHOLDER_MGMT"":2,""SK_TEAMWORK"":1,""SK_TIME_MANAGEMENT"":4,""SK_TROUBLESHOOTING"":5,""SK_WRITTEN_COMMUNICATION"":4},""last_review_date"":""2026-07-08""}"
employee,E0181,"{""employee_id"":""E0181"",""full_name"":""Irina Kozlova"",""department"":""Product Management"",""role"":""Product Manager"",""grade"":""Senior"",""manager_id"":""E0060"",""hire_date"":""2025-01-27"",""tenure_months"":20,""work_format"":""office"",""preferred_language"":""ru"",""career_goal"":null,""skills"":{""SK_AB_TESTING"":4,""SK_ADAPTABILITY"":3,""SK_AGILE"":3,""SK_COMMUNICATION"":2,""SK_CONFLICT_RESOLUTION"":3,""SK_CRITICAL_THINKING"":4,""SK_EMOTIONAL_INTELLIGENCE"":3,""SK_FEEDBACK"":3,""SK_LEADERSHIP"":3,""SK_MENTORING"":1,""SK_PROBLEM_SOLVING"":2,""SK_PRODUCT_ANALYTICS"":4,""SK_PRODUCT_DISCOVERY"":4,""SK_PROJECT_MGMT"":3,""SK_PUBLIC_SPEAKING"":2,""SK_REQUIREMENTS"":3,""SK_ROADMAPPING"":5,""SK_SQL"":1,""SK_STAKEHOLDER_MGMT"":5,""SK_TEAMWORK"":2,""SK_TEST_AUTOMATION"":2,""SK_TIME_MANAGEMENT"":3,""SK_UX_RESEARCH"":4,""SK_WRITTEN_COMMUNICATION"":1},""last_review_date"":""2026-05-13""}"
employee,E0182,"{""employee_id"":""E0182"",""full_name"":""Alibek Omarov"",""department"":""Frontend Development"",""role"":""Frontend Engineer"",""grade"":""Middle"",""manager_id"":""E0006"",""hire_date"":""2024-06-14"",""tenure_months"":27,""work_format"":""office"",""preferred_language"":""ru"",""career_goal"":{""target_role"":""Frontend Engineer"",""target_grade"":""Senior""},""skills"":{""SK_ACCESSIBILITY"":3,""SK_ADAPTABILITY"":3,""SK_API_DESIGN"":1,""SK_CICD"":1,""SK_COMMUNICATION"":2,""SK_CONFLICT_RESOLUTION"":3,""SK_CRITICAL_THINKING"":2,""SK_EMOTIONAL_INTELLIGENCE"":3,""SK_FEEDBACK"":3,""SK_HTML_CSS"":2,""SK_JAVA"":1,""SK_JAVASCRIPT"":1,""SK_LEADERSHIP"":0,""SK_MENTORING"":1,""SK_PROBLEM_SOLVING"":2,""SK_PUBLIC_SPEAKING"":0,""SK_REACT"":3,""SK_STAKEHOLDER_MGMT"":0,""SK_STATISTICS"":2,""SK_TEAMWORK"":1,""SK_TIME_MANAGEMENT"":3,""SK_TYPESCRIPT"":2,""SK_WEB_PERFORMANCE"":2,""SK_WRITTEN_COMMUNICATION"":2},""last_review_date"":""2026-08-26""}"
employee,E0183,"{""employee_id"":""E0183"",""full_name"":""Alexey Sokolov"",""department"":""Frontend Development"",""role"":""Frontend Engineer"",""grade"":""Middle"",""manager_id"":""E0044"",""hire_date"":""2025-09-22"",""tenure_months"":12,""work_format"":""office"",""preferred_language"":""ru"",""career_goal"":{""target_role"":""Frontend Engineer"",""target_grade"":""Senior""},""skills"":{""SK_ACCESSIBILITY"":0,""SK_ADAPTABILITY"":2,""SK_API_DESIGN"":2,""SK_CICD"":1,""SK_COMMUNICATION"":2,""SK_CONFLICT_RESOLUTION"":2,""SK_CRITICAL_THINKING"":3,""SK_EMOTIONAL_INTELLIGENCE"":2,""SK_FEEDBACK"":3,""SK_HTML_CSS"":2,""SK_JAVASCRIPT"":1,""SK_LEADERSHIP"":1,""SK_MENTORING"":0,""SK_PROBLEM_SOLVING"":4,""SK_PROJECT_MGMT"":1,""SK_PUBLIC_SPEAKING"":2,""SK_REACT"":3,""SK_ROADMAPPING"":2,""SK_STAKEHOLDER_MGMT"":0,""SK_TEAMWORK"":3,""SK_TIME_MANAGEMENT"":3,""SK_TYPESCRIPT"":3,""SK_WEB_PERFORMANCE"":0,""SK_WRITTEN_COMMUNICATION"":2},""last_review_date"":""2026-04-29""}"
employee,E0184,"{""employee_id"":""E0184"",""full_name"":""Saule Omarova"",""department"":""Backend Development"",""role"":""Backend Engineer"",""grade"":""Middle"",""manager_id"":""E0050"",""hire_date"":""2024-10-30"",""tenure_months"":23,""work_format"":""office"",""preferred_language"":""ru"",""career_goal"":{""target_role"":""Backend Engineer"",""target_grade"":""Senior""},""skills"":{""SK_ADAPTABILITY"":2,""SK_AGILE"":1,""SK_API_DESIGN"":4,""SK_APP_SECURITY"":2,""SK_CICD"":1,""SK_CLOUD"":1,""SK_COMMUNICATION"":2,""SK_CONFLICT_RESOLUTION"":2,""SK_CONTAINERS"":1,""SK_CRITICAL_THINKING"":2,""SK_EMOTIONAL_INTELLIGENCE"":2,""SK_FEEDBACK"":2,""SK_LEADERSHIP"":2,""SK_MENTORING"":0,""SK_OBSERVABILITY"":3,""SK_PROBLEM_SOLVING"":3,""SK_PUBLIC_SPEAKING"":0,""SK_PYTHON"":3,""SK_SQL"":3,""SK_STAKEHOLDER_MGMT"":1,""SK_SYSTEM_DESIGN"":0,""SK_TEAMWORK"":3,""SK_TIME_MANAGEMENT"":3,""SK_WRITTEN_COMMUNICATION"":3},""last_review_date"":""2026-03-19""}"
employee,E0185,"{""employee_id"":""E0185"",""full_name"":""Togzhan Zhaksylykova"",""department"":""Customer Support"",""role"":""Customer Support Specialist"",""grade"":""Middle"",""manager_id"":""E0180"",""hire_date"":""2024-10-21"",""tenure_months"":23,""work_format"":""remote"",""preferred_language"":""kk"",""career_goal"":{""target_role"":""Customer Support Specialist"",""target_grade"":""Senior""},""skills"":{""SK_ADAPTABILITY"":2,""SK_BI_TOOLS"":1,""SK_COMMUNICATION"":3,""SK_CONFLICT_RESOLUTION"":0,""SK_CRITICAL_THINKING"":2,""SK_CRM"":3,""SK_CUSTOMER_SERVICE"":3,""SK_EMOTIONAL_INTELLIGENCE"":2,""SK_FEEDBACK"":1,""SK_LEADERSHIP"":1,""SK_MENTORING"":1,""SK_PROBLEM_SOLVING"":1,""SK_PRODUCT_KNOWLEDGE"":3,""SK_PUBLIC_SPEAKING"":2,""SK_STAKEHOLDER_MGMT"":1,""SK_TEAMWORK"":3,""SK_TIME_MANAGEMENT"":3,""SK_TROUBLESHOOTING"":3,""SK_UX_RESEARCH"":2,""SK_WRITTEN_COMMUNICATION"":2},""last_review_date"":""2026-01-06""}"
employee,E0186,"{""employee_id"":""E0186"",""full_name"":""Natalia Popova"",""department"":""Backend Development"",""role"":""Backend Engineer"",""grade"":""Middle"",""manager_id"":""E0050"",""hire_date"":""2022-06-16"",""tenure_months"":51,""work_format"":""hybrid"",""preferred_language"":""ru"",""career_goal"":null,""skills"":{""SK_ADAPTABILITY"":2,""SK_API_DESIGN"":1,""SK_APP_SECURITY"":2,""SK_CICD"":1,""SK_CLOUD"":2,""SK_COMMUNICATION"":4,""SK_CONFLICT_RESOLUTION"":3,""SK_CONTAINERS"":2,""SK_CRITICAL_THINKING"":3,""SK_EMOTIONAL_INTELLIGENCE"":3,""SK_FEEDBACK"":1,""SK_LEADERSHIP"":2,""SK_MENTORING"":1,""SK_OBSERVABILITY"":3,""SK_PROBLEM_SOLVING"":3,""SK_PRODUCT_DISCOVERY"":2,""SK_PUBLIC_SPEAKING"":2,""SK_PYTHON"":3,""SK_SQL"":3,""SK_STAKEHOLDER_MGMT"":1,""SK_SYSTEM_DESIGN"":2,""SK_TEAMWORK"":3,""SK_TIME_MANAGEMENT"":3,""SK_WRITTEN_COMMUNICATION"":2},""last_review_date"":""2026-09-29""}"
employee,E0187,"{""employee_id"":""E0187"",""full_name"":""Nurlan Nurlanov"",""department"":""Data \u0026 Analytics"",""role"":""Data Analyst"",""grade"":""Junior"",""manager_id"":""E0061"",""hire_date"":""2024-03-25"",""tenure_months"":30,""work_format"":""office"",""preferred_language"":""ru"",""career_goal"":null,""skills"":{""SK_AB_TESTING"":0,""SK_ADAPTABILITY"":2,""SK_BI_TOOLS"":3,""SK_COMMUNICATION"":1,""SK_CONFLICT_RESOLUTION"":2,""SK_CRITICAL_THINKING"":0,""SK_DATA_MODELING"":2,""SK_DATA_VIZ"":1,""SK_EMOTIONAL_INTELLIGENCE"":1,""SK_FEEDBACK"":3,""SK_LABOR_LAW"":1,""SK_LEADERSHIP"":1,""SK_MENTORING"":1,""SK_ML_BASICS"":1,""SK_NEGOTIATION"":1,""SK_PROBLEM_SOLVING"":3,""SK_PRODUCT_ANALYTICS"":1,""SK_PUBLIC_SPEAKING"":0,""SK_PYTHON"":2,""SK_SQL"":1,""SK_STAKEHOLDER_MGMT"":1,""SK_STATISTICS"":2,""SK_TEAMWORK"":3,""SK_TIME_MANAGEMENT"":3,""SK_WRITTEN_COMMUNICATION"":3},""last_review_date"":""2026-06-12""}"
employee,E0188,"{""employee_id"":""E0188"",""full_name"":""Natalia Pavlova"",""department"":""Data \u0026 Analytics"",""role"":""Data Analyst"",""grade"":""Junior"",""manager_id"":""E0061"",""hire_date"":""2025-05-21"",""tenure_months"":16,""work_format"":""hybrid"",""preferred_language"":""ru"",""career_goal"":null,""skills"":{""SK_AB_TESTING"":1,""SK_ADAPTABILITY"":3,""SK_BI_TOOLS"":3,""SK_COMMUNICATION"":2,""SK_CONFLICT_RESOLUTION"":2,""SK_CRITICAL_THINKING"":0,""SK_CUSTOMER_SERVICE"":1,""SK_DATA_MODELING"":0,""SK_DATA_VIZ"":3,""SK_EMOTIONAL_INTELLIGENCE"":1,""SK_FEEDBACK"":2,""SK_LEADERSHIP"":1,""SK_MENTORING"":1,""SK_ML_BASICS"":2,""SK_PROBLEM_SOLVING"":2,""SK_PRODUCT_ANALYTICS"":0,""SK_PUBLIC_SPEAKING"":1,""SK_PYTHON"":1,""SK_REQUIREMENTS"":2,""SK_SQL"":1,""SK_STAKEHOLDER_MGMT"":2,""SK_STATISTICS"":1,""SK_TEAMWORK"":3,""SK_TIME_MANAGEMENT"":2,""SK_WRITTEN_COMMUNICATION"":3},""last_review_date"":""2026-05-04""}"
employee,E0189,"{""employee_id"":""E0189"",""full_name"":""Sergey Smirnov"",""department"":""Quality Assurance"",""role"":""QA Engineer"",""grade"":""Senior"",""manager_id"":""E0179"",""hire_date"":""2019-11-18"",""tenure_months"":82,""work_format"":""office"",""preferred_language"":""ru"",""career_goal"":null,""skills"":{""SK_ADAPTABILITY"":2,""SK_API_TESTING"":5,""SK_CICD"":2,""SK_COMMUNICATION"":4,""SK_CONFLICT_RESOLUTION"":2,""SK_CRITICAL_THINKING"":3,""SK_CRM"":1,""SK_EMOTIONAL_INTELLIGENCE"":3,""SK_FEEDBACK"":1,""SK_JAVA"":1,""SK_LEADERSHIP"":1,""SK_LOAD_TESTING"":3,""SK_MENTORING"":2,""SK_PROBLEM_SOLVING"":3,""SK_PUBLIC_SPEAKING"":1,""SK_SQL"":3,""SK_STAKEHOLDER_MGMT"":1,""SK_TEAMWORK"":3,""SK_TEST_AUTOMATION"":3,""SK_TEST_DESIGN"":4,""SK_TIME_MANAGEMENT"":1,""SK_WRITTEN_COMMUNICATION"":2},""last_review_date"":""2026-07-24""}"
employee,E0190,"{""employee_id"":""E0190"",""full_name"":""Marat Mukanov"",""department"":""Backend Development"",""role"":""Backend Engineer"",""grade"":""Senior"",""manager_id"":""E0050"",""hire_date"":""2023-11-30"",""tenure_months"":34,""work_format"":""office"",""preferred_language"":""kk"",""career_goal"":{""target_role"":""Backend Engineer"",""target_grade"":""Lead""},""skills"":{""SK_ADAPTABILITY"":1,""SK_API_DESIGN"":5,""SK_APP_SECURITY"":2,""SK_CICD"":3,""SK_CLOUD"":3,""SK_COMMUNICATION"":2,""SK_CONFLICT_RESOLUTION"":2,""SK_CONTAINERS"":2,""SK_CRITICAL_THINKING"":3,""SK_EMOTIONAL_INTELLIGENCE"":2,""SK_FEEDBACK"":2,""SK_LEADERSHIP"":1,""SK_MENTORING"":2,""SK_OBSERVABILITY"":4,""SK_PROBLEM_SOLVING"":4,""SK_PUBLIC_SPEAKING"":3,""SK_PYTHON"":3,""SK_SQL"":4,""SK_STAKEHOLDER_MGMT"":0,""SK_SYSTEM_DESIGN"":4,""SK_TEAMWORK"":3,""SK_TIME_MANAGEMENT"":2,""SK_WRITTEN_COMMUNICATION"":2},""last_review_date"":""2026-09-21""}"
employee,E0191,"{""employee_id"":""E0191"",""full_name"":""Askar Seitkali"",""department"":""Sales"",""role"":""Sales Manager"",""grade"":""Middle"",""manager_id"":""E0148"",""hire_date"":""2022-03-15"",""tenure_months"":54,""work_format"":""office"",""preferred_language"":""ru"",""career_goal"":{""target_role"":""Sales Manager"",""target_grade"":""Senior""},""skills"":{""SK_ACCOUNT_MGMT"":2,""SK_ADAPTABILITY"":2,""SK_COMMUNICATION"":2,""SK_CONFLICT_RESOLUTION"":3,""SK_CONTAINERS"":1,""SK_CRITICAL_THINKING"":2,""SK_CRM"":3,""SK_EMOTIONAL_INTELLIGENCE"":3,""SK_FEEDBACK"":1,""SK_LEADERSHIP"":1,""SK_MENTORING"":1,""SK_NEGOTIATION"":3,""SK_PROBLEM_SOLVING"":2,""SK_PRODUCT_KNOWLEDGE"":2,""SK_PROSPECTING"":3,""SK_PUBLIC_SPEAKING"":2,""SK_STAKEHOLDER_MGMT"":2,""SK_TEAMWORK"":3,""SK_TIME_MANAGEMENT"":3,""SK_WRITTEN_COMMUNICATION"":3},""last_review_date"":""2026-04-16""}"
employee,E0192,"{""employee_id"":""E0192"",""full_name"":""Irina Morozova"",""department"":""Backend Development"",""role"":""Backend Engineer"",""grade"":""Junior"",""manager_id"":""E0175"",""hire_date"":""2024-12-11"",""tenure_months"":21,""work_format"":""hybrid"",""preferred_language"":""ru"",""career_goal"":{""target_role"":""Data Analyst"",""target_grade"":""Junior""},""skills"":{""SK_ADAPTABILITY"":2,""SK_AGILE"":1,""SK_API_DESIGN"":1,""SK_APP_SECURITY"":2,""SK_CICD"":0,""SK_CLOUD"":0,""SK_COMMUNICATION"":3,""SK_CONFLICT_RESOLUTION"":3,""SK_CONTAINERS"":1,""SK_CRITICAL_THINKING"":2,""SK_EMOTIONAL_INTELLIGENCE"":2,""SK_FEEDBACK"":3,""SK_LEADERSHIP"":1,""SK_MENTORING"":1,""SK_OBSERVABILITY"":1,""SK_PROBLEM_SOLVING"":2,""SK_PROSPECTING"":2,""SK_PUBLIC_SPEAKING"":1,""SK_PYTHON"":1,""SK_SQL"":2,""SK_STAKEHOLDER_MGMT"":1,""SK_SYSTEM_DESIGN"":1,""SK_TEAMWORK"":1,""SK_TIME_MANAGEMENT"":3,""SK_WRITTEN_COMMUNICATION"":2},""last_review_date"":""2026-01-27""}"
employee,E0193,"{""employee_id"":""E0193"",""full_name"":""Bekzat Yessenov"",""department"":""Data \u0026 Analytics"",""role"":""Data Analyst"",""grade"":""Middle"",""manager_id"":""E0061"",""hire_date"":""2022-08-01"",""tenure_months"":50,""work_format"":""office"",""preferred_language"":""ru"",""career_goal"":{""target_role"":""Product Manager"",""target_grade"":""Middle""},""skills"":{""SK_AB_TESTING"":2,""SK_ADAPTABILITY"":2,""SK_BI_TOOLS"":2,""SK_COMMUNICATION"":3,""SK_CONFLICT_RESOLUTION"":2,""SK_CRITICAL_THINKING"":4,""SK_DATA_MODELING"":3,""SK_DATA_VIZ"":2,""SK_EMOTIONAL_INTELLIGENCE"":2,""SK_FEEDBACK"":1,""SK_LEADERSHIP"":1,""SK_MENTORING"":2,""SK_ML_BASICS"":2,""SK_PROBLEM_SOLVING"":2,""SK_PRODUCT_ANALYTICS"":2,""SK_PUBLIC_SPEAKING"":0,""SK_PYTHON"":1,""SK_SQL"":3,""SK_STAKEHOLDER_MGMT"":1,""SK_STATISTICS"":2,""SK_TEAMWORK"":2,""SK_TIME_MANAGEMENT"":3,""SK_WRITTEN_COMMUNICATION"":1},""last_review_date"":""2026-01-21""}"
employee,E0194,"{""employee_id"":""E0194"",""full_name"":""Natalia Volkova"",""department"":""Frontend Development"",""role"":""Frontend Engineer"",""grade"":""Senior"",""manager_id"":""E0006"",""hire_date"":""2021-07-14"",""tenure_months"":62,""work_format"":""remote"",""preferred_language"":""ru"",""career_goal"":{""target_role"":""Product Manager"",""target_grade"":""Senior""},""skills"":{""SK_ACCESSIBILITY"":2,""SK_ADAPTABILITY"":2,""SK_API_DESIGN"":3,""SK_CICD"":0,""SK_COMMUNICATION"":4,""SK_COMPENSATION"":2,""SK_CONFLICT_RESOLUTION"":2,""SK_CRITICAL_THINKING"":2,""SK_EMOTIONAL_INTELLIGENCE"":2,""SK_FEEDBACK"":3,""SK_HTML_CSS"":4,""SK_JAVASCRIPT"":4,""SK_LEADERSHIP"":2,""SK_MENTORING"":3,""SK_PROBLEM_SOLVING"":5,""SK_PUBLIC_SPEAKING"":3,""SK_REACT"":2,""SK_STAKEHOLDER_MGMT"":2,""SK_TEAMWORK"":3,""SK_TIME_MANAGEMENT"":3,""SK_TYPESCRIPT"":4,""SK_WEB_PERFORMANCE"":4,""SK_WRITTEN_COMMUNICATION"":2},""last_review_date"":""2026-06-22""}"
employee,E0195,"{""employee_id"":""E0195"",""full_name"":""Irina Ivanova"",""department"":""Product Management"",""role"":""Product Manager"",""grade"":""Middle"",""manager_id"":""E0060"",""hire_date"":""2025-04-21"",""tenure_months"":17,""work_format"":""office"",""preferred_language"":""kk"",""career_goal"":{""target_role"":""Product Manager"",""target_grade"":""Senior""},""skills"":{""SK_AB_TESTING"":1,""SK_ADAPTABILITY"":2,""SK_AGILE"":2,""SK_COMMUNICATION"":2,""SK_CONFLICT_RESOLUTION"":3,""SK_CRITICAL_THINKING"":2,""SK_EMOTIONAL_INTELLIGENCE"":3,""SK_FEEDBACK"":2,""SK_LEADERSHIP"":0,""SK_MENTORING"":1,""SK_PROBLEM_SOLVING"":3,""SK_PRODUCT_ANALYTICS"":3,""SK_PRODUCT_DISCOVERY"":3,""SK_PROJECT_MGMT"":1,""SK_PUBLIC_SPEAKING"":3,""SK_REQUIREMENTS"":3,""SK_ROADMAPPING"":3,""SK_SQL"":0,""SK_STAKEHOLDER_MGMT"":4,""SK_TEAMWORK"":2,""SK_TIME_MANAGEMENT"":2,""SK_UX_RESEARCH"":3,""SK_WRITTEN_COMMUNICATION"":2},""last_review_date"":""2026-09-23""}"
employee,E0196,"{""employee_id"":""E0196"",""full_name"":""Olzhas Utepov"",""department"":""Backend Development"",""role"":""Backend Engineer"",""grade"":""Junior"",""manager_id"":""E0175"",""hire_date"":""2025-02-26"",""tenure_months"":19,""work_format"":""hybrid"",""preferred_language"":""ru"",""career_goal"":{""target_role"":""Backend Engineer"",""target_grade"":""Middle""},""skills"":{""SK_ADAPTABILITY"":3,""SK_API_DESIGN"":1,""SK_APP_SECURITY"":2,""SK_CICD"":1,""SK_CLOUD"":0,""SK_COMMUNICATION"":1,""SK_CONFLICT_RESOLUTION"":3,""SK_CONTAINERS"":1,""SK_CRITICAL_THINKING"":2,""SK_EMOTIONAL_INTELLIGENCE"":3,""SK_FEEDBACK"":1,""SK_LEADERSHIP"":1,""SK_MENTORING"":2,""SK_OBSERVABILITY"":1,""SK_PROBLEM_SOLVING"":2,""SK_PUBLIC_SPEAKING"":1,""SK_PYTHON"":2,""SK_SQL"":3,""SK_STAKEHOLDER_MGMT"":1,""SK_SYSTEM_DESIGN"":0,""SK_TEAMWORK"":0,""SK_TIME_MANAGEMENT"":2,""SK_WRITTEN_COMMUNICATION"":3},""last_review_date"":""2026-08-14""}"
employee,E0197,"{""employee_id"":""E0197"",""full_name"":""Akmaral Zhaksylykova"",""department"":""Quality Assurance"",""role"":""QA Engineer"",""grade"":""Middle"",""manager_id"":""E0179"",""hire_date"":""2022-08-15"",""tenure_months"":49,""work_format"":""hybrid"",""preferred_language"":""ru"",""career_goal"":{""target_role"":""QA Engineer"",""target_grade"":""Senior""},""skills"":{""SK_ADAPTABILITY"":3,""SK_API_TESTING"":2,""SK_CICD"":0,""SK_COMMUNICATION"":3,""SK_CONFLICT_RESOLUTION"":1,""SK_CRITICAL_THINKING"":3,""SK_EMOTIONAL_INTELLIGENCE"":2,""SK_FEEDBACK"":2,""SK_JAVA"":3,""SK_LEADERSHIP"":0,""SK_LOAD_TESTING"":1,""SK_MENTORING"":1,""SK_PROBLEM_SOLVING"":1,""SK_PUBLIC_SPEAKING"":3,""SK_SQL"":2,""SK_STAKEHOLDER_MGMT"":3,""SK_TEAMWORK"":2,""SK_TEST_AUTOMATION"":2,""SK_TEST_DESIGN"":2,""SK_TIME_MANAGEMENT"":3,""SK_WRITTEN_COMMUNICATION"":2},""last_review_date"":""2026-02-12""}"
employee,E0198,"{""employee_id"":""E0198"",""full_name"":""Saule Akhmetova"",""department"":""Sales"",""role"":""Sales Manager"",""grade"":""Junior"",""manager_id"":""E0148"",""hire_date"":""2024-06-26"",""tenure_months"":27,""work_format"":""office"",""preferred_language"":""ru"",""career_goal"":{""target_role"":""Sales Manager"",""target_grade"":""Middle""},""skills"":{""SK_ACCOUNT_MGMT"":1,""SK_ADAPTABILITY"":2,""SK_API_TESTING"":1,""SK_COMMUNICATION"":2,""SK_CONFLICT_RESOLUTION"":2,""SK_CRITICAL_THINKING"":3,""SK_CRM"":3,""SK_EMOTIONAL_INTELLIGENCE"":1,""SK_FEEDBACK"":3,""SK_LEADERSHIP"":2,""SK_MENTORING"":1,""SK_NEGOTIATION"":1,""SK_PROBLEM_SOLVING"":3,""SK_PRODUCT_KNOWLEDGE"":1,""SK_PROSPECTING"":1,""SK_PUBLIC_SPEAKING"":0,""SK_STAKEHOLDER_MGMT"":1,""SK_TEAMWORK"":2,""SK_TIME_MANAGEMENT"":1,""SK_WRITTEN_COMMUNICATION"":2},""last_review_date"":""2026-05-04""}"
employee,E0199,"{""employee_id"":""E0199"",""full_name"":""Ekaterina Petrova"",""department"":""Data \u0026 Analytics"",""role"":""Data Analyst"",""grade"":""Senior"",""manager_id"":""E0085"",""hire_date"":""2019-12-24"",""tenure_months"":81,""work_format"":""hybrid"",""preferred_language"":""ru"",""career_goal"":{""target_role"":""Data Analyst"",""target_grade"":""Lead""},""skills"":{""SK_AB_TESTING"":3,""SK_ADAPTABILITY"":1,""SK_BI_TOOLS"":3,""SK_COMMUNICATION"":5,""SK_COMPENSATION"":2,""SK_CONFLICT_RESOLUTION"":3,""SK_CRITICAL_THINKING"":5,""SK_DATA_MODELING"":4,""SK_DATA_VIZ"":5,""SK_EMOTIONAL_INTELLIGENCE"":1,""SK_FEEDBACK"":3,""SK_LEADERSHIP"":1,""SK_MENTORING"":2,""SK_ML_BASICS"":2,""SK_PROBLEM_SOLVING"":3,""SK_PRODUCT_ANALYTICS"":3,""SK_PUBLIC_SPEAKING"":1,""SK_PYTHON"":3,""SK_SQL"":3,""SK_STAKEHOLDER_MGMT"":4,""SK_STATISTICS"":5,""SK_TEAMWORK"":2,""SK_TIME_MANAGEMENT"":1,""SK_WRITTEN_COMMUNICATION"":2},""last_review_date"":""2026-02-03""}"
employee,E0200,"{""employee_id"":""E0200"",""full_name"":""Irina Kuznetsova"",""department"":""Backend Development"",""role"":""Backend Engineer"",""grade"":""Junior"",""manager_id"":""E0175"",""hire_date"":""2025-07-14"",""tenure_months"":14,""work_format"":""hybrid"",""preferred_language"":""ru"",""career_goal"":null,""skills"":{""SK_ACCOUNT_MGMT"":1,""SK_ADAPTABILITY"":1,""SK_API_DESIGN"":1,""SK_APP_SECURITY"":0,""SK_CICD"":1,""SK_CLOUD"":1,""SK_COMMUNICATION"":1,""SK_CONFLICT_RESOLUTION"":1,""SK_CONTAINERS"":1,""SK_CRITICAL_THINKING"":2,""SK_EMOTIONAL_INTELLIGENCE"":3,""SK_FEEDBACK"":1,""SK_LEADERSHIP"":1,""SK_MENTORING"":0,""SK_OBSERVABILITY"":1,""SK_PROBLEM_SOLVING"":2,""SK_PUBLIC_SPEAKING"":1,""SK_PYTHON"":2,""SK_SQL"":2,""SK_STAKEHOLDER_MGMT"":0,""SK_SYSTEM_DESIGN"":0,""SK_TEAMWORK"":2,""SK_TIME_MANAGEMENT"":2,""SK_WRITTEN_COMMUNICATION"":2},""last_review_date"":""2026-03-26""}"
event,EV_001,"{""event_id"":""EV_001"",""title"":""Information Security Awareness"",""description"":""Annual training on phishing, passwords and safe handling of company data."",""type"":""compliance"",""format"":""self_paced"",""duration_hours"":2,""mandatory"":true,""target_roles"":[""Backend Engineer"",""Frontend Engineer"",""Data Analyst"",""QA Engineer"",""Product Manager"",""HR Business Partner"",""Sales Manager"",""Customer Support Specialist""],""target_grades"":[""Junior"",""Middle"",""Senior"",""Lead""],""develops_skills"":[],""prerequisites"":{},""upcoming_sessions"":[]}"
event,EV_002,"{""event_id"":""EV_002"",""title"":""Personal Data Protection"",""description"":""Annual training on lawful processing and storage of personal data."",""type"":""compliance"",""format"":""self_paced"",""duration_hours"":2,""mandatory"":true,""target_roles"":[""Backend Engineer"",""Frontend Engineer"",""Data Analyst"",""QA Engineer"",""Product Manager"",""HR Business Partner"",""Sales Manager"",""Customer Support Specialist""],""target_grades"":[""Junior"",""Middle"",""Senior"",""Lead""],""develops_skills"":[],""prerequisites"":{},""upcoming_sessions"":[]}"
event,EV_003,"{""event_id"":""EV_003"",""title"":""Code of Conduct \u0026 Workplace Safety"",""description"":""Annual training on business ethics, anti-corruption rules and workplace safety."",""type"":""compliance"",""format"":""self_paced"",""duration_hours"":2,""mandatory"":true,""target_roles"":[""Backend Engineer"",""Frontend Engineer"",""Data Analyst"",""QA Engineer"",""Product Manager"",""HR Business Partner"",""Sales Manager"",""Customer Support Specialist""],""target_grades"":[""Junior"",""Middle"",""Senior"",""Lead""],""develops_skills"":[],""prerequisites"":{},""upcoming_sessions"":[]}"
event,EV_004,"{""event_id"":""EV_004"",""title"":""New Employee Onboarding"",""description"":""One-day introduction to the company, its products, tools and people. Completed in the first month."",""type"":""onboarding"",""format"":""offline"",""duration_hours"":8,""mandatory"":true,""target_roles"":[""Backend Engineer"",""Frontend Engineer"",""Data Analyst"",""QA Engineer"",""Product Manager"",""HR Business Partner"",""Sales Manager"",""Customer Support Specialist""],""target_grades"":[""Junior"",""Middle"",""Senior"",""Lead""],""develops_skills"":[{""skill_id"":""SK_PRODUCT_KNOWLEDGE"",""gain"":1,""max_level"":2},{""skill_id"":""SK_TEAMWORK"",""gain"":1,""max_level"":2}],""prerequisites"":{},""upcoming_sessions"":[""2026-10-05"",""2026-11-02"",""2026-12-07""]}"
event,EV_005,"{""event_id"":""EV_005"",""title"":""System Design Fundamentals"",""description"":""Core building blocks of distributed systems: caching, queues, databases, APIs."",""type"":""course"",""format"":""online"",""duration_hours"":16,""mandatory"":false,""target_roles"":[""Backend Engineer"",""Frontend Engineer"",""QA Engineer""],""target_grades"":[""Junior"",""Middle""],""develops_skills"":[{""skill_id"":""SK_SYSTEM_DESIGN"",""gain"":1,""max_level"":3},{""skill_id"":""SK_API_DESIGN"",""gain"":1,""max_level"":3}],""prerequisites"":{},""upcoming_sessions"":[""2026-11-23"",""2026-12-25""]}"
event,EV_006,"{""event_id"":""EV_006"",""title"":""Designing High-Load Systems"",""description"":""Hands-on architecture workshop on scaling, resilience and monitoring of production services."",""type"":""workshop"",""format"":""offline"",""duration_hours"":12,""mandatory"":false,""target_roles"":[""Backend Engineer""],""target_grades"":[""Middle"",""Senior"",""Lead""],""develops_skills"":[{""skill_id"":""SK_SYSTEM_DESIGN"",""gain"":1,""max_level"":5},{""skill_id"":""SK_API_DESIGN"",""gain"":1,""max_level"":4},{""skill_id"":""SK_OBSERVABILITY"",""gain"":1,""max_level"":4}],""prerequisites"":{""SK_SYSTEM_DESIGN"":2},""upcoming_sessions"":[""2026-10-07"",""2026-11-09"",""2026-12-10""]}"
event,EV_007,"{""event_id"":""EV_007"",""title"":""Architecture Review Circle"",""description"":""Small-group sessions where a senior architect reviews participants' real design decisions."",""type"":""mentoring"",""format"":""online"",""duration_hours"":8,""mandatory"":false,""target_roles"":[""Backend Engineer"",""Frontend Engineer""],""target_grades"":[""Middle"",""Senior""],""develops_skills"":[{""skill_id"":""SK_SYSTEM_DESIGN"",""gain"":1,""max_level"":4},{""skill_id"":""SK_COMMUNICATION"",""gain"":1,""max_level"":4}],""prerequisites"":{""SK_SYSTEM_DESIGN"":2},""upcoming_sessions"":[""2026-10-23"",""2026-11-13"",""2026-12-17""]}"
event,EV_008,"{""event_id"":""EV_008"",""title"":""Business Writing \u0026 Documentation"",""description"":""Writing clear emails, documents and specs that people actually read."",""type"":""workshop"",""format"":""online"",""duration_hours"":4,""mandatory"":false,""target_roles"":[""Backend Engineer"",""Frontend Engineer"",""Data Analyst"",""QA Engineer"",""Product Manager"",""HR Business Partner"",""Sales Manager"",""Customer Support Specialist""],""target_grades"":[""Junior"",""Middle"",""Senior"",""Lead""],""develops_skills"":[{""skill_id"":""SK_WRITTEN_COMMUNICATION"",""gain"":1,""max_level"":4},{""skill_id"":""SK_COMMUNICATION"",""gain"":1,""max_level"":3}],""prerequisites"":{},""upcoming_sessions"":[""2026-10-12"",""2026-11-12""]}"
event,EV_009,"{""event_id"":""EV_009"",""title"":""Cloud Certification Prep"",""description"":""Preparation track for an associate-level cloud certification, with final exam."",""type"":""certification"",""format"":""self_paced"",""duration_hours"":40,""mandatory"":false,""target_roles"":[""Backend Engineer"",""Frontend Engineer"",""QA Engineer"",""Data Analyst""],""target_grades"":[""Middle"",""Senior""],""develops_skills"":[{""skill_id"":""SK_CLOUD"",""gain"":1,""max_level"":3},{""skill_id"":""SK_CICD"",""gain"":1,""max_level"":3}],""prerequisites"":{},""upcoming_sessions"":[]}"
event,EV_010,"{""event_id"":""EV_010"",""title"":""Kubernetes in Practice"",""description"":""Deploying and operating services on Kubernetes with automated pipelines."",""type"":""course"",""format"":""online"",""duration_hours"":20,""mandatory"":false,""target_roles"":[""Backend Engineer"",""QA Engineer""],""target_grades"":[""Middle"",""Senior"",""Lead""],""develops_skills"":[{""skill_id"":""SK_CONTAINERS"",""gain"":1,""max_level"":4},{""skill_id"":""SK_CICD"",""gain"":1,""max_level"":4}],""prerequisites"":{""SK_CONTAINERS"":1},""upcoming_sessions"":[""2026-10-16"",""2026-11-17"",""2026-12-21""]}"
event,EV_011,"{""event_id"":""EV_011"",""title"":""Secure Coding Workshop"",""description"":""Finding and fixing common vulnerabilities in real code samples."",""type"":""workshop"",""format"":""offline"",""duration_hours"":6,""mandatory"":false,""target_roles"":[""Backend Engineer"",""Frontend Engineer"",""QA Engineer""],""target_grades"":[""Junior"",""Middle"",""Senior"",""Lead""],""develops_skills"":[{""skill_id"":""SK_APP_SECURITY"",""gain"":1,""max_level"":4}],""prerequisites"":{},""upcoming_sessions"":[""2026-11-23"",""2026-12-25""]}"
event,EV_012,"{""event_id"":""EV_012"",""title"":""Advanced Python"",""description"":""Idiomatic Python, typing, testing and performance."",""type"":""course"",""format"":""self_paced"",""duration_hours"":24,""mandatory"":false,""target_roles"":[""Backend Engineer"",""Data Analyst""],""target_grades"":[""Junior"",""Middle""],""develops_skills"":[{""skill_id"":""SK_PYTHON"",""gain"":1,""max_level"":4}],""prerequisites"":{""SK_PYTHON"":1},""upcoming_sessions"":[]}"
event,EV_013,"{""event_id"":""EV_013"",""title"":""TypeScript in Depth"",""description"":""Type system, generics and safe refactoring of large frontend codebases."",""type"":""course"",""format"":""online"",""duration_hours"":12,""mandatory"":false,""target_roles"":[""Frontend Engineer""],""target_grades"":[""Junior"",""Middle""],""develops_skills"":[{""skill_id"":""SK_TYPESCRIPT"",""gain"":1,""max_level"":4},{""skill_id"":""SK_JAVASCRIPT"",""gain"":1,""max_level"":4}],""prerequisites"":{""SK_JAVASCRIPT"":2},""upcoming_sessions"":[""2026-10-21"",""2026-11-06"",""2026-12-23""]}"
event,EV_014,"{""event_id"":""EV_014"",""title"":""Web Performance Deep Dive"",""description"":""Profiling and optimizing a production TypeScript application end to end."",""type"":""workshop"",""format"":""offline"",""duration_hours"":8,""mandatory"":false,""target_roles"":[""Frontend Engineer""],""target_grades"":[""Middle"",""Senior""],""develops_skills"":[{""skill_id"":""SK_WEB_PERFORMANCE"",""gain"":1,""max_level"":4}],""prerequisites"":{""SK_TYPESCRIPT"":3},""upcoming_sessions"":[""2026-11-09"",""2026-12-23""]}"
event,EV_015,"{""event_id"":""EV_015"",""title"":""Web Performance Fundamentals"",""description"":""Core Web Vitals, loading strategies and rendering performance basics."",""type"":""course"",""format"":""self_paced"",""duration_hours"":6,""mandatory"":false,""target_roles"":[""Frontend Engineer""],""target_grades"":[""Junior"",""Middle"",""Senior""],""develops_skills"":[{""skill_id"":""SK_WEB_PERFORMANCE"",""gain"":1,""max_level"":3}],""prerequisites"":{""SK_JAVASCRIPT"":2},""upcoming_sessions"":[]}"
event,EV_016,"{""event_id"":""EV_016"",""title"":""Accessible Interfaces"",""description"":""Designing and building interfaces that meet accessibility standards."",""type"":""workshop"",""format"":""online"",""duration_hours"":4,""mandatory"":false,""target_roles"":[""Frontend Engineer"",""Product Manager""],""target_grades"":[""Junior"",""Middle"",""Senior"",""Lead""],""develops_skills"":[{""skill_id"":""SK_ACCESSIBILITY"",""gain"":1,""max_level"":4},{""skill_id"":""SK_HTML_CSS"",""gain"":1,""max_level"":4}],""prerequisites"":{},""upcoming_sessions"":[""2026-10-06"",""2026-12-23""]}"
event,EV_017,"{""event_id"":""EV_017"",""title"":""React Patterns \u0026 State Management"",""description"":""Component architecture, state management and testing in React."",""type"":""course"",""format"":""online"",""duration_hours"":16,""mandatory"":false,""target_roles"":[""Frontend Engineer""],""target_grades"":[""Junior"",""Middle"",""Senior""],""develops_skills"":[{""skill_id"":""SK_REACT"",""gain"":1,""max_level"":4}],""prerequisites"":{""SK_REACT"":2},""upcoming_sessions"":[""2026-10-16"",""2026-11-23"",""2026-12-25""]}"
event,EV_018,"{""event_id"":""EV_018"",""title"":""Test Automation Bootcamp"",""description"":""Building a maintainable automated test framework from scratch."",""type"":""course"",""format"":""online"",""duration_hours"":24,""mandatory"":false,""target_roles"":[""QA Engineer""],""target_grades"":[""Junior"",""Middle""],""develops_skills"":[{""skill_id"":""SK_TEST_AUTOMATION"",""gain"":1,""max_level"":4},{""skill_id"":""SK_JAVA"",""gain"":1,""max_level"":3}],""prerequisites"":{""SK_TEST_DESIGN"":2},""upcoming_sessions"":[""2026-10-19"",""2026-11-20""]}"
event,EV_019,"{""event_id"":""EV_019"",""title"":""API \u0026 Performance Testing Workshop"",""description"":""Contract testing of APIs and load testing of services under realistic traffic."",""type"":""workshop"",""format"":""offline"",""duration_hours"":8,""mandatory"":false,""target_roles"":[""QA Engineer"",""Backend Engineer""],""target_grades"":[""Junior"",""Middle"",""Senior""],""develops_skills"":[{""skill_id"":""SK_API_TESTING"",""gain"":1,""max_level"":4},{""skill_id"":""SK_LOAD_TESTING"",""gain"":1,""max_level"":4}],""prerequisites"":{},""upcoming_sessions"":[""2026-10-16"",""2026-11-19"",""2026-12-22""]}"
event,EV_020,"{""event_id"":""EV_020"",""title"":""Applied Statistics for Analysts"",""description"":""Full course on probability, distributions, hypothesis testing and regression."",""type"":""course"",""format"":""self_paced"",""duration_hours"":40,""mandatory"":false,""target_roles"":[""Data Analyst"",""Product Manager""],""target_grades"":[""Junior"",""Middle""],""develops_skills"":[{""skill_id"":""SK_STATISTICS"",""gain"":1,""max_level"":4}],""prerequisites"":{},""upcoming_sessions"":[]}"
event,EV_021,"{""event_id"":""EV_021"",""title"":""A/B Testing Workshop"",""description"":""Designing experiments, choosing metrics and reading results correctly."",""type"":""workshop"",""format"":""online"",""duration_hours"":6,""mandatory"":false,""target_roles"":[""Data Analyst"",""Product Manager""],""target_grades"":[""Junior"",""Middle"",""Senior""],""develops_skills"":[{""skill_id"":""SK_AB_TESTING"",""gain"":1,""max_level"":4},{""skill_id"":""SK_STATISTICS"",""gain"":1,""max_level"":3},{""skill_id"":""SK_PRODUCT_ANALYTICS"",""gain"":1,""max_level"":4}],""prerequisites"":{""SK_STATISTICS"":1},""upcoming_sessions"":[""2026-11-19"",""2026-12-09""]}"
event,EV_022,"{""event_id"":""EV_022"",""title"":""SQL \u0026 BI for Analytics"",""description"":""Analytical SQL and building self-service dashboards."",""type"":""course"",""format"":""online"",""duration_hours"":12,""mandatory"":false,""target_roles"":[""Data Analyst"",""Product Manager""],""target_grades"":[""Junior"",""Middle""],""develops_skills"":[{""skill_id"":""SK_SQL"",""gain"":1,""max_level"":4},{""skill_id"":""SK_BI_TOOLS"",""gain"":1,""max_level"":4}],""prerequisites"":{},""upcoming_sessions"":[""2026-10-20"",""2026-12-22""]}"
event,EV_023,"{""event_id"":""EV_023"",""title"":""Data Storytelling \u0026 Visualization"",""description"":""Turning analysis into clear charts and presenting findings to decision makers."",""type"":""workshop"",""format"":""offline"",""duration_hours"":6,""mandatory"":false,""target_roles"":[""Data Analyst"",""Product Manager""],""target_grades"":[""Junior"",""Middle"",""Senior"",""Lead""],""develops_skills"":[{""skill_id"":""SK_DATA_VIZ"",""gain"":1,""max_level"":4},{""skill_id"":""SK_PUBLIC_SPEAKING"",""gain"":1,""max_level"":3}],""prerequisites"":{},""upcoming_sessions"":[""2026-10-21"",""2026-11-16"",""2026-12-16""]}"
event,EV_024,"{""event_id"":""EV_024"",""title"":""Machine Learning for Analysts"",""description"":""Supervised learning, model evaluation and practical use cases in analytics."",""type"":""course"",""format"":""self_paced"",""duration_hours"":30,""mandatory"":false,""target_roles"":[""Data Analyst""],""target_grades"":[""Middle"",""Senior""],""develops_skills"":[{""skill_id"":""SK_ML_BASICS"",""gain"":1,""max_level"":3}],""prerequisites"":{""SK_PYTHON"":2,""SK_STATISTICS"":2},""upcoming_sessions"":[]}"
event,EV_025,"{""event_id"":""EV_025"",""title"":""Dimensional Data Modeling"",""description"":""Designing star schemas and analytical data marts."",""type"":""course"",""format"":""online"",""duration_hours"":10,""mandatory"":false,""target_roles"":[""Data Analyst"",""Backend Engineer""],""target_grades"":[""Middle"",""Senior""],""develops_skills"":[{""skill_id"":""SK_DATA_MODELING"",""gain"":1,""max_level"":4}],""prerequisites"":{""SK_SQL"":2},""upcoming_sessions"":[""2026-10-13"",""2026-12-10""]}"
event,EV_026,"{""event_id"":""EV_026"",""title"":""Product Discovery Lab"",""description"":""Running customer interviews and validating problems before building."",""type"":""workshop"",""format"":""offline"",""duration_hours"":8,""mandatory"":false,""target_roles"":[""Product Manager""],""target_grades"":[""Junior"",""Middle"",""Senior""],""develops_skills"":[{""skill_id"":""SK_PRODUCT_DISCOVERY"",""gain"":1,""max_level"":5},{""skill_id"":""SK_UX_RESEARCH"",""gain"":1,""max_level"":3},{""skill_id"":""SK_REQUIREMENTS"",""gain"":1,""max_level"":4}],""prerequisites"":{},""upcoming_sessions"":[""2026-11-10"",""2026-12-10""]}"
event,EV_027,"{""event_id"":""EV_027"",""title"":""Roadmapping \u0026 Agile Planning"",""description"":""Prioritization frameworks, roadmap communication and iterative delivery planning."",""type"":""workshop"",""format"":""online"",""duration_hours"":6,""mandatory"":false,""target_roles"":[""Product Manager""],""target_grades"":[""Junior"",""Middle"",""Senior""],""develops_skills"":[{""skill_id"":""SK_ROADMAPPING"",""gain"":1,""max_level"":4},{""skill_id"":""SK_AGILE"",""gain"":1,""max_level"":4},{""skill_id"":""SK_PROJECT_MGMT"",""gain"":1,""max_level"":4},{""skill_id"":""SK_STAKEHOLDER_MGMT"",""gain"":1,""max_level"":4}],""prerequisites"":{},""upcoming_sessions"":[""2026-10-22"",""2026-12-15""]}"
event,EV_028,"{""event_id"":""EV_028"",""title"":""Labor Law \u0026 Employee Relations"",""description"":""Recent changes in labor legislation and handling of typical employee cases."",""type"":""workshop"",""format"":""online"",""duration_hours"":4,""mandatory"":false,""target_roles"":[""HR Business Partner""],""target_grades"":[""Junior"",""Middle"",""Senior"",""Lead""],""develops_skills"":[{""skill_id"":""SK_LABOR_LAW"",""gain"":1,""max_level"":4},{""skill_id"":""SK_EMPLOYEE_RELATIONS"",""gain"":1,""max_level"":4}],""prerequisites"":{},""upcoming_sessions"":[""2026-10-12"",""2026-11-05"",""2026-12-24""]}"
event,EV_029,"{""event_id"":""EV_029"",""title"":""People Analytics \u0026 Total Rewards"",""description"":""Workforce metrics, pay benchmarking and benefit design."",""type"":""course"",""format"":""self_paced"",""duration_hours"":12,""mandatory"":false,""target_roles"":[""HR Business Partner""],""target_grades"":[""Middle"",""Senior""],""develops_skills"":[{""skill_id"":""SK_HR_ANALYTICS"",""gain"":1,""max_level"":3},{""skill_id"":""SK_COMPENSATION"",""gain"":1,""max_level"":3}],""prerequisites"":{},""upcoming_sessions"":[]}"
event,EV_030,"{""event_id"":""EV_030"",""title"":""Structured Interviewing"",""description"":""Competency-based interviews and unbiased candidate evaluation."",""type"":""workshop"",""format"":""online"",""duration_hours"":4,""mandatory"":false,""target_roles"":[""HR Business Partner""],""target_grades"":[""Junior"",""Middle"",""Senior"",""Lead""],""develops_skills"":[{""skill_id"":""SK_TALENT_ACQUISITION"",""gain"":1,""max_level"":4}],""prerequisites"":{},""upcoming_sessions"":[""2026-10-20"",""2026-11-09"",""2026-12-22""]}"
event,EV_031,"{""event_id"":""EV_031"",""title"":""Designing Learning Programs"",""description"":""Building learning paths and facilitating training sessions."",""type"":""workshop"",""format"":""online"",""duration_hours"":6,""mandatory"":false,""target_roles"":[""HR Business Partner""],""target_grades"":[""Middle"",""Senior"",""Lead""],""develops_skills"":[{""skill_id"":""SK_LEARNING_DESIGN"",""gain"":1,""max_level"":4},{""skill_id"":""SK_PUBLIC_SPEAKING"",""gain"":1,""max_level"":3}],""prerequisites"":{},""upcoming_sessions"":[""2026-10-19"",""2026-11-25"",""2026-12-17""]}"
event,EV_032,"{""event_id"":""EV_032"",""title"":""Negotiation Masterclass"",""description"":""Negotiation strategy and practice on real deal scenarios."",""type"":""workshop"",""format"":""offline"",""duration_hours"":8,""mandatory"":false,""target_roles"":[""Sales Manager"",""Product Manager""],""target_grades"":[""Junior"",""Middle"",""Senior""],""develops_skills"":[{""skill_id"":""SK_NEGOTIATION"",""gain"":1,""max_level"":5},{""skill_id"":""SK_ACCOUNT_MGMT"",""gain"":1,""max_level"":4}],""prerequisites"":{},""upcoming_sessions"":[""2026-10-15"",""2026-11-05""]}"
event,EV_033,"{""event_id"":""EV_033"",""title"":""Consultative Selling \u0026 Prospecting"",""description"":""Qualifying leads, discovery calls and pipeline hygiene in CRM."",""type"":""course"",""format"":""online"",""duration_hours"":10,""mandatory"":false,""target_roles"":[""Sales Manager""],""target_grades"":[""Junior"",""Middle""],""develops_skills"":[{""skill_id"":""SK_PROSPECTING"",""gain"":1,""max_level"":4},{""skill_id"":""SK_CRM"",""gain"":1,""max_level"":4}],""prerequisites"":{},""upcoming_sessions"":[""2026-10-23"",""2026-11-20"",""2026-12-09""]}"
event,EV_034,"{""event_id"":""EV_034"",""title"":""Handling Difficult Conversations"",""description"":""De-escalation techniques for tense conversations with customers and colleagues."",""type"":""workshop"",""format"":""online"",""duration_hours"":4,""mandatory"":false,""target_roles"":[""Customer Support Specialist"",""Sales Manager"",""HR Business Partner""],""target_grades"":[""Junior"",""Middle"",""Senior"",""Lead""],""develops_skills"":[{""skill_id"":""SK_CONFLICT_RESOLUTION"",""gain"":1,""max_level"":4},{""skill_id"":""SK_EMOTIONAL_INTELLIGENCE"",""gain"":1,""max_level"":4},{""skill_id"":""SK_CUSTOMER_SERVICE"",""gain"":1,""max_level"":4}],""prerequisites"":{},""upcoming_sessions"":[""2026-10-16"",""2026-11-13"",""2026-12-23""]}"
event,EV_035,"{""event_id"":""EV_035"",""title"":""Technical Troubleshooting Academy"",""description"":""Systematic diagnosis of product issues, logs and escalation paths."",""type"":""course"",""format"":""online"",""duration_hours"":16,""mandatory"":false,""target_roles"":[""Customer Support Specialist"",""QA Engineer""],""target_grades"":[""Junior"",""Middle"",""Senior""],""develops_skills"":[{""skill_id"":""SK_TROUBLESHOOTING"",""gain"":1,""max_level"":4},{""skill_id"":""SK_PRODUCT_KNOWLEDGE"",""gain"":1,""max_level"":4}],""prerequisites"":{},""upcoming_sessions"":[""2026-10-09"",""2026-11-23""]}"
event,EV_036,"{""event_id"":""EV_036"",""title"":""Public Speaking Club"",""description"":""Recurring club where members give short talks and get feedback. Can be attended repeatedly."",""type"":""meetup"",""format"":""offline"",""duration_hours"":2,""mandatory"":false,""target_roles"":[""Backend Engineer"",""Frontend Engineer"",""Data Analyst"",""QA Engineer"",""Product Manager"",""HR Business Partner"",""Sales Manager"",""Customer Support Specialist""],""target_grades"":[""Junior"",""Middle"",""Senior"",""Lead""],""develops_skills"":[{""skill_id"":""SK_PUBLIC_SPEAKING"",""gain"":1,""max_level"":4}],""prerequisites"":{},""upcoming_sessions"":[""2026-10-08"",""2026-10-22"",""2026-11-05"",""2026-11-19"",""2026-12-03"",""2026-12-17""]}"
event,EV_037,"{""event_id"":""EV_037"",""title"":""Mentor Track"",""description"":""Training and supervised practice for new mentors."",""type"":""mentoring"",""format"":""online"",""duration_hours"":12,""mandatory"":false,""target_roles"":[""Backend Engineer"",""Frontend Engineer"",""Data Analyst"",""QA Engineer"",""Product Manager"",""HR Business Partner"",""Sales Manager"",""Customer Support Specialist""],""target_grades"":[""Middle"",""Senior"",""Lead""],""develops_skills"":[{""skill_id"":""SK_MENTORING"",""gain"":1,""max_level"":4},{""skill_id"":""SK_FEEDBACK"",""gain"":1,""max_level"":4}],""prerequisites"":{},""upcoming_sessions"":[""2026-11-19"",""2026-12-11""]}"
event,EV_038,"{""event_id"":""EV_038"",""title"":""Leadership Foundations"",""description"":""Core skills for new and aspiring team leads."",""type"":""course"",""format"":""online"",""duration_hours"":16,""mandatory"":false,""target_roles"":[""Backend Engineer"",""Frontend Engineer"",""Data Analyst"",""QA Engineer"",""Product Manager"",""HR Business Partner"",""Sales Manager"",""Customer Support Specialist""],""target_grades"":[""Senior"",""Lead""],""develops_skills"":[{""skill_id"":""SK_LEADERSHIP"",""gain"":1,""max_level"":4},{""skill_id"":""SK_CONFLICT_RESOLUTION"",""gain"":1,""max_level"":4},{""skill_id"":""SK_STAKEHOLDER_MGMT"",""gain"":1,""max_level"":4}],""prerequisites"":{},""upcoming_sessions"":[""2026-10-08"",""2026-11-09""]}"
event,EV_039,"{""event_id"":""EV_039"",""title"":""Time \u0026 Priority Management"",""description"":""Planning your week, managing interruptions and adapting to shifting priorities."",""type"":""workshop"",""format"":""online"",""duration_hours"":3,""mandatory"":false,""target_roles"":[""Backend Engineer"",""Frontend Engineer"",""Data Analyst"",""QA Engineer"",""Product Manager"",""HR Business Partner"",""Sales Manager"",""Customer Support Specialist""],""target_grades"":[""Junior"",""Middle"",""Senior"",""Lead""],""develops_skills"":[{""skill_id"":""SK_TIME_MANAGEMENT"",""gain"":1,""max_level"":4},{""skill_id"":""SK_ADAPTABILITY"",""gain"":1,""max_level"":4}],""prerequisites"":{},""upcoming_sessions"":[""2026-11-25"",""2026-12-18""]}"
event,EV_040,"{""event_id"":""EV_040"",""title"":""Structured Problem Solving"",""description"":""Team exercises on framing problems, testing hypotheses and deciding together."",""type"":""workshop"",""format"":""offline"",""duration_hours"":4,""mandatory"":false,""target_roles"":[""Backend Engineer"",""Frontend Engineer"",""Data Analyst"",""QA Engineer"",""Product Manager"",""HR Business Partner"",""Sales Manager"",""Customer Support Specialist""],""target_grades"":[""Junior"",""Middle"",""Senior"",""Lead""],""develops_skills"":[{""skill_id"":""SK_PROBLEM_SOLVING"",""gain"":1,""max_level"":4},{""skill_id"":""SK_CRITICAL_THINKING"",""gain"":1,""max_level"":4},{""skill_id"":""SK_TEAMWORK"",""gain"":1,""max_level"":4}],""prerequisites"":{},""upcoming_sessions"":[""2026-11-09"",""2026-12-17""]}"
skill,SK_PYTHON,"{""skill_id"":""SK_PYTHON"",""name"":""Python"",""type"":""hard"",""category"":""engineering"",""description"":""Writing, testing and maintaining Python code.""}"
skill,SK_JAVA,"{""skill_id"":""SK_JAVA"",""name"":""Java"",""type"":""hard"",""category"":""engineering"",""description"":""Writing, testing and maintaining Java code.""}"
skill,SK_SQL,"{""skill_id"":""SK_SQL"",""name"":""SQL"",""type"":""hard"",""category"":""engineering"",""description"":""Querying and transforming relational data.""}"
skill,SK_API_DESIGN,"{""skill_id"":""SK_API_DESIGN"",""name"":""API Design"",""type"":""hard"",""category"":""engineering"",""description"":""Designing clear, versioned and secure service interfaces.""}"
skill,SK_SYSTEM_DESIGN,"{""skill_id"":""SK_SYSTEM_DESIGN"",""name"":""System Design"",""type"":""hard"",""category"":""engineering"",""description"":""Designing scalable, reliable distributed systems.""}"
skill,SK_CLOUD,"{""skill_id"":""SK_CLOUD"",""name"":""Cloud Platforms"",""type"":""hard"",""category"":""engineering"",""description"":""Building and running services on cloud infrastructure.""}"
skill,SK_CONTAINERS,"{""skill_id"":""SK_CONTAINERS"",""name"":""Containers \u0026 Orchestration"",""type"":""hard"",""category"":""engineering"",""description"":""Packaging and running services with containers and orchestrators.""}"
skill,SK_CICD,"{""skill_id"":""SK_CICD"",""name"":""CI/CD"",""type"":""hard"",""category"":""engineering"",""description"":""Automating build, test and deployment pipelines.""}"
skill,SK_APP_SECURITY,"{""skill_id"":""SK_APP_SECURITY"",""name"":""Application Security"",""type"":""hard"",""category"":""engineering"",""description"":""Preventing common vulnerabilities in application code.""}"
skill,SK_OBSERVABILITY,"{""skill_id"":""SK_OBSERVABILITY"",""name"":""Observability"",""type"":""hard"",""category"":""engineering"",""description"":""Monitoring systems with metrics, logs and traces.""}"
skill,SK_JAVASCRIPT,"{""skill_id"":""SK_JAVASCRIPT"",""name"":""JavaScript"",""type"":""hard"",""category"":""frontend"",""description"":""Writing modern JavaScript for web applications.""}"
skill,SK_TYPESCRIPT,"{""skill_id"":""SK_TYPESCRIPT"",""name"":""TypeScript"",""type"":""hard"",""category"":""frontend"",""description"":""Writing type-safe TypeScript code.""}"
skill,SK_REACT,"{""skill_id"":""SK_REACT"",""name"":""React"",""type"":""hard"",""category"":""frontend"",""description"":""Building UI with React components and state management.""}"
skill,SK_HTML_CSS,"{""skill_id"":""SK_HTML_CSS"",""name"":""HTML \u0026 CSS"",""type"":""hard"",""category"":""frontend"",""description"":""Building semantic, responsive page layouts.""}"
skill,SK_WEB_PERFORMANCE,"{""skill_id"":""SK_WEB_PERFORMANCE"",""name"":""Web Performance"",""type"":""hard"",""category"":""frontend"",""description"":""Measuring and improving page load and runtime performance.""}"
skill,SK_ACCESSIBILITY,"{""skill_id"":""SK_ACCESSIBILITY"",""name"":""Web Accessibility"",""type"":""hard"",""category"":""frontend"",""description"":""Building interfaces usable by people with disabilities.""}"
skill,SK_TEST_DESIGN,"{""skill_id"":""SK_TEST_DESIGN"",""name"":""Test Design"",""type"":""hard"",""category"":""quality"",""description"":""Deriving test cases from requirements and risks.""}"
skill,SK_TEST_AUTOMATION,"{""skill_id"":""SK_TEST_AUTOMATION"",""name"":""Test Automation"",""type"":""hard"",""category"":""quality"",""description"":""Building and maintaining automated test suites.""}"
skill,SK_API_TESTING,"{""skill_id"":""SK_API_TESTING"",""name"":""API Testing"",""type"":""hard"",""category"":""quality"",""description"":""Testing service interfaces for correctness and contracts.""}"
skill,SK_LOAD_TESTING,"{""skill_id"":""SK_LOAD_TESTING"",""name"":""Load Testing"",""type"":""hard"",""category"":""quality"",""description"":""Testing system behaviour under load.""}"
skill,SK_STATISTICS,"{""skill_id"":""SK_STATISTICS"",""name"":""Statistics"",""type"":""hard"",""category"":""data"",""description"":""Applying descriptive and inferential statistics.""}"
skill,SK_AB_TESTING,"{""skill_id"":""SK_AB_TESTING"",""name"":""A/B Testing"",""type"":""hard"",""category"":""data"",""description"":""Designing and analysing controlled experiments.""}"
skill,SK_DATA_VIZ,"{""skill_id"":""SK_DATA_VIZ"",""name"":""Data Visualization"",""type"":""hard"",""category"":""data"",""description"":""Presenting data clearly with charts and dashboards.""}"
skill,SK_BI_TOOLS,"{""skill_id"":""SK_BI_TOOLS"",""name"":""BI Tools"",""type"":""hard"",""category"":""data"",""description"":""Building reports in business intelligence tools.""}"
skill,SK_DATA_MODELING,"{""skill_id"":""SK_DATA_MODELING"",""name"":""Data Modeling"",""type"":""hard"",""category"":""data"",""description"":""Designing analytical data structures.""}"
skill,SK_ML_BASICS,"{""skill_id"":""SK_ML_BASICS"",""name"":""Machine Learning Fundamentals"",""type"":""hard"",""category"":""data"",""description"":""Training and evaluating basic ML models.""}"
skill,SK_PRODUCT_DISCOVERY,"{""skill_id"":""SK_PRODUCT_DISCOVERY"",""name"":""Product Discovery"",""type"":""hard"",""category"":""product"",""description"":""Finding and validating user problems worth solving.""}"
skill,SK_ROADMAPPING,"{""skill_id"":""SK_ROADMAPPING"",""name"":""Roadmapping \u0026 Prioritization"",""type"":""hard"",""category"":""product"",""description"":""Prioritizing work and building product roadmaps.""}"
skill,SK_PRODUCT_ANALYTICS,"{""skill_id"":""SK_PRODUCT_ANALYTICS"",""name"":""Product Analytics"",""type"":""hard"",""category"":""product"",""description"":""Using product metrics to guide decisions.""}"
skill,SK_UX_RESEARCH,"{""skill_id"":""SK_UX_RESEARCH"",""name"":""UX Research"",""type"":""hard"",""category"":""product"",""description"":""Running interviews and usability studies.""}"
skill,SK_REQUIREMENTS,"{""skill_id"":""SK_REQUIREMENTS"",""name"":""Requirements Writing"",""type"":""hard"",""category"":""product"",""description"":""Writing clear, testable requirements.""}"
skill,SK_AGILE,"{""skill_id"":""SK_AGILE"",""name"":""Agile Practices"",""type"":""hard"",""category"":""product"",""description"":""Working in iterative delivery frameworks.""}"
skill,SK_PROJECT_MGMT,"{""skill_id"":""SK_PROJECT_MGMT"",""name"":""Project Management"",""type"":""hard"",""category"":""product"",""description"":""Planning scope, timelines and risks.""}"
skill,SK_TALENT_ACQUISITION,"{""skill_id"":""SK_TALENT_ACQUISITION"",""name"":""Talent Acquisition"",""type"":""hard"",""category"":""hr"",""description"":""Sourcing, interviewing and hiring candidates.""}"
skill,SK_EMPLOYEE_RELATIONS,"{""skill_id"":""SK_EMPLOYEE_RELATIONS"",""name"":""Employee Relations"",""type"":""hard"",""category"":""hr"",""description"":""Handling employee cases and workplace issues.""}"
skill,SK_LABOR_LAW,"{""skill_id"":""SK_LABOR_LAW"",""name"":""Labor Law"",""type"":""hard"",""category"":""hr"",""description"":""Applying employment legislation in HR practice.""}"
skill,SK_HR_ANALYTICS,"{""skill_id"":""SK_HR_ANALYTICS"",""name"":""HR Analytics"",""type"":""hard"",""category"":""hr"",""description"":""Analysing workforce data for decisions.""}"
skill,SK_LEARNING_DESIGN,"{""skill_id"":""SK_LEARNING_DESIGN"",""name"":""Learning Program Design"",""type"":""hard"",""category"":""hr"",""description"":""Designing training programs and learning paths.""}"
skill,SK_COMPENSATION,"{""skill_id"":""SK_COMPENSATION"",""name"":""Compensation \u0026 Benefits"",""type"":""hard"",""category"":""hr"",""description"":""Designing pay structures and benefit packages.""}"
skill,SK_PROSPECTING,"{""skill_id"":""SK_PROSPECTING"",""name"":""Prospecting"",""type"":""hard"",""category"":""sales"",""description"":""Finding and qualifying new customers.""}"
skill,SK_NEGOTIATION,"{""skill_id"":""SK_NEGOTIATION"",""name"":""Negotiation"",""type"":""hard"",""category"":""sales"",""description"":""Reaching agreements that work for both sides.""}"
skill,SK_CRM,"{""skill_id"":""SK_CRM"",""name"":""CRM Systems"",""type"":""hard"",""category"":""sales"",""description"":""Managing customer data and pipelines in CRM.""}"
skill,SK_ACCOUNT_MGMT,"{""skill_id"":""SK_ACCOUNT_MGMT"",""name"":""Account Management"",""type"":""hard"",""category"":""sales"",""description"":""Growing and retaining existing customer accounts.""}"
skill,SK_PRODUCT_KNOWLEDGE,"{""skill_id"":""SK_PRODUCT_KNOWLEDGE"",""name"":""Product Knowledge"",""type"":""hard"",""category"":""sales"",""description"":""Knowing the company's products and how customers use them.""}"
skill,SK_CUSTOMER_SERVICE,"{""skill_id"":""SK_CUSTOMER_SERVICE"",""name"":""Customer Service"",""type"":""hard"",""category"":""support"",""description"":""Resolving customer requests with quality and empathy.""}"
skill,SK_TROUBLESHOOTING,"{""skill_id"":""SK_TROUBLESHOOTING"",""name"":""Technical Troubleshooting"",""type"":""hard"",""category"":""support"",""description"":""Diagnosing and resolving technical issues.""}"
skill,SK_COMMUNICATION,"{""skill_id"":""SK_COMMUNICATION"",""name"":""Communication"",""type"":""soft"",""category"":""communication"",""description"":""Expressing ideas clearly and listening actively.""}"
skill,SK_PUBLIC_SPEAKING,"{""skill_id"":""SK_PUBLIC_SPEAKING"",""name"":""Public Speaking"",""type"":""soft"",""category"":""communication"",""description"":""Presenting confidently to groups.""}"
skill,SK_WRITTEN_COMMUNICATION,"{""skill_id"":""SK_WRITTEN_COMMUNICATION"",""name"":""Written Communication"",""type"":""soft"",""category"":""communication"",""description"":""Writing clear emails, documents and reports.""}"
skill,SK_STAKEHOLDER_MGMT,"{""skill_id"":""SK_STAKEHOLDER_MGMT"",""name"":""Stakeholder Management"",""type"":""soft"",""category"":""communication"",""description"":""Aligning expectations with stakeholders.""}"
skill,SK_LEADERSHIP,"{""skill_id"":""SK_LEADERSHIP"",""name"":""Leadership"",""type"":""soft"",""category"":""leadership"",""description"":""Setting direction and motivating a team.""}"
skill,SK_MENTORING,"{""skill_id"":""SK_MENTORING"",""name"":""Mentoring"",""type"":""soft"",""category"":""leadership"",""description"":""Helping colleagues grow through guidance.""}"
skill,SK_FEEDBACK,"{""skill_id"":""SK_FEEDBACK"",""name"":""Feedback"",""type"":""soft"",""category"":""leadership"",""description"":""Giving and receiving constructive feedback.""}"
skill,SK_CONFLICT_RESOLUTION,"{""skill_id"":""SK_CONFLICT_RESOLUTION"",""name"":""Conflict Resolution"",""type"":""soft"",""category"":""leadership"",""description"":""Resolving disagreements constructively.""}"
skill,SK_TEAMWORK,"{""skill_id"":""SK_TEAMWORK"",""name"":""Teamwork"",""type"":""soft"",""category"":""collaboration"",""description"":""Working effectively toward shared goals.""}"
skill,SK_EMOTIONAL_INTELLIGENCE,"{""skill_id"":""SK_EMOTIONAL_INTELLIGENCE"",""name"":""Emotional Intelligence"",""type"":""soft"",""category"":""collaboration"",""description"":""Recognising and managing emotions in yourself and others.""}"
skill,SK_PROBLEM_SOLVING,"{""skill_id"":""SK_PROBLEM_SOLVING"",""name"":""Problem Solving"",""type"":""soft"",""category"":""thinking"",""description"":""Breaking down problems and finding solutions.""}"
skill,SK_CRITICAL_THINKING,"{""skill_id"":""SK_CRITICAL_THINKING"",""name"":""Critical Thinking"",""type"":""soft"",""category"":""thinking"",""description"":""Evaluating information and arguments objectively.""}"
skill,SK_TIME_MANAGEMENT,"{""skill_id"":""SK_TIME_MANAGEMENT"",""name"":""Time Management"",""type"":""soft"",""category"":""personal_effectiveness"",""description"":""Planning and prioritizing own work.""}"
skill,SK_ADAPTABILITY,"{""skill_id"":""SK_ADAPTABILITY"",""name"":""Adaptability"",""type"":""soft"",""category"":""personal_effectiveness"",""description"":""Adjusting quickly to change.""}"
role,Backend Engineer/Junior,"{""role"":""Backend Engineer"",""grade"":""Junior"",""required_skills"":{""SK_API_DESIGN"":1,""SK_APP_SECURITY"":1,""SK_CICD"":1,""SK_CLOUD"":1,""SK_COMMUNICATION"":2,""SK_CONTAINERS"":1,""SK_PROBLEM_SOLVING"":2,""SK_PYTHON"":2,""SK_SQL"":2,""SK_SYSTEM_DESIGN"":1,""SK_TEAMWORK"":2},""critical_skills"":[""SK_PYTHON""]}"
role,Backend Engineer/Middle,"{""role"":""Backend Engineer"",""grade"":""Middle"",""required_skills"":{""SK_API_DESIGN"":3,""SK_APP_SECURITY"":2,""SK_CICD"":2,""SK_CLOUD"":2,""SK_COMMUNICATION"":3,""SK_CONTAINERS"":2,""SK_MENTORING"":1,""SK_OBSERVABILITY"":2,""SK_PROBLEM_SOLVING"":3,""SK_PUBLIC_SPEAKING"":1,""SK_PYTHON"":3,""SK_SQL"":3,""SK_STAKEHOLDER_MGMT"":1,""SK_SYSTEM_DESIGN"":2,""SK_TEAMWORK"":3},""critical_skills"":[""SK_PYTHON"",""SK_API_DESIGN""]}"
role,Backend Engineer/Senior,"{""role"":""Backend Engineer"",""grade"":""Senior"",""required_skills"":{""SK_API_DESIGN"":4,""SK_APP_SECURITY"":3,""SK_CICD"":3,""SK_CLOUD"":3,""SK_COMMUNICATION"":3,""SK_CONTAINERS"":3,""SK_LEADERSHIP"":2,""SK_MENTORING"":3,""SK_OBSERVABILITY"":3,""SK_PROBLEM_SOLVING"":4,""SK_PUBLIC_SPEAKING"":2,""SK_PYTHON"":4,""SK_SQL"":4,""SK_STAKEHOLDER_MGMT"":2,""SK_SYSTEM_DESIGN"":4,""SK_TEAMWORK"":3},""critical_skills"":[""SK_SYSTEM_DESIGN"",""SK_API_DESIGN""]}"
role,Backend Engineer/Lead,"{""role"":""Backend Engineer"",""grade"":""Lead"",""required_skills"":{""SK_API_DESIGN"":4,""SK_APP_SECURITY"":4,""SK_CICD"":3,""SK_CLOUD"":4,""SK_COMMUNICATION"":4,""SK_CONTAINERS"":3,""SK_LEADERSHIP"":4,""SK_MENTORING"":4,""SK_OBSERVABILITY"":4,""SK_PROBLEM_SOLVING"":4,""SK_PUBLIC_SPEAKING"":3,""SK_PYTHON"":4,""SK_SQL"":4,""SK_STAKEHOLDER_MGMT"":4,""SK_SYSTEM_DESIGN"":5,""SK_TEAMWORK"":4},""critical_skills"":[""SK_SYSTEM_DESIGN"",""SK_LEADERSHIP"",""SK_MENTORING""]}"
role,Frontend Engineer/Junior,"{""role"":""Frontend Engineer"",""grade"":""Junior"",""required_skills"":{""SK_ACCESSIBILITY"":1,""SK_COMMUNICATION"":2,""SK_HTML_CSS"":2,""SK_JAVASCRIPT"":2,""SK_PROBLEM_SOLVING"":2,""SK_REACT"":2,""SK_TEAMWORK"":2,""SK_TYPESCRIPT"":1},""critical_skills"":[""SK_JAVASCRIPT""]}"
role,Frontend Engineer/Middle,"{""role"":""Frontend Engineer"",""grade"":""Middle"",""required_skills"":{""SK_ACCESSIBILITY"":2,""SK_API_DESIGN"":1,""SK_CICD"":1,""SK_COMMUNICATION"":3,""SK_HTML_CSS"":3,""SK_JAVASCRIPT"":3,""SK_MENTORING"":1,""SK_PROBLEM_SOLVING"":3,""SK_PUBLIC_SPEAKING"":1,""SK_REACT"":3,""SK_STAKEHOLDER_MGMT"":1,""SK_TEAMWORK"":3,""SK_TYPESCRIPT"":3,""SK_WEB_PERFORMANCE"":2},""critical_skills"":[""SK_TYPESCRIPT"",""SK_REACT""]}"
role,Frontend Engineer/Senior,"{""role"":""Frontend Engineer"",""grade"":""Senior"",""required_skills"":{""SK_ACCESSIBILITY"":3,""SK_API_DESIGN"":2,""SK_CICD"":2,""SK_COMMUNICATION"":3,""SK_HTML_CSS"":4,""SK_JAVASCRIPT"":4,""SK_LEADERSHIP"":2,""SK_MENTORING"":3,""SK_PROBLEM_SOLVING"":4,""SK_PUBLIC_SPEAKING"":2,""SK_REACT"":4,""SK_STAKEHOLDER_MGMT"":2,""SK_TEAMWORK"":3,""SK_TYPESCRIPT"":4,""SK_WEB_PERFORMANCE"":4},""critical_skills"":[""SK_WEB_PERFORMANCE"",""SK_TYPESCRIPT""]}"
role,Frontend Engineer/Lead,"{""role"":""Frontend Engineer"",""grade"":""Lead"",""required_skills"":{""SK_ACCESSIBILITY"":4,""SK_API_DESIGN"":3,""SK_CICD"":3,""SK_COMMUNICATION"":4,""SK_HTML_CSS"":4,""SK_JAVASCRIPT"":4,""SK_LEADERSHIP"":4,""SK_MENTORING"":4,""SK_PROBLEM_SOLVING"":4,""SK_PUBLIC_SPEAKING"":3,""SK_REACT"":4,""SK_STAKEHOLDER_MGMT"":4,""SK_TEAMWORK"":4,""SK_TYPESCRIPT"":4,""SK_WEB_PERFORMANCE"":4},""critical_skills"":[""SK_LEADERSHIP"",""SK_MENTORING""]}"
role,Data Analyst/Junior,"{""role"":""Data Analyst"",""grade"":""Junior"",""required_skills"":{""SK_BI_TOOLS"":2,""SK_COMMUNICATION"":2,""SK_CRITICAL_THINKING"":2,""SK_DATA_VIZ"":2,""SK_PYTHON"":1,""SK_SQL"":2,""SK_STATISTICS"":1},""critical_skills"":[""SK_SQL""]}"
role,Data Analyst/Middle,"{""role"":""Data Analyst"",""grade"":""Middle"",""required_skills"":{""SK_AB_TESTING"":2,""SK_BI_TOOLS"":3,""SK_COMMUNICATION"":3,""SK_CRITICAL_THINKING"":3,""SK_DATA_MODELING"":2,""SK_DATA_VIZ"":3,""SK_MENTORING"":1,""SK_ML_BASICS"":1,""SK_PRODUCT_ANALYTICS"":1,""SK_PUBLIC_SPEAKING"":1,""SK_PYTHON"":2,""SK_SQL"":3,""SK_STAKEHOLDER_MGMT"":2,""SK_STATISTICS"":3},""critical_skills"":[""SK_STATISTICS"",""SK_SQL""]}"
role,Data Analyst/Senior,"{""role"":""Data Analyst"",""grade"":""Senior"",""required_skills"":{""SK_AB_TESTING"":4,""SK_BI_TOOLS"":3,""SK_COMMUNICATION"":4,""SK_CRITICAL_THINKING"":4,""SK_DATA_MODELING"":3,""SK_DATA_VIZ"":4,""SK_LEADERSHIP"":2,""SK_MENTORING"":2,""SK_ML_BASICS"":2,""SK_PRODUCT_ANALYTICS"":3,""SK_PUBLIC_SPEAKING"":2,""SK_PYTHON"":3,""SK_SQL"":4,""SK_STAKEHOLDER_MGMT"":3,""SK_STATISTICS"":4},""critical_skills"":[""SK_AB_TESTING"",""SK_STATISTICS""]}"
role,Data Analyst/Lead,"{""role"":""Data Analyst"",""grade"":""Lead"",""required_skills"":{""SK_AB_TESTING"":4,""SK_BI_TOOLS"":4,""SK_COMMUNICATION"":4,""SK_CRITICAL_THINKING"":4,""SK_DATA_MODELING"":4,""SK_DATA_VIZ"":4,""SK_LEADERSHIP"":4,""SK_MENTORING"":4,""SK_ML_BASICS"":3,""SK_PRODUCT_ANALYTICS"":3,""SK_PUBLIC_SPEAKING"":3,""SK_PYTHON"":3,""SK_SQL"":4,""SK_STAKEHOLDER_MGMT"":4,""SK_STATISTICS"":4},""critical_skills"":[""SK_LEADERSHIP"",""SK_STAKEHOLDER_MGMT""]}"
role,QA Engineer/Junior,"{""role"":""QA Engineer"",""grade"":""Junior"",""required_skills"":{""SK_API_TESTING"":1,""SK_COMMUNICATION"":2,""SK_CRITICAL_THINKING"":2,""SK_JAVA"":1,""SK_SQL"":1,""SK_TEAMWORK"":2,""SK_TEST_AUTOMATION"":1,""SK_TEST_DESIGN"":2,""SK_WRITTEN_COMMUNICATION"":2},""critical_skills"":[""SK_TEST_DESIGN""]}"
role,QA Engineer/Middle,"{""role"":""QA Engineer"",""grade"":""Middle"",""required_skills"":{""SK_API_TESTING"":3,""SK_CICD"":1,""SK_COMMUNICATION"":3,""SK_CRITICAL_THINKING"":3,""SK_JAVA"":2,""SK_LOAD_TESTING"":1,""SK_MENTORING"":1,""SK_SQL"":2,""SK_TEAMWORK"":3,""SK_TEST_AUTOMATION"":2,""SK_TEST_DESIGN"":3,""SK_WRITTEN_COMMUNICATION"":2},""critical_skills"":[""SK_API_TESTING""]}"
role,QA Engineer/Senior,"{""role"":""QA Engineer"",""grade"":""Senior"",""required_skills"":{""SK_API_TESTING"":4,""SK_CICD"":3,""SK_COMMUNICATION"":3,""SK_CRITICAL_THINKING"":4,""SK_JAVA"":3,""SK_LEADERSHIP"":2,""SK_LOAD_TESTING"":3,""SK_MENTORING"":3,""SK_SQL"":3,""SK_TEAMWORK"":3,""SK_TEST_AUTOMATION"":4,""SK_TEST_DESIGN"":4,""SK_WRITTEN_COMMUNICATION"":3},""critical_skills"":[""SK_TEST_AUTOMATION"",""SK_LOAD_TESTING""]}"
role,QA Engineer/Lead,"{""role"":""QA Engineer"",""grade"":""Lead"",""required_skills"":{""SK_API_TESTING"":4,""SK_CICD"":3,""SK_COMMUNICATION"":4,""SK_CRITICAL_THINKING"":4,""SK_JAVA"":3,""SK_LEADERSHIP"":4,""SK_LOAD_TESTING"":4,""SK_MENTORING"":4,""SK_SQL"":3,""SK_TEAMWORK"":4,""SK_TEST_AUTOMATION"":4,""SK_TEST_DESIGN"":4,""SK_WRITTEN_COMMUNICATION"":4},""critical_skills"":[""SK_LEADERSHIP"",""SK_MENTORING""]}"
role,Product Manager/Junior,"{""role"":""Product Manager"",""grade"":""Junior"",""required_skills"":{""SK_AGILE"":2,""SK_COMMUNICATION"":3,""SK_CRITICAL_THINKING"":2,""SK_PRODUCT_ANALYTICS"":1,""SK_PRODUCT_DISCOVERY"":1,""SK_PROJECT_MGMT"":1,""SK_PUBLIC_SPEAKING"":1,""SK_REQUIREMENTS"":2,""SK_ROADMAPPING"":1,""SK_STAKEHOLDER_MGMT"":1,""SK_UX_RESEARCH"":1},""critical_skills"":[""SK_REQUIREMENTS""]}"
role,Product Manager/Middle,"{""role"":""Product Manager"",""grade"":""Middle"",""required_skills"":{""SK_AB_TESTING"":1,""SK_AGILE"":3,""SK_COMMUNICATION"":3,""SK_CRITICAL_THINKING"":3,""SK_LEADERSHIP"":1,""SK_PRODUCT_ANALYTICS"":3,""SK_PRODUCT_DISCOVERY"":3,""SK_PROJECT_MGMT"":2,""SK_PUBLIC_SPEAKING"":2,""SK_REQUIREMENTS"":3,""SK_ROADMAPPING"":2,""SK_SQL"":1,""SK_STAKEHOLDER_MGMT"":3,""SK_UX_RESEARCH"":2},""critical_skills"":[""SK_PRODUCT_DISCOVERY"",""SK_PRODUCT_ANALYTICS""]}"
role,Product Manager/Senior,"{""role"":""Product Manager"",""grade"":""Senior"",""required_skills"":{""SK_AB_TESTING"":3,""SK_AGILE"":3,""SK_COMMUNICATION"":4,""SK_CRITICAL_THINKING"":4,""SK_LEADERSHIP"":3,""SK_MENTORING"":2,""SK_PRODUCT_ANALYTICS"":4,""SK_PRODUCT_DISCOVERY"":4,""SK_PROJECT_MGMT"":3,""SK_PUBLIC_SPEAKING"":3,""SK_REQUIREMENTS"":4,""SK_ROADMAPPING"":4,""SK_SQL"":2,""SK_STAKEHOLDER_MGMT"":4,""SK_UX_RESEARCH"":3},""critical_skills"":[""SK_ROADMAPPING"",""SK_STAKEHOLDER_MGMT""]}"
role,Product Manager/Lead,"{""role"":""Product Manager"",""grade"":""Lead"",""required_skills"":{""SK_AB_TESTING"":3,""SK_AGILE"":4,""SK_COMMUNICATION"":5,""SK_CRITICAL_THINKING"":4,""SK_LEADERSHIP"":4,""SK_MENTORING"":4,""SK_PRODUCT_ANALYTICS"":4,""SK_PRODUCT_DISCOVERY"":5,""SK_PROJECT_MGMT"":4,""SK_PUBLIC_SPEAKING"":4,""SK_REQUIREMENTS"":4,""SK_ROADMAPPING"":4,""SK_SQL"":2,""SK_STAKEHOLDER_MGMT"":5,""SK_UX_RESEARCH"":4},""critical_skills"":[""SK_LEADERSHIP"",""SK_PRODUCT_DISCOVERY""]}"
role,HR Business Partner/Junior,"{""role"":""HR Business Partner"",""grade"":""Junior"",""required_skills"":{""SK_COMMUNICATION"":3,""SK_CONFLICT_RESOLUTION"":1,""SK_EMOTIONAL_INTELLIGENCE"":2,""SK_EMPLOYEE_RELATIONS"":1,""SK_FEEDBACK"":1,""SK_LABOR_LAW"":1,""SK_PUBLIC_SPEAKING"":1,""SK_TALENT_ACQUISITION"":2},""critical_skills"":[""SK_TALENT_ACQUISITION""]}"
role,HR Business Partner/Middle,"{""role"":""HR Business Partner"",""grade"":""Middle"",""required_skills"":{""SK_COMMUNICATION"":3,""SK_COMPENSATION"":1,""SK_CONFLICT_RESOLUTION"":2,""SK_EMOTIONAL_INTELLIGENCE"":3,""SK_EMPLOYEE_RELATIONS"":3,""SK_FEEDBACK"":2,""SK_HR_ANALYTICS"":1,""SK_LABOR_LAW"":3,""SK_LEARNING_DESIGN"":2,""SK_MENTORING"":1,""SK_PUBLIC_SPEAKING"":2,""SK_STAKEHOLDER_MGMT"":2,""SK_TALENT_ACQUISITION"":3},""critical_skills"":[""SK_EMPLOYEE_RELATIONS"",""SK_LABOR_LAW""]}"
role,HR Business Partner/Senior,"{""role"":""HR Business Partner"",""grade"":""Senior"",""required_skills"":{""SK_COMMUNICATION"":4,""SK_COMPENSATION"":3,""SK_CONFLICT_RESOLUTION"":4,""SK_EMOTIONAL_INTELLIGENCE"":4,""SK_EMPLOYEE_RELATIONS"":4,""SK_FEEDBACK"":3,""SK_HR_ANALYTICS"":3,""SK_LABOR_LAW"":3,""SK_LEADERSHIP"":2,""SK_LEARNING_DESIGN"":3,""SK_MENTORING"":2,""SK_PUBLIC_SPEAKING"":3,""SK_STAKEHOLDER_MGMT"":3,""SK_TALENT_ACQUISITION"":3},""critical_skills"":[""SK_HR_ANALYTICS"",""SK_CONFLICT_RESOLUTION""]}"
role,HR Business Partner/Lead,"{""role"":""HR Business Partner"",""grade"":""Lead"",""required_skills"":{""SK_COMMUNICATION"":5,""SK_COMPENSATION"":4,""SK_CONFLICT_RESOLUTION"":4,""SK_EMOTIONAL_INTELLIGENCE"":5,""SK_EMPLOYEE_RELATIONS"":4,""SK_FEEDBACK"":4,""SK_HR_ANALYTICS"":4,""SK_LABOR_LAW"":4,""SK_LEADERSHIP"":4,""SK_LEARNING_DESIGN"":4,""SK_MENTORING"":3,""SK_PUBLIC_SPEAKING"":4,""SK_STAKEHOLDER_MGMT"":4,""SK_TALENT_ACQUISITION"":4},""critical_skills"":[""SK_LEADERSHIP"",""SK_STAKEHOLDER_MGMT""]}"
role,Sales Manager/Junior,"{""role"":""Sales Manager"",""grade"":""Junior"",""required_skills"":{""SK_ACCOUNT_MGMT"":1,""SK_ADAPTABILITY"":2,""SK_COMMUNICATION"":3,""SK_CRM"":2,""SK_EMOTIONAL_INTELLIGENCE"":2,""SK_NEGOTIATION"":1,""SK_PRODUCT_KNOWLEDGE"":2,""SK_PROSPECTING"":2,""SK_PUBLIC_SPEAKING"":1,""SK_TIME_MANAGEMENT"":2},""critical_skills"":[""SK_PRODUCT_KNOWLEDGE""]}"
role,Sales Manager/Middle,"{""role"":""Sales Manager"",""grade"":""Middle"",""required_skills"":{""SK_ACCOUNT_MGMT"":2,""SK_ADAPTABILITY"":2,""SK_COMMUNICATION"":3,""SK_CRM"":3,""SK_EMOTIONAL_INTELLIGENCE"":3,""SK_MENTORING"":1,""SK_NEGOTIATION"":3,""SK_PRODUCT_KNOWLEDGE"":3,""SK_PROSPECTING"":3,""SK_PUBLIC_SPEAKING"":2,""SK_STAKEHOLDER_MGMT"":2,""SK_TIME_MANAGEMENT"":3},""critical_skills"":[""SK_NEGOTIATION"",""SK_PROSPECTING""]}"
role,Sales Manager/Senior,"{""role"":""Sales Manager"",""grade"":""Senior"",""required_skills"":{""SK_ACCOUNT_MGMT"":4,""SK_ADAPTABILITY"":3,""SK_COMMUNICATION"":4,""SK_CRM"":3,""SK_EMOTIONAL_INTELLIGENCE"":3,""SK_LEADERSHIP"":2,""SK_MENTORING"":2,""SK_NEGOTIATION"":4,""SK_PRODUCT_KNOWLEDGE"":4,""SK_PROSPECTING"":4,""SK_PUBLIC_SPEAKING"":3,""SK_STAKEHOLDER_MGMT"":3,""SK_TIME_MANAGEMENT"":3},""critical_skills"":[""SK_ACCOUNT_MGMT"",""SK_NEGOTIATION""]}"
role,Sales Manager/Lead,"{""role"":""Sales Manager"",""grade"":""Lead"",""required_skills"":{""SK_ACCOUNT_MGMT"":4,""SK_ADAPTABILITY"":3,""SK_COMMUNICATION"":5,""SK_CRM"":4,""SK_EMOTIONAL_INTELLIGENCE"":4,""SK_LEADERSHIP"":4,""SK_MENTORING"":4,""SK_NEGOTIATION"":5,""SK_PRODUCT_KNOWLEDGE"":4,""SK_PROSPECTING"":4,""SK_PUBLIC_SPEAKING"":4,""SK_STAKEHOLDER_MGMT"":4,""SK_TIME_MANAGEMENT"":4},""critical_skills"":[""SK_LEADERSHIP"",""SK_MENTORING""]}"
role,Customer Support Specialist/Junior,"{""role"":""Customer Support Specialist"",""grade"":""Junior"",""required_skills"":{""SK_ADAPTABILITY"":1,""SK_COMMUNICATION"":2,""SK_CONFLICT_RESOLUTION"":1,""SK_CRM"":1,""SK_CUSTOMER_SERVICE"":2,""SK_EMOTIONAL_INTELLIGENCE"":2,""SK_PROBLEM_SOLVING"":1,""SK_PRODUCT_KNOWLEDGE"":2,""SK_TIME_MANAGEMENT"":2,""SK_TROUBLESHOOTING"":1,""SK_WRITTEN_COMMUNICATION"":2},""critical_skills"":[""SK_CUSTOMER_SERVICE""]}"
role,Customer Support Specialist/Middle,"{""role"":""Customer Support Specialist"",""grade"":""Middle"",""required_skills"":{""SK_ADAPTABILITY"":2,""SK_COMMUNICATION"":3,""SK_CONFLICT_RESOLUTION"":2,""SK_CRM"":2,""SK_CUSTOMER_SERVICE"":3,""SK_EMOTIONAL_INTELLIGENCE"":3,""SK_FEEDBACK"":1,""SK_MENTORING"":1,""SK_PROBLEM_SOLVING"":2,""SK_PRODUCT_KNOWLEDGE"":3,""SK_TIME_MANAGEMENT"":3,""SK_TROUBLESHOOTING"":2,""SK_WRITTEN_COMMUNICATION"":3},""critical_skills"":[""SK_TROUBLESHOOTING"",""SK_CONFLICT_RESOLUTION""]}"
role,Customer Support Specialist/Senior,"{""role"":""Customer Support Specialist"",""grade"":""Senior"",""required_skills"":{""SK_ADAPTABILITY"":3,""SK_COMMUNICATION"":4,""SK_CONFLICT_RESOLUTION"":3,""SK_CRM"":3,""SK_CUSTOMER_SERVICE"":4,""SK_EMOTIONAL_INTELLIGENCE"":3,""SK_FEEDBACK"":2,""SK_LEADERSHIP"":2,""SK_MENTORING"":2,""SK_PROBLEM_SOLVING"":3,""SK_PRODUCT_KNOWLEDGE"":4,""SK_TIME_MANAGEMENT"":3,""SK_TROUBLESHOOTING"":3,""SK_WRITTEN_COMMUNICATION"":3},""critical_skills"":[""SK_TROUBLESHOOTING"",""SK_MENTORING""]}"
role,Customer Support Specialist/Lead,"{""role"":""Customer Support Specialist"",""grade"":""Lead"",""required_skills"":{""SK_ADAPTABILITY"":3,""SK_COMMUNICATION"":4,""SK_CONFLICT_RESOLUTION"":4,""SK_CRM"":3,""SK_CUSTOMER_SERVICE"":4,""SK_EMOTIONAL_INTELLIGENCE"":4,""SK_FEEDBACK"":3,""SK_LEADERSHIP"":4,""SK_MENTORING"":4,""SK_PROBLEM_SOLVING"":4,""SK_PRODUCT_KNOWLEDGE"":4,""SK_TIME_MANAGEMENT"":4,""SK_TROUBLESHOOTING"":4,""SK_WRITTEN_COMMUNICATION"":4},""critical_skills"":[""SK_LEADERSHIP"",""SK_FEEDBACK""]}"
history,R000001,"{""record_id"":""R000001"",""employee_id"":""E0018"",""event_id"":""EV_035"",""date"":""2024-10-01"",""due_date"":"""",""status"":""completed"",""completion_pct"":100,""score"":""61"",""feedback_rating"":""5"",""assigned_by"":""manager""}"
history,R000002,"{""record_id"":""R000002"",""employee_id"":""E0054"",""event_id"":""EV_036"",""date"":""2024-10-01"",""due_date"":"""",""status"":""declined"",""completion_pct"":0,""score"":"""",""feedback_rating"":"""",""assigned_by"":""manager""}"
history,R000003,"{""record_id"":""R000003"",""employee_id"":""E0063"",""event_id"":""EV_037"",""date"":""2024-10-02"",""due_date"":"""",""status"":""dropped"",""completion_pct"":45,""score"":"""",""feedback_rating"":""3"",""assigned_by"":""self""}"
history,R000004,"{""record_id"":""R000004"",""employee_id"":""E0003"",""event_id"":""EV_039"",""date"":""2024-10-03"",""due_date"":"""",""status"":""completed"",""completion_pct"":100,""score"":"""",""feedback_rating"":""4"",""assigned_by"":""self""}"
history,R000005,"{""record_id"":""R000005"",""employee_id"":""E0060"",""event_id"":""EV_032"",""date"":""2024-10-03"",""due_date"":"""",""status"":""completed"",""completion_pct"":100,""score"":"""",""feedback_rating"":""3"",""assigned_by"":""self""}"
history,R000006,"{""record_id"":""R000006"",""employee_id"":""E0107"",""event_id"":""EV_027"",""date"":""2024-10-03"",""due_date"":"""",""status"":""completed"",""completion_pct"":100,""score"":"""",""feedback_rating"":"""",""assigned_by"":""self""}"
history,R000007,"{""record_id"":""R000007"",""employee_id"":""E0007"",""event_id"":""EV_007"",""date"":""2024-10-04"",""due_date"":"""",""status"":""completed"",""completion_pct"":100,""score"":"""",""feedback_rating"":""5"",""assigned_by"":""manager""}"
history,R000008,"{""record_id"":""R000008"",""employee_id"":""E0073"",""event_id"":""EV_038"",""date"":""2024-10-04"",""due_date"":"""",""status"":""completed"",""completion_pct"":100,""score"":""75"",""feedback_rating"":"""",""assigned_by"":""manager""}"
history,R000009,"{""record_id"":""R000009"",""employee_id"":""E0057"",""event_id"":""EV_032"",""date"":""2024-10-07"",""due_date"":"""",""status"":""completed"",""completion_pct"":100,""score"":"""",""feedback_rating"":""3"",""assigned_by"":""self""}"
history,R000010,"{""record_id"":""R000010"",""employee_id"":""E0099"",""event_id"":""EV_029"",""date"":""2024-10-07"",""due_date"":"""",""status"":""completed"",""completion_pct"":100,""score"":""91"",""feedback_rating"":""5"",""assigned_by"":""hr""}"
history,R000011,"{""record_id"":""R000011"",""employee_id"":""E0131"",""event_id"":""EV_030"",""date"":""2024-10-07"",""due_date"":"""",""status"":""completed"",""completion_pct"":100,""score"":"""",""feedback_rating"":""3"",""assigned_by"":""self""}"
history,R000012,"{""record_id"":""R000012"",""employee_id"":""E0043"",""event_id"":""EV_037"",""date"":""2024-10-08"",""due_date"":"""",""status"":""completed"",""completion_pct"":100,""score"":"""",""feedback_rating"":""3"",""assigned_by"":""manager""}"
history,R000013,"{""record_id"":""R000013"",""employee_id"":""E0071"",""event_id"":""EV_026"",""date"":""2024-10-08"",""due_date"":"""",""status"":""completed"",""completion_pct"":100,""score"":"""",""feedback_rating"":""3"",""assigned_by"":""self""}"
history,R000014,"{""record_id"":""R000014"",""employee_id"":""E0154"",""event_id"":""EV_037"",""date"":""2024-10-08"",""due_date"":"""",""status"":""completed"",""completion_pct"":100,""score"":"""",""feedback_rating"":""3"",""assigned_by"":""self""}"
history,R000015,"{""record_id"":""R000015"",""employee_id"":""E0138"",""event_id"":""EV_034"",""date"":""2024-10-09"",""due_date"":"""",""status"":""declined"",""completion_pct"":0,""score"":"""",""feedback_rating"":"""",""assigned_by"":""manager""}"
history,R000016,"{""record_id"":""R000016"",""employee_id"":""E0013"",""event_id"":""EV_040"",""date"":""2024-10-10"",""due_date"":"""",""status"":""completed"",""completion_pct"":100,""score"":"""",""feedback_rating"":"""",""assigned_by"":""self""}"
history,R000017,"{""record_id"":""R000017"",""employee_id"":""E0099"",""event_id"":""EV_008"",""date"":""2024-10-11"",""due_date"":"""",""status"":""no_show"",""completion_pct"":0,""score"":"""",""feedback_rating"":"""",""assigned_by"":""manager""}"
history,R000018,"{""record_id"":""R000018"",""employee_id"":""E0092"",""event_id"":""EV_001"",""date"":""2024-10-14"",""due_date"":""2024-11-13"",""status"":""completed"",""completion_pct"":100,""score"":""99"",""feedback_rating"":"""",""assigned_by"":""hr""}"
history,R000019,"{""record_id"":""R000019"",""employee_id"":""E0092"",""event_id"":""EV_002"",""date"":""2024-10-14"",""due_date"":""2024-11-13"",""status"":""completed"",""completion_pct"":100,""score"":""74"",""feedback_rating"":"""",""assigned_by"":""hr""}"
history,R000020,"{""record_id"":""R000020"",""employee_id"":""E0092"",""event_id"":""EV_003"",""date"":""2024-10-14"",""due_date"":""2024-11-13"",""status"":""completed"",""completion_pct"":100,""score"":""78"",""feedback_rating"":"""",""assigned_by"":""hr""}"
history,R000021,"{""record_id"":""R000021"",""employee_id"":""E0164"",""event_id"":""EV_040"",""date"":""2024-10-14"",""due_date"":"""",""status"":""no_show"",""completion_pct"":0,""score"":"""",""feedback_rating"":"""",""assigned_by"":""hr""}"
history,R000022,"{""record_id"":""R000022"",""employee_id"":""E0189"",""event_id"":""EV_008"",""date"":""2024-10-14"",""due_date"":"""",""status"":""completed"",""completion_pct"":100,""score"":"""",""feedback_rating"":""5"",""assigned_by"":""self""}"
history,R000023,"{""record_id"":""R000023"",""employee_id"":""E0158"",""event_id"":""EV_040"",""date"":""2024-10-15"",""due_date"":"""",""status"":""declined"",""completion_pct"":0,""score"":"""",""feedback_rating"":"""",""assigned_by"":""manager""}"
history,R000024,"{""record_id"":""R000024"",""employee_id"":""E0061"",""event_id"":""EV_038"",""date"":""2024-10-16"",""due_date"":"""",""status"":""completed"",""completion_pct"":100,""score"":""83"",""feedback_rating"":""3"",""assigned_by"":""self""}"
history,R000025,"{""record_id"":""R000025"",""employee_id"":""E0062"",""event_id"":""EV_032"",""date"":""2024-10-16"",""due_date"":"""",""status"":""completed"",""completion_pct"":100,""score"":"""",""feedback_rating"":""4"",""assigned_by"":""self""}"
history,R000026,"{""record_id"":""R000026"",""employee_id"":""E0056"",""event_id"":""EV_033"",""date"":""2024-10-17"",""due_date"":"""",""status"":""no_show"",""completion_pct"":0,""score"":"""",""feedback_rating"":"""",""assigned_by"":""manager""}"
history,R000027,"{""record_id"":""R000027"",""employee_id"":""E0079"",""event_id"":""EV_001"",""date"":""2024-10-17"",""due_date"":""2024-11-16"",""status"":""completed"",""completion_pct"":100,""score"":""80"",""feedback_rating"":"""",""assigned_by"":""hr""}"
history,R000028,"{""record_id"":""R000028"",""employee_id"":""E0079"",""event_id"":""EV_002"",""date"":""2024-10-17"",""due_date"":""2024-11-16"",""status"":""completed"",""completion_pct"":100,""score"":""99"",""feedback_rating"":"""",""assigned_by"":""hr""}"
history,R000029,"{""record_id"":""R000029"",""employee_id"":""E0079"",""event_id"":""EV_003"",""date"":""2024-10-17"",""due_date"":""2024-11-16"",""status"":""completed"",""completion_pct"":100,""score"":""96"",""feedback_rating"":"""",""assigned_by"":""hr""}"
history,R000030,"{""record_id"":""R000030"",""employee_id"":""E0165"",""event_id"":""EV_036"",""date"":""2024-10-17"",""due_date"":"""",""status"":""completed"",""completion_pct"":100,""score"":"""",""feedback_rating"":""4"",""assigned_by"":""self""}"
history,R000031,"{""record_id"":""R000031"",""employee_id"":""E0028"",""event_id"":""EV_007"",""date"":""2024-10-18"",""due_date"":"""",""status"":""no_show"",""completion_pct"":0,""score"":"""",""feedback_rating"":"""",""assigned_by"":""manager""}"
history,R000032,"{""record_id"":""R000032"",""employee_id"":""E0059"",""event_id"":""EV_008"",""date"":""2024-10-18"",""due_date"":"""",""status"":""completed"",""completion_pct"":100,""score"":"""",""feedback_rating"":"""",""assigned_by"":""self""}"
history,R000033,"{""record_id"":""R000033"",""employee_id"":""E0013"",""event_id"":""EV_025"",""date"":""2024-10-21"",""due_date"":"""",""status"":""no_show"",""completion_pct"":0,""score"":"""",""feedback_rating"":"""",""assigned_by"":""self""}"
history,R000034,"{""record_id"":""R000034"",""employee_id"":""E0059"",""event_id"":""EV_039"",""date"":""2024-10-21"",""due_date"":"""",""status"":""completed"",""completion_pct"":100,""score"":"""",""feedback_rating"":"""",""assigned_by"":""self""}"
history,R000035,"{""record_id"":""R000035"",""employee_id"":""E0067"",""event_id"":""EV_001"",""date"":""2024-10-21"",""due_date"":""2024-11-20"",""status"":""completed"",""completion_pct"":100,""score"":""82"",""feedback_rating"":"""",""assigned_by"":""hr""}"
history,R000036,"{""record_id"":""R000036"",""employee_id"":""E0067"",""event_id"":""EV_002"",""date"":""2024-10-21"",""due_date"":""2024-11-20"",""status"":""completed"",""completion_pct"":100,""score"":""71"",""feedback_rating"":"""",""assigned_by"":""hr""}"
history,R000037,"{""record_id"":""R000037"",""employee_id"":""E0067"",""event_id"":""EV_003"",""date"":""2024-10-21"",""due_date"":""2024-11-20"",""status"":""completed"",""completion_pct"":100,""score"":""72"",""feedback_rating"":"""",""assigned_by"":""hr""}"
history,R000038,"{""record_id"":""R000038"",""employee_id"":""E0097"",""event_id"":""EV_038"",""date"":""2024-10-21"",""due_date"":"""",""status"":""completed"",""completion_pct"":100,""score"":""100"",""feedback_rating"":""4"",""assigned_by"":""self""}"
history,R000039,"{""record_id"":""R000039"",""employee_id"":""E0127"",""event_id"":""EV_036"",""date"":""2024-10-21"",""due_date"":"""",""status"":""completed"",""completion_pct"":100,""score"":"""",""feedback_rating"":""4"",""assigned_by"":""manager""}"
history,R000040,"{""record_id"":""R000040"",""employee_id"":""E0134"",""event_id"":""EV_027"",""date"":""2024-10-21"",""due_date"":"""",""status"":""completed"",""completion_pct"":100,""score"":"""",""feedback_rating"":""2"",""assigned_by"":""self""}"
history,R000041,"{""record_id"":""R000041"",""employee_id"":""E0150"",""event_id"":""EV_008"",""date"":""2024-10-22"",""due_date"":"""",""status"":""completed"",""completion_pct"":100,""score"":"""",""feedback_rating"":""5"",""assigned_by"":""self""}"
history,R000042,"{""record_id"":""R000042"",""employee_id"":""E0060"",""event_id"":""EV_023"",""date"":""2024-10-24"",""due_date"":"""",""status"":""completed"",""completion_pct"":100,""score"":"""",""feedback_rating"":""5"",""assigned_by"":""self""}"
history,R000043,"{""record_id"":""R000043"",""employee_id"":""E0092"",""event_id"":""EV_004"",""date"":""2024-10-24"",""due_date"":""2024-11-10"",""status"":""completed"",""completion_pct"":100,""score"":"""",""feedback_rating"":"""",""assigned_by"":""hr""}"
history,R000044,"{""record_id"":""R000044"",""employee_id"":""E0172"",""event_id"":""EV_034"",""date"":""2024-10-24"",""due_date"":"""",""status"":""completed"",""completion_pct"":100,""score"":"""",""feedback_rating"":"""",""assigned_by"":""manager""}"
history,R000045,"{""record_id"":""R000045"",""employee_id"":""E0185"",""event_id"":""EV_001"",""date"":""2024-10-24"",""due_date"":""2024-11-23"",""status"":""completed"",""completion_pct"":100,""score"":""78"",""feedback_rating"":"""",""assigned_by"":""hr""}"
history,R000046,"{""record_id"":""R000046"",""employee_id"":""E0185"",""event_id"":""EV_002"",""date"":""2024-10-24"",""due_date"":""2024-11-23"",""status"":""completed"",""completion_pct"":100,""score"":""94"",""feedback_rating"":"""",""assigned_by"":""hr""}"
history,R000047,"{""record_id"":""R000047"",""employee_id"":""E0185"",""event_id"":""EV_003"",""date"":""2024-10-24"",""due_date"":""2024-11-23"",""status"":""completed"",""completion_pct"":100,""score"":""93"",""feedback_rating"":"""",""assigned_by"":""hr""}"
history,R000048,"{""record_id"":""R000048"",""employee_id"":""E0046"",""event_id"":""EV_033"",""date"":""2024-10-28"",""due_date"":"""",""status"":""completed"",""completion_pct"":100,""score"":""100"",""feedback_rating"":""5"",""assigned_by"":""manager""}"
history,R000049,"{""record_id"":""R000049"",""employee_id"":""E0107"",""event_id"":""EV_008"",""date"":""2024-10-28"",""due_date"":"""",""status"":""completed"",""completion_pct"":100,""score"":"""",""feedback_rating"":""4"",""assigned_by"":""self""}"
history,R000050,"{""record_id"":""R000050"",""employee_id"":""E0162"",""event_id"":""EV_021"",""date"":""2024-10-28"",""due_date"":"""",""status"":""completed"",""completion_pct"":100,""score"":"""",""feedback_rating"":""4"",""assigned_by"":""self""}"
history,R000051,"{""record_id"":""R000051"",""employee_id"":""E0010"",""event_id"":""EV_035"",""date"":""2024-10-29"",""due_date"":"""",""status"":""dropped"",""completion_pct"":50,""score"":"""",""feedback_rating"":"""",""assigned_by"":""manager""}"
history,R000052,"{""record_id"":""R000052"",""employee_id"":""E0017"",""event_id"":""EV_027"",""date"":""2024-10-29"",""due_date"":"""",""status"":""completed"",""completion_pct"":100,""score"":"""",""feedback_rating"":""4"",""assigned_by"":""manager""}"
history,R000053,"{""record_id"":""R000053"",""employee_id"":""E0051"",""event_id"":""EV_008"",""date"":""2024-10-29"",""due_date"":"""",""status"":""completed"",""completion_pct"":100,""score"":"""",""feedback_rating"":""5"",""assigned_by"":""self""}"
history,R000054,"{""record_id"":""R000054"",""employee_id"":""E0180"",""event_id"":""EV_038"",""date"":""2024-10-29"",""due_date"":"""",""status"":""completed"",""completion_pct"":100,""score"":""100"",""feedback_rating"":""4"",""assigned_by"":""manager""}"
history,R000055,"{""record_id"":""R000055"",""employee_id"":""E0065"",""event_id"":""EV_011"",""date"":""2024-10-30"",""due_date"":"""",""status"":""completed"",""completion_pct"":100,""score"":"""",""feedback_rating"":""3"",""assigned_by"":""manager""}"
history,R000056,"{""record_id"":""R000056"",""employee_id"":""E0073"",""event_id"":""EV_020"",""date"":""2024-10-30"",""due_date"":"""",""status"":""dropped"",""completion_pct"":40,""score"":"""",""feedback_rating"":"""",""assigned_by"":""hr""}"
history,R000057,"{""record_id"":""R000057"",""employee_id"":""E0109"",""event_id"":""EV_008"",""date"":""2024-10-30"",""due_date"":"""",""status"":""completed"",""completion_pct"":100,""score"":"""",""feedback_rating"":""3"",""assigned_by"":""hr""}"
history,R000058,"{""record_id"":""R000058"",""employee_id"":""E0111"",""event_id"":""EV_009"",""date"":""2024-10-30"",""due_date"":"""",""status"":""completed"",""completion_pct"":100,""score"":""93"",""feedback_rating"":""5"",""assigned_by"":""self""}"
history,R000059,"{""record_id"":""R000059"",""employee_id"":""E0153"",""event_id"":""EV_033"",""date"":""2024-10-30"",""due_date"":"""",""status"":""completed"",""completion_pct"":100,""score"":""85"",""feedback_rating"":"""",""assigned_by"":""self""}"
history,R000060,"{""record_id"":""R000060"",""employee_id"":""E0176"",""event_id"":""EV_008"",""date"":""2024-10-30"",""due_date"":"""",""status"":""completed"",""completion_pct"":100,""score"":"""",""feedback_rating"":""4"",""assigned_by"":""manager""}"
history,R000061,"{""record_id"":""R000061"",""employee_id"":""E0123"",""event_id"":""EV_036"",""date"":""2024-10-31"",""due_date"":"""",""status"":""completed"",""completion_pct"":100,""score"":"""",""feedback_rating"":""5"",""assigned_by"":""manager""}"
history,R000062,"{""record_id"":""R000062"",""employee_id"":""E0147"",""event_id"":""EV_040"",""date"":""2024-10-31"",""due_date"":"""",""status"":""completed"",""completion_pct"":100,""score"":"""",""feedback_rating"":""5"",""assigned_by"":""manager""}"
history,R000063,"{""record_id"":""R000063"",""employee_id"":""E0148"",""event_id"":""EV_008"",""date"":""2024-10-31"",""due_date"":"""",""status"":""completed"",""completion_pct"":100,""score"":"""",""feedback_rating"":""4"",""assigned_by"":""self""}"
history,R000064,"{""record_id"":""R000064"",""employee_id"":""E0198"",""event_id"":""EV_040"",""date"":""2024-10-31"",""due_date"":"""",""status"":""completed"",""completion_pct"":100,""score"":"""",""feedback_rating"":""4"",""assigned_by"":""self""}"
history,R000065,"{""record_id"":""R000065"",""employee_id"":""E0053"",""event_id"":""EV_019"",""date"":""2024-11-01"",""due_date"":"""",""status"":""no_show"",""completion_pct"":0,""score"":"""",""feedback_rating"":"""",""assigned_by"":""manager""}"
history,R000066,"{""record_id"":""R000066"",""employee_id"":""E0112"",""event_id"":""EV_035"",""date"":""2024-11-01"",""due_date"":"""",""status"":""completed"",""completion_pct"":100,""score"":""66"",""feedback_rating"":""4"",""assigned_by"":""self""}"
history,R000067,"{""record_id"":""R000067"",""employee_id"":""E0002"",""event_id"":""EV_001"",""date"":""2024-11-04"",""due_date"":""2024-12-04"",""status"":""completed"",""completion_pct"":100,""score"":""72"",""feedback_rating"":"""",""assigned_by"":""hr""}"
history,R000068,"{""record_id"":""R000068"",""employee_id"":""E0003"",""event_id"":""EV_001"",""date"":""2024-11-04"",""due_date"":""2024-12-04"",""status"":""completed"",""completion_pct"":100,""score"":""74"",""feedback_rating"":"""",""assigned_by"":""hr""}"
history,R000069,"{""record_id"":""R000069"",""employee_id"":""E0004"",""event_id"":""EV_001"",""date"":""2024-11-04"",""due_date"":""2024-12-04"",""status"":""completed"",""completion_pct"":100,""score"":""82"",""feedback_rating"":"""",""assigned_by"":""hr""}"
history,R000070,"{""record_id"":""R000070"",""employee_id"":""E0004"",""event_id"":""EV_040"",""date"":""2024-11-04"",""due_date"":"""",""status"":""completed"",""completion_pct"":100,""score"":"""",""feedback_rating"":""5"",""assigned_by"":""self""}"
history,R000071,"{""record_id"":""R000071"",""employee_id"":""E0005"",""event_id"":""EV_001"",""date"":""2024-11-04"",""due_date"":""2024-12-04"",""status"":""completed"",""completion_pct"":100,""score"":""90"",""feedback_rating"":"""",""assigned_by"":""hr""}"
history,R000072,"{""record_id"":""R000072"",""employee_id"":""E0006"",""event_id"":""EV_001"",""date"":""2024-11-04"",""due_date"":""2024-12-04"",""status"":""completed"",""completion_pct"":100,""score"":""88"",""feedback_rating"":"""",""assigned_by"":""hr""}"
history,R000073,"{""record_id"":""R000073"",""employee_id"":""E0007"",""event_id"":""EV_001"",""date"":""2024-11-04"",""due_date"":""2024-12-04"",""status"":""completed"",""completion_pct"":100,""score"":""87"",""feedback_rating"":"""",""assigned_by"":""hr""}"
history,R000074,"{""record_id"":""R000074"",""employee_id"":""E0010"",""event_id"":""EV_001"",""date"":""2024-11-04"",""due_date"":""2024-12-04"",""status"":""completed"",""completion_pct"":100,""score"":""96"",""feedback_rating"":"""",""assigned_by"":""hr""}"
history,R000075,"{""record_id"":""R000075"",""employee_id"":""E0011"",""event_id"":""EV_001"",""date"":""2024-11-04"",""due_date"":""2024-12-04"",""status"":""completed"",""completion_pct"":100,""score"":""80"",""feedback_rating"":"""",""assigned_by"":""hr""}"
history,R000076,"{""record_id"":""R000076"",""employee_id"":""E0012"",""event_id"":""EV_001"",""date"":""2024-11-04"",""due_date"":""2024-12-04"",""status"":""completed"",""completion_pct"":100,""score"":""77"",""feedback_rating"":"""",""assigned_by"":""hr""}"
history,R000077,"{""record_id"":""R000077"",""employee_id"":""E0013"",""event_id"":""EV_001"",""date"":""2024-11-04"",""due_date"":""2024-12-04"",""status"":""completed"",""completion_pct"":100,""score"":""87"",""feedback_rating"":"""",""assigned_by"":""hr""}"
history,R000078,"{""record_id"":""R000078"",""employee_id"":""E0014"",""event_id"":""EV_001"",""date"":""2024-11-04"",""due_date"":""2024-12-04"",""status"":""completed"",""completion_pct"":100,""score"":""70"",""feedback_rating"":"""",""assigned_by"":""hr""}"
history,R000079,"{""record_id"":""R000079"",""employee_id"":""E0015"",""event_id"":""EV_001"",""date"":""2024-11-04"",""due_date"":""2024-12-04"",""status"":""completed"",""completion_pct"":100,""score"":""91"",""feedback_rating"":"""",""assigned_by"":""hr""}"
history,R000080,"{""record_id"":""R000080"",""employee_id"":""E0017"",""event_id"":""EV_001"",""date"":""2024-11-04"",""due_date"":""2024-12-04"",""status"":""completed"",""completion_pct"":100,""score"":""70"",""feedback_rating"":"""",""assigned_by"":""hr""}"
history,R000081,"{""record_id"":""R000081"",""employee_id"":""E0018"",""event_id"":""EV_001"",""date"":""2024-11-04"",""due_date"":""2024-12-04"",""status"":""completed"",""completion_pct"":100,""score"":""77"",""feedback_rating"":"""",""assigned_by"":""hr""}"
history,R000082,"{""record_id"":""R000082"",""employee_id"":""E0020"",""event_id"":""EV_001"",""date"":""2024-11-04"",""due_date"":""2024-12-04"",""status"":""completed"",""completion_pct"":100,""score"":""86"",""feedback_rating"":"""",""assigned_by"":""hr""}"
history,R000083,"{""record_id"":""R000083"",""employee_id"":""E0021"",""event_id"":""EV_001"",""date"":""2024-11-04"",""due_date"":""2024-12-04"",""status"":""completed"",""completion_pct"":100,""score"":""70"",""feedback_rating"":"""",""assigned_by"":""hr""}"
history,R000084,"{""record_id"":""R000084"",""employee_id"":""E0025"",""event_id"":""EV_001"",""date"":""2024-11-04"",""due_date"":""2024-12-04"",""status"":""completed"",""completion_pct"":100,""score"":""97"",""feedback_rating"":"""",""assigned_by"":""hr""}"
history,R000085,"{""record_id"":""R000085"",""employee_id"":""E0026"",""event_id"":""EV_001"",""date"":""2024-11-04"",""due_date"":""2024-12-04"",""status"":""completed"",""completion_pct"":100,""score"":""81"",""feedback_rating"":"""",""assigned_by"":""hr""}"
history,R000086,"{""record_id"":""R000086"",""employee_id"":""E0028"",""event_id"":""EV_001"",""date"":""2024-11-04"",""due_date"":""2024-12-04"",""status"":""completed"",""completion_pct"":100,""score"":""90"",""feedback_rating"":"""",""assigned_by"":""hr""}"
history,R000087,"{""record_id"":""R000087"",""employee_id"":""E0032"",""event_id"":""EV_001"",""date"":""2024-11-04"",""due_date"":""2024-12-04"",""status"":""completed"",""completion_pct"":100,""score"":""79"",""feedback_rating"":"""",""assigned_by"":""hr""}"
history,R000088,"{""record_id"":""R000088"",""employee_id"":""E0035"",""event_id"":""EV_001"",""date"":""2024-11-04"",""due_date"":""2024-12-04"",""status"":""completed"",""completion_pct"":100,""score"":""96"",""feedback_rating"":"""",""assigned_by"":""hr""}"
history,R000089,"{""record_id"":""R000089"",""employee_id"":""E0038"",""event_id"":""EV_001"",""date"":""2024-11-04"",""due_date"":""2024-12-04"",""status"":""completed"",""completion_pct"":100,""score"":""95"",""feedback_rating"":"""",""assigned_by"":""hr""}"
history,R000090,"{""record_id"":""R000090"",""employee_id"":""E0039"",""event_id"":""EV_001"",""date"":""2024-11-04"",""due_date"":""2024-12-04"",""status"":""completed"",""completion_pct"":100,""score"":""75"",""feedback_rating"":"""",""assigned_by"":""hr""}"
history,R000091,"{""record_id"":""R000091"",""employee_id"":""E0041"",""event_id"":""EV_001"",""date"":""2024-11-04"",""due_date"":""2024-12-04"",""status"":""completed"",""completion_pct"":100,""score"":""83"",""feedback_rating"":"""",""assigned_by"":""hr""}"
history,R000092,"{""record_id"":""R000092"",""employee_id"":""E0042"",""event_id"":""EV_001"",""date"":""2024-11-04"",""due_date"":""2024-12-04"",""status"":""completed"",""completion_pct"":100,""score"":""78"",""feedback_rating"":"""",""assigned_by"":""hr""}"
history,R000093,"{""record_id"":""R000093"",""employee_id"":""E0043"",""event_id"":""EV_001"",""date"":""2024-11-04"",""due_date"":""2024-12-04"",""status"":""completed"",""completion_pct"":100,""score"":""83"",""feedback_rating"":"""",""assigned_by"":""hr""}"
history,R000094,"{""record_id"":""R000094"",""employee_id"":""E0044"",""event_id"":""EV_001"",""date"":""2024-11-04"",""due_date"":""2024-12-04"",""status"":""completed"",""completion_pct"":100,""score"":""94"",""feedback_rating"":"""",""assigned_by"":""hr""}"
history,R000095,"{""record_id"":""R000095"",""employee_id"":""E0044"",""event_id"":""EV_014"",""date"":""2024-11-04"",""due_date"":"""",""status"":""completed"",""completion_pct"":100,""score"":"""",""feedback_rating"":"""",""assigned_by"":""self""}"
history,R000096,"{""record_id"":""R000096"",""employee_id"":""E0046"",""event_id"":""EV_001"",""date"":""2024-11-04"",""due_date"":""2024-12-04"",""status"":""completed"",""completion_pct"":100,""score"":""75"",""feedback_rating"":"""",""assigned_by"":""hr""}"
history,R000097,"{""record_id"":""R000097"",""employee_id"":""E0047"",""event_id"":""EV_001"",""date"":""2024-11-04"",""due_date"":""2024-12-04"",""status"":""completed"",""completion_pct"":100,""score"":""87"",""feedback_rating"":"""",""assigned_by"":""hr""}"
history,R000098,"{""record_id"":""R000098"",""employee_id"":""E0050"",""event_id"":""EV_001"",""date"":""2024-11-04"",""due_date"":""2024-12-04"",""status"":""completed"",""completion_pct"":100,""score"":""97"",""feedback_rating"":"""",""assigned_by"":""hr""}"
history,R000099,"{""record_id"":""R000099"",""employee_id"":""E0051"",""event_id"":""EV_001"",""date"":""2024-11-04"",""due_date"":""2024-12-04"",""status"":""completed"",""completion_pct"":100,""score"":""93"",""feedback_rating"":"""",""assigned_by"":""hr""}"
history,R000100,"{""record_id"":""R000100"",""employee_id"":""E0053"",""event_id"":""EV_001"",""date"":""2024-11-04"",""due_date"":""2024-12-04"",""status"":""completed"",""completion_pct"":100,""score"":""72"",""feedback_rating"":"""",""assigned_by"":""hr""}"
history,R000101,"{""record_id"":""R000101"",""employee_id"":""E0054"",""event_id"":""EV_001"",""date"":""2024-11-04"",""due_date"":""2024-12-04"",""status"":""completed"",""completion_pct"":100,""score"":""81"",""feedback_rating"":"""",""assigned_by"":""hr""}"
history,R000102,"{""record_id"":""R000102"",""employee_id"":""E0055"",""event_id"":""EV_001"",""date"":""2024-11-04"",""due_date"":""2024-12-04"",""status"":""completed"",""completion_pct"":100,""score"":""90"",""feedback_rating"":"""",""assigned_by"":""hr""}"
history,R000103,"{""record_id"":""R000103"",""employee_id"":""E0056"",""event_id"":""EV_001"",""date"":""2024-11-04"",""due_date"":""2024-12-04"",""status"":""completed"",""completion_pct"":100,""score"":""70"",""feedback_rating"":"""",""assigned_by"":""hr""}"
history,R000104,"{""record_id"":""R000104"",""employee_id"":""E0057"",""event_id"":""EV_001"",""date"":""2024-11-04"",""due_date"":""2024-12-04"",""status"":""completed"",""completion_pct"":100,""score"":""82"",""feedback_rating"":"""",""assigned_by"":""hr""}"
history,R000105,"{""record_id"":""R000105"",""employee_id"":""E0059"",""event_id"":""EV_001"",""date"":""2024-11-04"",""due_date"":""2024-12-04"",""status"":""completed"",""completion_pct"":100,""score"":""86"",""feedback_rating"":"""",""assigned_by"":""hr""}"
history,R000106,"{""record_id"":""R000106"",""employee_id"":""E0060"",""event_id"":""EV_001"",""date"":""2024-11-04"",""due_date"":""2024-12-04"",""status"":""completed"",""completion_pct"":100,""score"":""72"",""feedback_rating"":"""",""assigned_by"":""hr""}"
history,R000107,"{""record_id"":""R000107"",""employee_id"":""E0061"",""event_id"":""EV_001"",""date"":""2024-11-04"",""due_date"":""2024-12-04"",""status"":""completed"",""completion_pct"":100,""score"":""94"",""feedback_rating"":"""",""assigned_by"":""hr""}"
history,R000108,"{""record_id"":""R000108"",""employee_id"":""E0062"",""event_id"":""EV_001"",""date"":""2024-11-04"",""due_date"":""2024-12-04"",""status"":""completed"",""completion_pct"":100,""score"":""88"",""feedback_rating"":"""",""assigned_by"":""hr""}"
history,R000109,"{""record_id"":""R000109"",""employee_id"":""E0063"",""event_id"":""EV_001"",""date"":""2024-11-04"",""due_date"":""2024-12-04"",""status"":""completed"",""completion_pct"":100,""score"":""77"",""feedback_rating"":"""",""assigned_by"":""hr""}"
history,R000110,"{""record_id"":""R000110"",""employee_id"":""E0064"",""event_id"":""EV_001"",""date"":""2024-11-04"",""due_date"":""2024-12-04"",""status"":""completed"",""completion_pct"":100,""score"":""85"",""feedback_rating"":"""",""assigned_by"":""hr""}"
history,R000111,"{""record_id"":""R000111"",""employee_id"":""E0065"",""event_id"":""EV_001"",""date"":""2024-11-04"",""due_date"":""2024-12-04"",""status"":""completed"",""completion_pct"":100,""score"":""87"",""feedback_rating"":"""",""assigned_by"":""hr""}"
history,R000112,"{""record_id"":""R000112"",""employee_id"":""E0066"",""event_id"":""EV_001"",""date"":""2024-11-04"",""due_date"":""2024-12-04"",""status"":""completed"",""completion_pct"":100,""score"":""90"",""feedback_rating"":"""",""assigned_by"":""hr""}"
history,R000113,"{""record_id"":""R000113"",""employee_id"":""E0069"",""event_id"":""EV_001"",""date"":""2024-11-04"",""due_date"":""2024-12-04"",""status"":""completed"",""completion_pct"":100,""score"":""70"",""feedback_rating"":"""",""assigned_by"":""hr""}"
history,R000114,"{""record_id"":""R000114"",""employee_id"":""E0070"",""event_id"":""EV_001"",""date"":""2024-11-04"",""due_date"":""2024-12-04"",""status"":""completed"",""completion_pct"":100,""score"":""87"",""feedback_rating"":"""",""assigned_by"":""hr""}"
history,R000115,"{""record_id"":""R000115"",""employee_id"":""E0071"",""event_id"":""EV_001"",""date"":""2024-11-04"",""due_date"":""2024-12-04"",""status"":""completed"",""completion_pct"":100,""score"":""96"",""feedback_rating"":"""",""assigned_by"":""hr""}"
history,R000116,"{""record_id"":""R000116"",""employee_id"":""E0072"",""event_id"":""EV_001"",""date"":""2024-11-04"",""due_date"":""2024-12-04"",""status"":""completed"",""completion_pct"":100,""score"":""91"",""feedback_rating"":"""",""assigned_by"":""hr""}"
history,R000117,"{""record_id"":""R000117"",""employee_id"":""E0073"",""event_id"":""EV_001"",""date"":""2024-11-04"",""due_date"":""2024-12-04"",""status"":""completed"",""completion_pct"":100,""score"":""100"",""feedback_rating"":"""",""assigned_by"":""hr""}"
history,R000118,"{""record_id"":""R000118"",""employee_id"":""E0074"",""event_id"":""EV_001"",""date"":""2024-11-04"",""due_date"":""2024-12-04"",""status"":""completed"",""completion_pct"":100,""score"":""99"",""feedback_rating"":"""",""assigned_by"":""hr""}"
history,R000119,"{""record_id"":""R000119"",""employee_id"":""E0075"",""event_id"":""EV_001"",""date"":""2024-11-04"",""due_date"":""2024-12-04"",""status"":""completed"",""completion_pct"":100,""score"":""90"",""feedback_rating"":"""",""assigned_by"":""hr""}"
history,R000120,"{""record_id"":""R000120"",""employee_id"":""E0079"",""event_id"":""EV_004"",""date"":""2024-11-04"",""due_date"":""2024-11-13"",""status"":""completed"",""completion_pct"":100,""score"":"""",""feedback_rating"":""4"",""assigned_by"":""hr""}"
history,R000121,"{""record_id"":""R000121"",""employee_id"":""E0080"",""event_id"":""EV_001"",""date"":""2024-11-04"",""due_date"":""2024-12-04"",""status"":""completed"",""completion_pct"":100,""score"":""83"",""feedback_rating"":"""",""assigned_by"":""hr""}"
history,R000122,"{""record_id"":""R000122"",""employee_id"":""E0081"",""event_id"":""EV_001"",""date"":""2024-11-04"",""due_date"":""2024-12-04"",""status"":""completed"",""completion_pct"":100,""score"":""75"",""feedback_rating"":"""",""assigned_by"":""hr""}"
history,R000123,"{""record_id"":""R000123"",""employee_id"":""E0085"",""event_id"":""EV_001"",""date"":""2024-11-04"",""due_date"":""2024-12-04"",""status"":""completed"",""completion_pct"":100,""score"":""80"",""feedback_rating"":"""",""assigned_by"":""hr""}"
history,R000124,"{""record_id"":""R000124"",""employee_id"":""E0088"",""event_id"":""EV_001"",""date"":""2024-11-04"",""due_date"":""2024-12-04"",""status"":""completed"",""completion_pct"":100,""score"":""84"",""feedback_rating"":"""",""assigned_by"":""hr""}"
history,R000125,"{""record_id"":""R000125"",""employee_id"":""E0091"",""event_id"":""EV_001"",""date"":""2024-11-04"",""due_date"":""2024-12-04"",""status"":""completed"",""completion_pct"":100,""score"":""96"",""feedback_rating"":"""",""assigned_by"":""hr""}"
history,R000126,"{""record_id"":""R000126"",""employee_id"":""E0093"",""event_id"":""EV_001"",""date"":""2024-11-04"",""due_date"":""2024-12-04"",""status"":""completed"",""completion_pct"":100,""score"":""74"",""feedback_rating"":"""",""assigned_by"":""hr""}"
history,R000127,"{""record_id"":""R000127"",""employee_id"":""E0094"",""event_id"":""EV_001"",""date"":""2024-11-04"",""due_date"":""2024-12-04"",""status"":""completed"",""completion_pct"":100,""score"":""83"",""feedback_rating"":"""",""assigned_by"":""hr""}"
history,R000128,"{""record_id"":""R000128"",""employee_id"":""E0095"",""event_id"":""EV_001"",""date"":""2024-11-04"",""due_date"":""2024-12-04"",""status"":""completed"",""completion_pct"":100,""score"":""89"",""feedback_rating"":"""",""assigned_by"":""hr""}"
history,R000129,"{""record_id"":""R000129"",""employee_id"":""E0097"",""event_id"":""EV_001"",""date"":""2024-11-04"",""due_date"":""2024-12-04"",""status"":""completed"",""completion_pct"":100,""score"":""75"",""feedback_rating"":"""",""assigned_by"":""hr""}"
history,R000130,"{""record_id"":""R000130"",""employee_id"":""E0098"",""event_id"":""EV_001"",""date"":""2024-11-04"",""due_date"":""2024-12-04"",""status"":""completed"",""completion_pct"":100,""score"":""92"",""feedback_rating"":"""",""assigned_by"":""hr""}"
history,R000131,"{""record_id"":""R000131"",""employee_id"":""E0099"",""event_id"":""EV_001"",""date"":""2024-11-04"",""due_date"":""2024-12-04"",""status"":""completed"",""completion_pct"":100,""score"":""75"",""feedback_rating"":"""",""assigned_by"":""hr""}"
history,R000132,"{""record_id"":""R000132"",""employee_id"":""E0102"",""event_id"":""EV_001"",""date"":""2024-11-04"",""due_date"":""2024-12-04"",""status"":""completed"",""completion_pct"":100,""score"":""90"",""feedback_rating"":"""",""assigned_by"":""hr""}"
history,R000133,"{""record_id"":""R000133"",""employee_id"":""E0103"",""event_id"":""EV_001"",""date"":""2024-11-04"",""due_date"":""2024-12-04"",""status"":""completed"",""completion_pct"":100,""score"":""84"",""feedback_rating"":"""",""assigned_by"":""hr""}"
history,R000134,"{""record_id"":""R000134"",""employee_id"":""E0105"",""event_id"":""EV_001"",""date"":""2024-11-04"",""due_date"":""2024-12-04"",""status"":""completed"",""completion_pct"":100,""score"":""76"",""feedback_rating"":"""",""assigned_by"":""hr""}"
history,R000135,"{""record_id"":""R000135"",""employee_id"":""E0106"",""event_id"":""EV_001"",""date"":""2024-11-04"",""due_date"":""2024-12-04"",""status"":""completed"",""completion_pct"":100,""score"":""96"",""feedback_rating"":"""",""assigned_by"":""hr""}"
history,R000136,"{""record_id"":""R000136"",""employee_id"":""E0107"",""event_id"":""EV_001"",""date"":""2024-11-04"",""due_date"":""2024-12-04"",""status"":""completed"",""completion_pct"":100,""score"":""98"",""feedback_rating"":"""",""assigned_by"":""hr""}"
history,R000137,"{""record_id"":""R000137"",""employee_id"":""E0108"",""event_id"":""EV_001"",""date"":""2024-11-04"",""due_date"":""2024-12-04"",""status"":""completed"",""completion_pct"":100,""score"":""88"",""feedback_rating"":"""",""assigned_by"":""hr""}"
history,R000138,"{""record_id"":""R000138"",""employee_id"":""E0109"",""event_id"":""EV_001"",""date"":""2024-11-04"",""due_date"":""2024-12-04"",""status"":""completed"",""completion_pct"":100,""score"":""85"",""feedback_rating"":"""",""assigned_by"":""hr""}"
history,R000139,"{""record_id"":""R000139"",""employee_id"":""E0111"",""event_id"":""EV_001"",""date"":""2024-11-04"",""due_date"":""2024-12-04"",""status"":""completed"",""completion_pct"":100,""score"":""87"",""feedback_rating"":"""",""assigned_by"":""hr""}"
history,R000140,"{""record_id"":""R000140"",""employee_id"":""E0112"",""event_id"":""EV_001"",""date"":""2024-11-04"",""due_date"":""2024-12-04"",""status"":""completed"",""completion_pct"":100,""score"":""82"",""feedback_rating"":"""",""assigned_by"":""hr""}"
history,R000141,"{""record_id"":""R000141"",""employee_id"":""E0118"",""event_id"":""EV_001"",""date"":""2024-11-04"",""due_date"":""2024-12-04"",""status"":""completed"",""completion_pct"":100,""score"":""73"",""feedback_rating"":"""",""assigned_by"":""hr""}"
history,R000142,"{""record_id"":""R000142"",""employee_id"":""E0118"",""event_id"":""EV_017"",""date"":""2024-11-04"",""due_date"":"""",""status"":""no_show"",""completion_pct"":0,""score"":"""",""feedback_rating"":"""",""assigned_by"":""self""}"
history,R000143,"{""record_id"":""R000143"",""employee_id"":""E0120"",""event_id"":""EV_001"",""date"":""2024-11-04"",""due_date"":""2024-12-04"",""status"":""completed"",""completion_pct"":100,""score"":""85"",""feedback_rating"":"""",""assigned_by"":""hr""}"
history,R000144,"{""record_id"":""R000144"",""employee_id"":""E0122"",""event_id"":""EV_001"",""date"":""2024-11-04"",""due_date"":""2024-12-04"",""status"":""completed"",""completion_pct"":100,""score"":""70"",""feedback_rating"":"""",""assigned_by"":""hr""}"
history,R000145,"{""record_id"":""R000145"",""employee_id"":""E0123"",""event_id"":""EV_001"",""date"":""2024-11-04"",""due_date"":""2024-12-04"",""status"":""completed"",""completion_pct"":100,""score"":""76"",""feedback_rating"":"""",""assigned_by"":""hr""}"
history,R000146,"{""record_id"":""R000146"",""employee_id"":""E0127"",""event_id"":""EV_001"",""date"":""2024-11-04"",""due_date"":""2024-12-04"",""status"":""completed"",""completion_pct"":100,""score"":""82"",""feedback_rating"":"""",""assigned_by"":""hr""}"
history,R000147,"{""record_id"":""R000147"",""employee_id"":""E0128"",""event_id"":""EV_001"",""date"":""2024-11-04"",""due_date"":""2024-12-04"",""status"":""completed"",""completion_pct"":100,""score"":""76"",""feedback_rating"":"""",""assigned_by"":""hr""}"
history,R000148,"{""record_id"":""R000148"",""employee_id"":""E0131"",""event_id"":""EV_001"",""date"":""2024-11-04"",""due_date"":""2024-12-04"",""status"":""completed"",""completion_pct"":100,""score"":""82"",""feedback_rating"":"""",""assigned_by"":""hr""}"
history,R000149,"{""record_id"":""R000149"",""employee_id"":""E0132"",""event_id"":""EV_001"",""date"":""2024-11-04"",""due_date"":""2024-12-04"",""status"":""completed"",""completion_pct"":100,""score"":""92"",""feedback_rating"":"""",""assigned_by"":""hr""}"
history,R000150,"{""record_id"":""R000150"",""employee_id"":""E0133"",""event_id"":""EV_001"",""date"":""2024-11-04"",""due_date"":""2024-12-04"",""status"":""completed"",""completion_pct"":100,""score"":""100"",""feedback_rating"":"""",""assigned_by"":""hr""}"
history,R000151,"{""record_id"":""R000151"",""employee_id"":""E0134"",""event_id"":""EV_001"",""date"":""2024-11-04"",""due_date"":""2024-12-04"",""status"":""completed"",""completion_pct"":100,""score"":""78"",""feedback_rating"":"""",""assigned_by"":""hr""}"
history,R000152,"{""record_id"":""R000152"",""employee_id"":""E0136"",""event_id"":""EV_001"",""date"":""2024-11-04"",""due_date"":""2024-12-04"",""status"":""completed"",""completion_pct"":100,""score"":""89"",""feedback_rating"":"""",""assigned_by"":""hr""}"
history,R000153,"{""record_id"":""R000153"",""employee_id"":""E0138"",""event_id"":""EV_001"",""date"":""2024-11-04"",""due_date"":""2024-12-04"",""status"":""completed"",""completion_pct"":100,""score"":""71"",""feedback_rating"":"""",""assigned_by"":""hr""}"
history,R000154,"{""record_id"":""R000154"",""employee_id"":""E0140"",""event_id"":""EV_001"",""date"":""2024-11-04"",""due_date"":""2024-12-04"",""status"":""completed"",""completion_pct"":100,""score"":""79"",""feedback_rating"":"""",""assigned_by"":""hr""}"
history,R000155,"{""record_id"":""R000155"",""employee_id"":""E0143"",""event_id"":""EV_001"",""date"":""2024-11-04"",""due_date"":""2024-12-04"",""status"":""completed"",""completion_pct"":100,""score"":""96"",""feedback_rating"":"""",""assigned_by"":""hr""}"
history,R000156,"{""record_id"":""R000156"",""employee_id"":""E0144"",""event_id"":""EV_001"",""date"":""2024-11-04"",""due_date"":""2024-12-04"",""status"":""completed"",""completion_pct"":100,""score"":""95"",""feedback_rating"":"""",""assigned_by"":""hr""}"
history,R000157,"{""record_id"":""R000157"",""employee_id"":""E0145"",""event_id"":""EV_001"",""date"":""2024-11-04"",""due_date"":""2024-12-04"",""status"":""completed"",""completion_pct"":100,""score"":""83"",""feedback_rating"":"""",""assigned_by"":""hr""}"
history,R000158,"{""record_id"":""R000158"",""employee_id"":""E0147"",""event_id"":""EV_001"",""date"":""2024-11-04"",""due_date"":""2024-12-04"",""status"":""completed"",""completion_pct"":100,""score"":""89"",""feedback_rating"":"""",""assigned_by"":""hr""}"
history,R000159,"{""record_id"":""R000159"",""employee_id"":""E0148"",""event_id"":""EV_001"",""date"":""2024-11-04"",""due_date"":""2024-12-04"",""status"":""completed"",""completion_pct"":100,""score"":""78"",""feedback_rating"":"""",""assigned_by"":""hr""}"
history,R000160,"{""record_id"":""R000160"",""employee_id"":""E0149"",""event_id"":""EV_001"",""date"":""2024-11-04"",""due_date"":""2024-12-04"",""status"":""completed"",""completion_pct"":100,""score"":""78"",""feedback_rating"":"""",""assigned_by"":""hr""}"
history,R000161,"{""record_id"":""R000161"",""employee_id"":""E0150"",""event_id"":""EV_001"",""date"":""2024-11-04"",""due_date"":""2024-12-04"",""status"":""completed"",""completion_pct"":100,""score"":""94"",""feedback_rating"":"""",""assigned_by"":""hr""}"
history,R000162,"{""record_id"":""R000162"",""employee_id"":""E0153"",""event_id"":""EV_001"",""date"":""2024-11-04"",""due_date"":""2024-12-04"",""status"":""completed"",""completion_pct"":100,""score"":""94"",""feedback_rating"":"""",""assigned_by"":""hr""}"
history,R000163,"{""record_id"":""R000163"",""employee_id"":""E0154"",""event_id"":""EV_001"",""date"":""2024-11-04"",""due_date"":""2024-12-04"",""status"":""completed"",""completion_pct"":100,""score"":""79"",""feedback_rating"":"""",""assigned_by"":""hr""}"
history,R000164,"{""record_id"":""R000164"",""employee_id"":""E0155"",""event_id"":""EV_001"",""date"":""2024-11-04"",""due_date"":""2024-12-04"",""status"":""completed"",""completion_pct"":100,""score"":""85"",""feedback_rating"":"""",""assigned_by"":""hr""}"
history,R000165,"{""record_id"":""R000165"",""employee_id"":""E0158"",""event_id"":""EV_001"",""date"":""2024-11-04"",""due_date"":""2024-12-04"",""status"":""completed"",""completion_pct"":100,""score"":""74"",""feedback_rating"":"""",""assigned_by"":""hr""}"
history,R000166,"{""record_id"":""R000166"",""employee_id"":""E0161"",""event_id"":""EV_001"",""date"":""2024-11-04"",""due_date"":""2024-12-04"",""status"":""completed"",""completion_pct"":100,""score"":""73"",""feedback_rating"":"""",""assigned_by"":""hr""}"
history,R000167,"{""record_id"":""R000167"",""employee_id"":""E0162"",""event_id"":""EV_001"",""date"":""2024-11-04"",""due_date"":""2024-12-04"",""status"":""completed"",""completion_pct"":100,""score"":""90"",""feedback_rating"":"""",""assigned_by"":""hr""}"
history,R000168,"{""record_id"":""R000168"",""employee_id"":""E0163"",""event_id"":""EV_001"",""date"":""2024-11-04"",""due_date"":""2024-12-04"",""status"":""completed"",""completion_pct"":100,""score"":""91"",""feedback_rating"":"""",""assigned_by"":""hr""}"
history,R000169,"{""record_id"":""R000169"",""employee_id"":""E0164"",""event_id"":""EV_001"",""date"":""2024-11-04"",""due_date"":""2024-12-04"",""status"":""completed"",""completion_pct"":100,""score"":""78"",""feedback_rating"":"""",""assigned_by"":""hr""}"
history,R000170,"{""record_id"":""R000170"",""employee_id"":""E0165"",""event_id"":""EV_001"",""date"":""2024-11-04"",""due_date"":""2024-12-04"",""status"":""completed"",""completion_pct"":100,""score"":""79"",""feedback_rating"":"""",""assigned_by"":""hr""}"
history,R000171,"{""record_id"":""R000171"",""employee_id"":""E0168"",""event_id"":""EV_001"",""date"":""2024-11-04"",""due_date"":""2024-12-04"",""status"":""completed"",""completion_pct"":100,""score"":""87"",""feedback_rating"":"""",""assigned_by"":""hr""}"
history,R000172,"{""record_id"":""R000172"",""employee_id"":""E0169"",""event_id"":""EV_001"",""date"":""2024-11-04"",""due_date"":""2024-12-04"",""status"":""completed"",""completion_pct"":100,""score"":""89"",""feedback_rating"":"""",""assigned_by"":""hr""}"
history,R000173,"{""record_id"":""R000173"",""employee_id"":""E0172"",""event_id"":""EV_001"",""date"":""2024-11-04"",""due_date"":""2024-12-04"",""status"":""completed"",""completion_pct"":100,""score"":""94"",""feedback_rating"":"""",""assigned_by"":""hr""}"
history,R000174,"{""record_id"":""R000174"",""employee_id"":""E0173"",""event_id"":""EV_001"",""date"":""2024-11-04"",""due_date"":""2024-12-04"",""status"":""completed"",""completion_pct"":100,""score"":""98"",""feedback_rating"":"""",""assigned_by"":""hr""}"
history,R000175,"{""record_id"":""R000175"",""employee_id"":""E0175"",""event_id"":""EV_001"",""date"":""2024-11-04"",""due_date"":""2024-12-04"",""status"":""completed"",""completion_pct"":100,""score"":""76"",""feedback_rating"":"""",""assigned_by"":""hr""}"
history,R000176,"{""record_id"":""R000176"",""employee_id"":""E0176"",""event_id"":""EV_001"",""date"":""2024-11-04"",""due_date"":""2024-12-04"",""status"":""completed"",""completion_pct"":100,""score"":""71"",""feedback_rating"":"""",""assigned_by"":""hr""}"
history,R000177,"{""record_id"":""R000177"",""employee_id"":""E0177"",""event_id"":""EV_001"",""date"":""2024-11-04"",""due_date"":""2024-12-04"",""status"":""completed"",""completion_pct"":100,""score"":""94"",""feedback_rating"":"""",""assigned_by"":""hr""}"
history,R000178,"{""record_id"":""R000178"",""employee_id"":""E0179"",""event_id"":""EV_001"",""date"":""2024-11-04"",""due_date"":""2024-12-04"",""status"":""completed"",""completion_pct"":100,""score"":""82"",""feedback_rating"":"""",""assigned_by"":""hr""}"
history,R000179,"{""record_id"":""R000179"",""employee_id"":""E0180"",""event_id"":""EV_001"",""date"":""2024-11-04"",""due_date"":""2024-12-04"",""status"":""completed"",""completion_pct"":100,""score"":""88"",""feedback_rating"":"""",""assigned_by"":""hr""}"
history,R000180,"{""record_id"":""R000180"",""employee_id"":""E0182"",""event_id"":""EV_001"",""date"":""2024-11-04"",""due_date"":""2024-12-04"",""status"":""completed"",""completion_pct"":100,""score"":""73"",""feedback_rating"":"""",""assigned_by"":""hr""}"
history,R000181,"{""record_id"":""R000181"",""employee_id"":""E0184"",""event_id"":""EV_001"",""date"":""2024-11-04"",""due_date"":""2024-12-04"",""status"":""completed"",""completion_pct"":100,""score"":""95"",""feedback_rating"":"""",""assigned_by"":""hr""}"
history,R000182,"{""record_id"":""R000182"",""employee_id"":""E0184"",""event_id"":""EV_002"",""date"":""2024-11-04"",""due_date"":""2024-12-04"",""status"":""completed"",""completion_pct"":100,""score"":""86"",""feedback_rating"":"""",""assigned_by"":""hr""}"
history,R000183,"{""record_id"":""R000183"",""employee_id"":""E0184"",""event_id"":""EV_003"",""date"":""2024-11-04"",""due_date"":""2024-12-04"",""status"":""completed"",""completion_pct"":100,""score"":""100"",""feedback_rating"":"""",""assigned_by"":""hr""}"
history,R000184,"{""record_id"":""R000184"",""employee_id"":""E0185"",""event_id"":""EV_004"",""date"":""2024-11-04"",""due_date"":""2024-11-20"",""status"":""completed"",""completion_pct"":100,""score"":"""",""feedback_rating"":""5"",""assigned_by"":""hr""}"
history,R000185,"{""record_id"":""R000185"",""employee_id"":""E0186"",""event_id"":""EV_001"",""date"":""2024-11-04"",""due_date"":""2024-12-04"",""status"":""completed"",""completion_pct"":100,""score"":""93"",""feedback_rating"":"""",""assigned_by"":""hr""}"
history,R000186,"{""record_id"":""R000186"",""employee_id"":""E0187"",""event_id"":""EV_001"",""date"":""2024-11-04"",""due_date"":""2024-12-04"",""status"":""completed"",""completion_pct"":100,""score"":""93"",""feedback_rating"":"""",""assigned_by"":""hr""}"
history,R000187,"{""record_id"":""R000187"",""employee_id"":""E0189"",""event_id"":""EV_001"",""date"":""2024-11-04"",""due_date"":""2024-12-04"",""status"":""completed"",""completion_pct"":100,""score"":""79"",""feedback_rating"":"""",""assigned_by"":""hr""}"
history,R000188,"{""record_id"":""R000188"",""employee_id"":""E0190"",""event_id"":""EV_001"",""date"":""2024-11-04"",""due_date"":""2024-12-04"",""status"":""completed"",""completion_pct"":100,""score"":""77"",""feedback_rating"":"""",""assigned_by"":""hr""}"
history,R000189,"{""record_id"":""R000189"",""employee_id"":""E0191"",""event_id"":""EV_001"",""date"":""2024-11-04"",""due_date"":""2024-12-04"",""status"":""completed"",""completion_pct"":100,""score"":""84"",""feedback_rating"":"""",""assigned_by"":""hr""}"
history,R000190,"{""record_id"":""R000190"",""employee_id"":""E0193"",""event_id"":""EV_001"",""date"":""2024-11-04"",""due_date"":""2024-12-04"",""status"":""completed"",""completion_pct"":100,""score"":""74"",""feedback_rating"":"""",""assigned_by"":""hr""}"
history,R000191,"{""record_id"":""R000191"",""employee_id"":""E0194"",""event_id"":""EV_001"",""date"":""2024-11-04"",""due_date"":""2024-12-04"",""status"":""completed"",""completion_pct"":100,""score"":""88"",""feedback_rating"":"""",""assigned_by"":""hr""}"
history,R000192,"{""record_id"":""R000192"",""employee_id"":""E0197"",""event_id"":""EV_001"",""date"":""2024-11-04"",""due_date"":""2024-12-04"",""status"":""completed"",""completion_pct"":100,""score"":""78"",""feedback_rating"":"""",""assigned_by"":""hr""}"
history,R000193,"{""record_id"":""R000193"",""employee_id"":""E0198"",""event_id"":""EV_001"",""date"":""2024-11-04"",""due_date"":""2024-12-04"",""status"":""completed"",""completion_pct"":100,""score"":""87"",""feedback_rating"":"""",""assigned_by"":""hr""}"
history,R000194,"{""record_id"":""R000194"",""employee_id"":""E0199"",""event_id"":""EV_001"",""date"":""2024-11-04"",""due_date"":""2024-12-04"",""status"":""completed"",""completion_pct"":100,""score"":""97"",""feedback_rating"":"""",""assigned_by"":""hr""}"
history,R000195,"{""record_id"":""R000195"",""employee_id"":""E0095"",""event_id"":""EV_028"",""date"":""2024-11-05"",""due_date"":"""",""status"":""no_show"",""completion_pct"":0,""score"":"""",""feedback_rating"":"""",""assigned_by"":""self""}"
history,R000196,"{""record_id"":""R000196"",""employee_id"":""E0153"",""event_id"":""EV_032"",""date"":""2024-11-05"",""due_date"":"""",""status"":""completed"",""completion_pct"":100,""score"":"""",""feedback_rating"":"""",""assigned_by"":""manager""}"
history,R000197,"{""record_id"":""R000197"",""employee_id"":""E0184"",""event_id"":""EV_004"",""date"":""2024-11-05"",""due_date"":""2024-11-29"",""status"":""completed"",""completion_pct"":100,""score"":"""",""feedback_rating"":"""",""assigned_by"":""hr""}"
history,R000198,"{""record_id"":""R000198"",""employee_id"":""E0018"",""event_id"":""EV_039"",""date"":""2024-11-06"",""due_date"":"""",""status"":""declined"",""completion_pct"":0,""score"":"""",""feedback_rating"":"""",""assigned_by"":""manager""}"
history,R000199,"{""record_id"":""R000199"",""employee_id"":""E0120"",""event_id"":""EV_038"",""date"":""2024-11-06"",""due_date"":"""",""status"":""completed"",""completion_pct"":100,""score"":""65"",""feedback_rating"":""3"",""assigned_by"":""manager""}"
history,R000200,"{""record_id"":""R000200"",""employee_id"":""E0150"",""event_id"":""EV_012"",""date"":""2024-11-06"",""due_date"":"""",""status"":""completed"",""completion_pct"":100,""score"":""82"",""feedback_rating"":""2"",""assigned_by"":""manager""}"
history,R000201,"{""record_id"":""R000201"",""employee_id"":""E0053"",""event_id"":""EV_019"",""date"":""2024-11-07"",""due_date"":"""",""status"":""no_show"",""completion_pct"":0,""score"":"""",""feedback_rating"":"""",""assigned_by"":""manager""}"
history,R000202,"{""record_id"":""R000202"",""employee_id"":""E0055"",""event_id"":""EV_037"",""date"":""2024-11-07"",""due_date"":"""",""status"":""completed"",""completion_pct"":100,""score"":"""",""feedback_rating"":""4"",""assigned_by"":""self""}"
history,R000203,"{""record_id"":""R000203"",""employee_id"":""E0103"",""event_id"":""EV_008"",""date"":""2024-11-07"",""due_date"":"""",""status"":""completed"",""completion_pct"":100,""score"":"""",""feedback_rating"":""4"",""assigned_by"":""self""}"
history,R000204,"{""record_id"":""R000204"",""employee_id"":""E0109"",""event_id"":""EV_005"",""date"":""2024-11-07"",""due_date"":"""",""status"":""dropped"",""completion_pct"":30,""score"":"""",""feedback_rating"":""2"",""assigned_by"":""hr""}"
history,R000205,"{""record_id"":""R000205"",""employee_id"":""E0140"",""event_id"":""EV_037"",""date"":""2024-11-07"",""due_date"":"""",""status"":""dropped"",""completion_pct"":45,""score"":"""",""feedback_rating"":""1"",""assigned_by"":""self""}"
history,R000206,"{""record_id"":""R000206"",""employee_id"":""E0198"",""event_id"":""EV_008"",""date"":""2024-11-07"",""due_date"":"""",""status"":""completed"",""completion_pct"":100,""score"":"""",""feedback_rating"":"""",""assigned_by"":""self""}"
history,R000207,"{""record_id"":""R000207"",""employee_id"":""E0099"",""event_id"":""EV_034"",""date"":""2024-11-08"",""due_date"":"""",""status"":""dropped"",""completion_pct"":90,""score"":"""",""feedback_rating"":"""",""assigned_by"":""self""}"
history,R000208,"{""record_id"":""R000208"",""employee_id"":""E0067"",""event_id"":""EV_004"",""date"":""2024-11-11"",""due_date"":""2024-11-15"",""status"":""completed"",""completion_pct"":100,""score"":"""",""feedback_rating"":""5"",""assigned_by"":""hr""}"
history,R000209,"{""record_id"":""R000209"",""employee_id"":""E0073"",""event_id"":""EV_040"",""date"":""2024-11-12"",""due_date"":"""",""status"":""dropped"",""completion_pct"":25,""score"":"""",""feedback_rating"":"""",""assigned_by"":""manager""}"
history,R000210,"{""record_id"":""R000210"",""employee_id"":""E0123"",""event_id"":""EV_016"",""date"":""2024-11-12"",""due_date"":"""",""status"":""no_show"",""completion_pct"":0,""score"":"""",""feedback_rating"":"""",""assigned_by"":""manager""}"
history,R000211,"{""record_id"":""R000211"",""employee_id"":""E0143"",""event_id"":""EV_035"",""date"":""2024-11-12"",""due_date"":"""",""status"":""dropped"",""completion_pct"":30,""score"":"""",""feedback_rating"":"""",""assigned_by"":""manager""}"
history,R000212,"{""record_id"":""R000212"",""employee_id"":""E0057"",""event_id"":""EV_033"",""date"":""2024-11-13"",""due_date"":"""",""status"":""completed"",""completion_pct"":100,""score"":""76"",""feedback_rating"":"""",""assigned_by"":""manager""}"
history,R000213,"{""record_id"":""R000213"",""employee_id"":""E0063"",""event_id"":""EV_040"",""date"":""2024-11-13"",""due_date"":"""",""status"":""completed"",""completion_pct"":100,""score"":"""",""feedback_rating"":""5"",""assigned_by"":""manager""}"
history,R000214,"{""record_id"":""R000214"",""employee_id"":""E0006"",""event_id"":""EV_014"",""date"":""2024-11-14"",""due_date"":"""",""status"":""declined"",""completion_pct"":0,""score"":"""",""feedback_rating"":"""",""assigned_by"":""manager""}"
history,R000215,"{""record_id"":""R000215"",""employee_id"":""E0008"",""event_id"":""EV_001"",""date"":""2024-11-14"",""due_date"":""2024-12-14"",""status"":""completed"",""completion_pct"":100,""score"":""98"",""feedback_rating"":"""",""assigned_by"":""hr""}"
history,R000216,"{""record_id"":""R000216"",""employee_id"":""E0008"",""event_id"":""EV_002"",""date"":""2024-11-14"",""due_date"":""2024-12-14"",""status"":""completed"",""completion_pct"":100,""score"":""83"",""feedback_rating"":"""",""assigned_by"":""hr""}"
history,R000217,"{""record_id"":""R000217"",""employee_id"":""E0008"",""event_id"":""EV_003"",""date"":""2024-11-14"",""due_date"":""2024-12-14"",""status"":""completed"",""completion_pct"":100,""score"":""96"",""feedback_rating"":"""",""assigned_by"":""hr""}"
history,R000218,"{""record_id"":""R000218"",""employee_id"":""E0037"",""event_id"":""EV_001"",""date"":""2024-11-14"",""due_date"":""2024-12-14"",""status"":""completed"",""completion_pct"":100,""score"":""82"",""feedback_rating"":"""",""assigned_by"":""hr""}"
history,R000219,"{""record_id"":""R000219"",""employee_id"":""E0037"",""event_id"":""EV_002"",""date"":""2024-11-14"",""due_date"":""2024-12-14"",""status"":""completed"",""completion_pct"":100,""score"":""84"",""feedback_rating"":"""",""assigned_by"":""hr""}"
history,R000220,"{""record_id"":""R000220"",""employee_id"":""E0037"",""event_id"":""EV_003"",""date"":""2024-11-14"",""due_date"":""2024-12-14"",""status"":""completed"",""completion_pct"":100,""score"":""74"",""feedback_rating"":"""",""assigned_by"":""hr""}"
history,R000221,"{""record_id"":""R000221"",""employee_id"":""E0078"",""event_id"":""EV_001"",""date"":""2024-11-14"",""due_date"":""2024-12-14"",""status"":""completed"",""completion_pct"":100,""score"":""85"",""feedback_rating"":"""",""assigned_by"":""hr""}"
history,R000222,"{""record_id"":""R000222"",""employee_id"":""E0078"",""event_id"":""EV_002"",""date"":""2024-11-14"",""due_date"":""2024-12-14"",""status"":""completed"",""completion_pct"":100,""score"":""78"",""feedback_rating"":"""",""assigned_by"":""hr""}"
history,R000223,"{""record_id"":""R000223"",""employee_id"":""E0078"",""event_id"":""EV_003"",""date"":""2024-11-14"",""due_date"":""2024-12-14"",""status"":""completed"",""completion_pct"":100,""score"":""74"",""feedback_rating"":"""",""assigned_by"":""hr""}"
history,R000224,"{""record_id"":""R000224"",""employee_id"":""E0149"",""event_id"":""EV_039"",""date"":""2024-11-14"",""due_date"":"""",""status"":""no_show"",""completion_pct"":0,""score"":"""",""feedback_rating"":"""",""assigned_by"":""self""}"
history,R000225,"{""record_id"":""R000225"",""employee_id"":""E0198"",""event_id"":""EV_033"",""date"":""2024-11-14"",""due_date"":"""",""status"":""completed"",""completion_pct"":100,""score"":""72"",""feedback_rating"":""4"",""assigned_by"":""self""}"
history,R000226,"{""record_id"":""R000226"",""employee_id"":""E0032"",""event_id"":""EV_040"",""date"":""2024-11-15"",""due_date"":"""",""status"":""completed"",""completion_pct"":100,""score"":"""",""feedback_rating"":""3"",""assigned_by"":""self""}"
history,R000227,"{""record_id"":""R000227"",""employee_id"":""E0148"",""event_id"":""EV_032"",""date"":""2024-11-15"",""due_date"":"""",""status"":""completed"",""completion_pct"":100,""score"":"""",""feedback_rating"":""4"",""assigned_by"":""manager""}"
history,R000228,"{""record_id"":""R000228"",""employee_id"":""E0158"",""event_id"":""EV_039"",""date"":""2024-11-15"",""due_date"":"""",""status"":""no_show"",""completion_pct"":0,""score"":"""",""feedback_rating"":"""",""assigned_by"":""self""}"
history,R000229,"{""record_id"":""R000229"",""employee_id"":""E0008"",""event_id"":""EV_004"",""date"":""2024-11-18"",""due_date"":""2024-12-11"",""status"":""completed"",""completion_pct"":100,""score"":"""",""feedback_rating"":"""",""assigned_by"":""hr""}"
history,R000230,"{""record_id"":""R000230"",""employee_id"":""E0047"",""event_id"":""EV_009"",""date"":""2024-11-18"",""due_date"":"""",""status"":""completed"",""completion_pct"":100,""score"":""92"",""feedback_rating"":""3"",""assigned_by"":""self""}"
history,R000231,"{""record_id"":""R000231"",""employee_id"":""E0054"",""event_id"":""EV_021"",""date"":""2024-11-18"",""due_date"":"""",""status"":""completed"",""completion_pct"":100,""score"":"""",""feedback_rating"":""4"",""assigned_by"":""self""}"
history,R000232,"{""record_id"":""R000232"",""employee_id"":""E0055"",""event_id"":""EV_016"",""date"":""2024-11-18"",""due_date"":"""",""status"":""completed"",""completion_pct"":100,""score"":"""",""feedback_rating"":""4"",""assigned_by"":""self""}"
history,R000233,"{""record_id"":""R000233"",""employee_id"":""E0114"",""event_id"":""EV_001"",""date"":""2024-11-18"",""due_date"":""2024-12-18"",""status"":""completed"",""completion_pct"":100,""score"":""99"",""feedback_rating"":"""",""assigned_by"":""hr""}"
history,R000234,"{""record_id"":""R000234"",""employee_id"":""E0114"",""event_id"":""EV_002"",""date"":""2024-11-18"",""due_date"":""2024-12-18"",""status"":""completed"",""completion_pct"":100,""score"":""74"",""feedback_rating"":"""",""assigned_by"":""hr""}"
history,R000235,"{""record_id"":""R000235"",""employee_id"":""E0114"",""event_id"":""EV_003"",""date"":""2024-11-18"",""due_date"":""2024-12-18"",""status"":""completed"",""completion_pct"":100,""score"":""92"",""feedback_rating"":"""",""assigned_by"":""hr""}"
history,R000236,"{""record_id"":""R000236"",""employee_id"":""E0160"",""event_id"":""EV_001"",""date"":""2024-11-18"",""due_date"":""2024-12-18"",""status"":""completed"",""completion_pct"":100,""score"":""100"",""feedback_rating"":"""",""assigned_by"":""hr""}"
history,R000237,"{""record_id"":""R000237"",""employee_id"":""E0160"",""event_id"":""EV_002"",""date"":""2024-11-18"",""due_date"":""2024-12-18"",""status"":""completed"",""completion_pct"":100,""score"":""87"",""feedback_rating"":"""",""assigned_by"":""hr""}"
history,R000238,"{""record_id"":""R000238"",""employee_id"":""E0160"",""event_id"":""EV_003"",""date"":""2024-11-18"",""due_date"":""2024-12-18"",""status"":""completed"",""completion_pct"":100,""score"":""84"",""feedback_rating"":"""",""assigned_by"":""hr""}"
history,R000239,"{""record_id"":""R000239"",""employee_id"":""E0182"",""event_id"":""EV_017"",""date"":""2024-11-18"",""due_date"":"""",""status"":""completed"",""completion_pct"":100,""score"":""92"",""feedback_rating"":""3"",""assigned_by"":""self""}"
history,R000240,"{""record_id"":""R000240"",""employee_id"":""E0078"",""event_id"":""EV_004"",""date"":""2024-11-19"",""due_date"":""2024-12-11"",""status"":""completed"",""completion_pct"":100,""score"":"""",""feedback_rating"":""2"",""assigned_by"":""hr""}"
history,R000241,"{""record_id"":""R000241"",""employee_id"":""E0123"",""event_id"":""EV_040"",""date"":""2024-11-19"",""due_date"":"""",""status"":""completed"",""completion_pct"":100,""score"":"""",""feedback_rating"":""4"",""assigned_by"":""manager""}"
history,R000242,"{""record_id"":""R000242"",""employee_id"":""E0169"",""event_id"":""EV_036"",""date"":""2024-11-19"",""due_date"":"""",""status"":""declined"",""completion_pct"":0,""score"":"""",""feedback_rating"":"""",""assigned_by"":""manager""}"
history,R000243,"{""record_id"":""R000243"",""employee_id"":""E0103"",""event_id"":""EV_038"",""date"":""2024-11-20"",""due_date"":"""",""status"":""completed"",""completion_pct"":100,""score"":""64"",""feedback_rating"":""4"",""assigned_by"":""self""}"
history,R000244,"{""record_id"":""R000244"",""employee_id"":""E0198"",""event_id"":""EV_032"",""date"":""2024-11-20"",""due_date"":"""",""status"":""completed"",""completion_pct"":100,""score"":"""",""feedback_rating"":""4"",""assigned_by"":""self""}"
history,R000245,"{""record_id"":""R000245"",""employee_id"":""E0023"",""event_id"":""EV_001"",""date"":""2024-11-21"",""due_date"":""2024-12-21"",""status"":""completed"",""completion_pct"":100,""score"":""100"",""feedback_rating"":"""",""assigned_by"":""hr""}"
history,R000246,"{""record_id"":""R000246"",""employee_id"":""E0023"",""event_id"":""EV_002"",""date"":""2024-11-21"",""due_date"":""2024-12-21"",""status"":""completed"",""completion_pct"":100,""score"":""73"",""feedback_rating"":"""",""assigned_by"":""hr""}"
history,R000247,"{""record_id"":""R000247"",""employee_id"":""E0023"",""event_id"":""EV_003"",""date"":""2024-11-21"",""due_date"":""2024-12-21"",""status"":""completed"",""completion_pct"":100,""score"":""71"",""feedback_rating"":"""",""assigned_by"":""hr""}"
history,R000248,"{""record_id"":""R000248"",""employee_id"":""E0070"",""event_id"":""EV_039"",""date"":""2024-11-21"",""due_date"":"""",""status"":""completed"",""completion_pct"":100,""score"":"""",""feedback_rating"":""4"",""assigned_by"":""self""}"
history,R000249,"{""record_id"":""R000249"",""employee_id"":""E0100"",""event_id"":""EV_001"",""date"":""2024-11-21"",""due_date"":""2024-12-21"",""status"":""completed"",""completion_pct"":100,""score"":""74"",""feedback_rating"":"""",""assigned_by"":""hr""}"
history,R000250,"{""record_id"":""R000250"",""employee_id"":""E0100"",""event_id"":""EV_002"",""date"":""2024-11-21"",""due_date"":""2024-12-21"",""status"":""completed"",""completion_pct"":100,""score"":""99"",""feedback_rating"":"""",""assigned_by"":""hr""}"
history,R000251,"{""record_id"":""R000251"",""employee_id"":""E0100"",""event_id"":""EV_003"",""date"":""2024-11-21"",""due_date"":""2024-12-21"",""status"":""completed"",""completion_pct"":100,""score"":""98"",""feedback_rating"":"""",""assigned_by"":""hr""}"
history,R000252,"{""record_id"":""R000252"",""employee_id"":""E0130"",""event_id"":""EV_001"",""date"":""2024-11-21"",""due_date"":""2024-12-21"",""status"":""completed"",""completion_pct"":100,""score"":""80"",""feedback_rating"":"""",""assigned_by"":""hr""}"
history,R000253,"{""record_id"":""R000253"",""employee_id"":""E0130"",""event_id"":""EV_002"",""date"":""2024-11-21"",""due_date"":""2024-12-21"",""status"":""completed"",""completion_pct"":100,""score"":""83"",""feedback_rating"":"""",""assigned_by"":""hr""}"
history,R000254,"{""record_id"":""R000254"",""employee_id"":""E0130"",""event_id"":""EV_003"",""date"":""2024-11-21"",""due_date"":""2024-12-21"",""status"":""completed"",""completion_pct"":100,""score"":""85"",""feedback_rating"":"""",""assigned_by"":""hr""}"
history,R000255,"{""record_id"":""R000255"",""employee_id"":""E0144"",""event_id"":""EV_040"",""date"":""2024-11-21"",""due_date"":"""",""status"":""completed"",""completion_pct"":100,""score"":"""",""feedback_rating"":"""",""assigned_by"":""self""}"
history,R000256,"{""record_id"":""R000256"",""employee_id"":""E0171"",""event_id"":""EV_001"",""date"":""2024-11-21"",""due_date"":""2024-12-21"",""status"":""completed"",""completion_pct"":100,""score"":""78"",""feedback_rating"":"""",""assigned_by"":""hr""}"
history,R000257,"{""record_id"":""R000257"",""employee_id"":""E0171"",""event_id"":""EV_002"",""date"":""2024-11-21"",""due_date"":""2024-12-21"",""status"":""completed"",""completion_pct"":100,""score"":""90"",""feedback_rating"":"""",""assigned_by"":""hr""}"
history,R000258,"{""record_id"":""R000258"",""employee_id"":""E0171"",""event_id"":""EV_003"",""date"":""2024-11-21"",""due_date"":""2024-12-21"",""status"":""completed"",""completion_pct"":100,""score"":""76"",""feedback_rating"":"""",""assigned_by"":""hr""}"
history,R000259,"{""record_id"":""R000259"",""employee_id"":""E0088"",""event_id"":""EV_037"",""date"":""2024-11-22"",""due_date"":"""",""status"":""completed"",""completion_pct"":100,""score"":"""",""feedback_rating"":"""",""assigned_by"":""self""}"
history,R000260,"{""record_id"":""R000260"",""employee_id"":""E0094"",""event_id"":""EV_038"",""date"":""2024-11-22"",""due_date"":"""",""status"":""completed"",""completion_pct"":100,""score"":""66"",""feedback_rating"":""5"",""assigned_by"":""self""}"
history,R000261,"{""record_id"":""R000261"",""employee_id"":""E0160"",""event_id"":""EV_004"",""date"":""2024-11-22"",""due_date"":""2024-12-13"",""status"":""completed"",""completion_pct"":100,""score"":"""",""feedback_rating"":""3"",""assigned_by"":""hr""}"
history,R000262,"{""record_id"":""R000262"",""employee_id"":""E0048"",""event_id"":""EV_001"",""date"":""2024-11-25"",""due_date"":""2024-12-25"",""status"":""completed"",""completion_pct"":100,""score"":""79"",""feedback_rating"":"""",""assigned_by"":""hr""}"
history,R000263,"{""record_id"":""R000263"",""employee_id"":""E0048"",""event_id"":""EV_002"",""date"":""2024-11-25"",""due_date"":""2024-12-25"",""status"":""completed"",""completion_pct"":100,""score"":""99"",""feedback_rating"":"""",""assigned_by"":""hr""}"
history,R000264,"{""record_id"":""R000264"",""employee_id"":""E0048"",""event_id"":""EV_003"",""date"":""2024-11-25"",""due_date"":""2024-12-25"",""status"":""completed"",""completion_pct"":100,""score"":""94"",""feedback_rating"":"""",""assigned_by"":""hr""}"
history,R000265,"{""record_id"":""R000265"",""employee_id"":""E0057"",""event_id"":""EV_039"",""date"":""2024-11-25"",""due_date"":"""",""status"":""completed"",""completion_pct"":100,""score"":"""",""feedback_rating"":""1"",""assigned_by"":""manager""}"
history,R000266,"{""record_id"":""R000266"",""employee_id"":""E0179"",""event_id"":""EV_040"",""date"":""2024-11-25"",""due_date"":"""",""status"":""completed"",""completion_pct"":100,""score"":"""",""feedback_rating"":""5"",""assigned_by"":""manager""}"
history,R000267,"{""record_id"":""R000267"",""employee_id"":""E0037"",""event_id"":""EV_004"",""date"":""2024-11-26"",""due_date"":""2024-12-11"",""status"":""completed"",""completion_pct"":100,""score"":"""",""feedback_rating"":""5"",""assigned_by"":""hr""}"
history,R000268,"{""record_id"":""R000268"",""employee_id"":""E0150"",""event_id"":""EV_010"",""date"":""2024-11-26"",""due_date"":"""",""status"":""completed"",""completion_pct"":100,""score"":""60"",""feedback_rating"":""5"",""assigned_by"":""self""}"
history,R000269,"{""record_id"":""R000269"",""employee_id"":""E0002"",""event_id"":""EV_005"",""date"":""2024-11-27"",""due_date"":"""",""status"":""dropped"",""completion_pct"":90,""score"":"""",""feedback_rating"":"""",""assigned_by"":""hr""}"
history,R000270,"{""record_id"":""R000270"",""employee_id"":""E0149"",""event_id"":""EV_037"",""date"":""2024-11-27"",""due_date"":"""",""status"":""completed"",""completion_pct"":100,""score"":"""",""feedback_rating"":"""",""assigned_by"":""manager""}"
history,R000271,"{""record_id"":""R000271"",""employee_id"":""E0048"",""event_id"":""EV_004"",""date"":""2024-11-28"",""due_date"":""2024-12-22"",""status"":""completed"",""completion_pct"":100,""score"":"""",""feedback_rating"":""5"",""assigned_by"":""hr""}"
history,R000272,"{""record_id"":""R000272"",""employee_id"":""E0186"",""event_id"":""EV_009"",""date"":""2024-11-28"",""due_date"":"""",""status"":""declined"",""completion_pct"":0,""score"":"""",""feedback_rating"":"""",""assigned_by"":""manager""}"
history,R000273,"{""record_id"":""R000273"",""employee_id"":""E0050"",""event_id"":""EV_010"",""date"":""2024-11-29"",""due_date"":"""",""status"":""completed"",""completion_pct"":100,""score"":""87"",""feedback_rating"":""3"",""assigned_by"":""self""}"
history,R000274,"{""record_id"":""R000274"",""employee_id"":""E0118"",""event_id"":""EV_040"",""date"":""2024-11-29"",""due_date"":"""",""status"":""completed"",""completion_pct"":100,""score"":"""",""feedback_rating"":""5"",""assigned_by"":""self""}"
history,R000275,"{""record_id"":""R000275"",""employee_id"":""E0134"",""event_id"":""EV_023"",""date"":""2024-11-29"",""due_date"":"""",""status"":""no_show"",""completion_pct"":0,""score"":"""",""feedback_rating"":"""",""assigned_by"":""manager""}"
history,R000276,"{""record_id"":""R000276"",""employee_id"":""E0057"",""event_id"":""EV_037"",""date"":""2024-12-02"",""due_date"":"""",""status"":""completed"",""completion_pct"":100,""score"":"""",""feedback_rating"":""5"",""assigned_by"":""self""}"
history,R000277,"{""record_id"":""R000277"",""employee_id"":""E0100"",""event_id"":""EV_004"",""date"":""2024-12-02"",""due_date"":""2024-12-18"",""status"":""completed"",""completion_pct"":100,""score"":"""",""feedback_rating"":""5"",""assigned_by"":""hr""}"
history,R000278,"{""record_id"":""R000278"",""employee_id"":""E0114"",""event_id"":""EV_004"",""date"":""2024-12-02"",""due_date"":""2024-12-14"",""status"":""completed"",""completion_pct"":100,""score"":"""",""feedback_rating"":""5"",""assigned_by"":""hr""}"
history,R000279,"{""record_id"":""R000279"",""employee_id"":""E0154"",""event_id"":""EV_040"",""date"":""2024-12-02"",""due_date"":"""",""status"":""declined"",""completion_pct"":0,""score"":"""",""feedback_rating"":"""",""assigned_by"":""manager""}"
history,R000280,"{""record_id"":""R000280"",""employee_id"":""E0005"",""event_id"":""EV_011"",""date"":""2024-12-03"",""due_date"":"""",""status"":""no_show"",""completion_pct"":0,""score"":"""",""feedback_rating"":"""",""assigned_by"":""self""}"
history,R000281,"{""record_id"":""R000281"",""employee_id"":""E0095"",""event_id"":""EV_034"",""date"":""2024-12-03"",""due_date"":"""",""status"":""completed"",""completion_pct"":100,""score"":"""",""feedback_rating"":"""",""assigned_by"":""self""}"
history,R000282,"{""record_id"":""R000282"",""employee_id"":""E0147"",""event_id"":""EV_015"",""date"":""2024-12-03"",""due_date"":"""",""status"":""completed"",""completion_pct"":100,""score"":""88"",""feedback_rating"":"""",""assigned_by"":""self""}"
history,R000283,"{""record_id"":""R000283"",""employee_id"":""E0088"",""event_id"":""EV_025"",""date"":""2024-12-04"",""due_date"":"""",""status"":""completed"",""completion_pct"":100,""score"":""68"",""feedback_rating"":""3"",""assigned_by"":""self""}"
history,R000284,"{""record_id"":""R000284"",""employee_id"":""E0130"",""event_id"":""EV_004"",""date"":""2024-12-04"",""due_date"":""2024-12-18"",""status"":""completed"",""completion_pct"":100,""score"":"""",""feedback_rating"":""5"",""assigned_by"":""hr""}"
history,R000285,"{""record_id"":""R000285"",""employee_id"":""E0171"",""event_id"":""EV_004"",""date"":""2024-12-04"",""due_date"":""2024-12-18"",""status"":""completed"",""completion_pct"":100,""score"":"""",""feedback_rating"":""4"",""assigned_by"":""hr""}"
history,R000286,"{""record_id"":""R000286"",""employee_id"":""E0190"",""event_id"":""EV_006"",""date"":""2024-12-04"",""due_date"":"""",""status"":""dropped"",""completion_pct"":90,""score"":"""",""feedback_rating"":"""",""assigned_by"":""manager""}"
history,R000287,"{""record_id"":""R000287"",""employee_id"":""E0197"",""event_id"":""EV_040"",""date"":""2024-12-04"",""due_date"":"""",""status"":""no_show"",""completion_pct"":0,""score"":"""",""feedback_rating"":"""",""assigned_by"":""self""}"
history,R000288,"{""record_id"":""R000288"",""employee_id"":""E0007"",""event_id"":""EV_012"",""date"":""2024-12-05"",""due_date"":"""",""status"":""completed"",""completion_pct"":100,""score"":""79"",""feedback_rating"":""5"",""assigned_by"":""self""}"
history,R000289,"{""record_id"":""R000289"",""employee_id"":""E0013"",""event_id"":""EV_012"",""date"":""2024-12-05"",""due_date"":"""",""status"":""declined"",""completion_pct"":0,""score"":"""",""feedback_rating"":"""",""assigned_by"":""manager""}"
history,R000290,"{""record_id"":""R000290"",""employee_id"":""E0054"",""event_id"":""EV_038"",""date"":""2024-12-05"",""due_date"":"""",""status"":""completed"",""completion_pct"":100,""score"":""71"",""feedback_rating"":""4"",""assigned_by"":""self""}"
history,R000291,"{""record_id"":""R000291"",""employee_id"":""E0073"",""event_id"":""EV_008"",""date"":""2024-12-05"",""due_date"":"""",""status"":""completed"",""completion_pct"":100,""score"":"""",""feedback_rating"":""5"",""assigned_by"":""self""}"
history,R000292,"{""record_id"":""R000292"",""employee_id"":""E0050"",""event_id"":""EV_025"",""date"":""2024-12-06"",""due_date"":"""",""status"":""completed"",""completion_pct"":100,""score"":""68"",""feedback_rating"":"""",""assigned_by"":""self""}"
history,R000293,"{""record_id"":""R000293"",""employee_id"":""E0071"",""event_id"":""EV_023"",""date"":""2024-12-09"",""due_date"":"""",""status"":""completed"",""completion_pct"":100,""score"":"""",""feedback_rating"":""5"",""assigned_by"":""self""}"
history,R000294,"{""record_id"":""R000294"",""employee_id"":""E0199"",""event_id"":""EV_037"",""date"":""2024-12-09"",""due_date"":"""",""status"":""completed"",""completion_pct"":100,""score"":"""",""feedback_rating"":""5"",""assigned_by"":""self""}"
history,R000295,"{""record_id"":""R000295"",""employee_id"":""E0039"",""event_id"":""EV_008"",""date"":""2024-12-10"",""due_date"":"""",""status"":""no_show"",""completion_pct"":0,""score"":"""",""feedback_rating"":"""",""assigned_by"":""self""}"
history,R000296,"{""record_id"":""R000296"",""employee_id"":""E0109"",""event_id"":""EV_040"",""date"":""2024-12-10"",""due_date"":"""",""status"":""completed"",""completion_pct"":100,""score"":"""",""feedback_rating"":""5"",""assigned_by"":""manager""}"
history,R000297,"{""record_id"":""R000297"",""employee_id"":""E0136"",""event_id"":""EV_037"",""date"":""2024-12-10"",""due_date"":"""",""status"":""completed"",""completion_pct"":100,""score"":"""",""feedback_rating"":""5"",""assigned_by"":""manager""}"
history,R000298,"{""record_id"":""R000298"",""employee_id"":""E0144"",""event_id"":""EV_034"",""date"":""2024-12-10"",""due_date"":"""",""status"":""completed"",""completion_pct"":100,""score"":"""",""feedback_rating"":"""",""assigned_by"":""self""}"
history,R000299,"{""record_id"":""R000299"",""employee_id"":""E0059"",""event_id"":""EV_040"",""date"":""2024-12-11"",""due_date"":"""",""status"":""no_show"",""completion_pct"":0,""score"":"""",""feedback_rating"":"""",""assigned_by"":""manager""}"
history,R000300,"{""record_id"":""R000300"",""employee_id"":""E0066"",""event_id"":""EV_039"",""date"":""2024-12-11"",""due_date"":"""",""status"":""completed"",""completion_pct"":100,""score"":"""",""feedback_rating"":""4"",""assigned_by"":""hr""}"
history,R000301,"{""record_id"":""R000301"",""employee_id"":""E0120"",""event_id"":""EV_017"",""date"":""2024-12-11"",""due_date"":"""",""status"":""completed"",""completion_pct"":100,""score"":""64"",""feedback_rating"":"""",""assigned_by"":""manager""}"
history,R000302,"{""record_id"":""R000302"",""employee_id"":""E0149"",""event_id"":""EV_036"",""date"":""2024-12-11"",""due_date"":"""",""status"":""completed"",""completion_pct"":100,""score"":"""",""feedback_rating"":""5"",""assigned_by"":""hr""}"
history,R000303,"{""record_id"":""R000303"",""employee_id"":""E0023"",""event_id"":""EV_004"",""date"":""2024-12-12"",""due_date"":""2024-12-18"",""status"":""completed"",""completion_pct"":100,""score"":"""",""feedback_rating"":"""",""assigned_by"":""hr""}"
history,R000304,"{""record_id"":""R000304"",""employee_id"":""E0014"",""event_id"":""EV_031"",""date"":""2024-12-13"",""due_date"":"""",""status"":""completed"",""completion_pct"":100,""score"":"""",""feedback_rating"":"""",""assigned_by"":""self""}"
history,R000305,"{""record_id"":""R000305"",""employee_id"":""E0120"",""event_id"":""EV_015"",""date"":""2024-12-13"",""due_date"":"""",""status"":""completed"",""completion_pct"":100,""score"":""96"",""feedback_rating"":""5"",""assigned_by"":""self""}"
history,R000306,"{""record_id"":""R000306"",""employee_id"":""E0148"",""event_id"":""EV_038"",""date"":""2024-12-13"",""due_date"":"""",""status"":""no_show"",""completion_pct"":0,""score"":"""",""feedback_rating"":"""",""assigned_by"":""manager""}"
history,R000307,"{""record_id"":""R000307"",""employee_id"":""E0030"",""event_id"":""EV_001"",""date"":""2024-12-16"",""due_date"":""2025-01-15"",""status"":""completed"",""completion_pct"":100,""score"":""88"",""feedback_rating"":"""",""assigned_by"":""hr""}"
history,R000308,"{""record_id"":""R000308"",""employee_id"":""E0030"",""event_id"":""EV_002"",""date"":""2024-12-16"",""due_date"":""2025-01-15"",""status"":""completed"",""completion_pct"":100,""score"":""89"",""feedback_rating"":"""",""assigned_by"":""hr""}"
history,R000309,"{""record_id"":""R000309"",""employee_id"":""E0030"",""event_id"":""EV_003"",""date"":""2024-12-16"",""due_date"":""2025-01-15"",""status"":""completed"",""completion_pct"":100,""score"":""77"",""feedback_rating"":"""",""assigned_by"":""hr""}"
history,R000310,"{""record_id"":""R000310"",""employee_id"":""E0192"",""event_id"":""EV_001"",""date"":""2024-12-16"",""due_date"":""2025-01-15"",""status"":""completed"",""completion_pct"":100,""score"":""76"",""feedback_rating"":"""",""assigned_by"":""hr""}"
history,R000311,"{""record_id"":""R000311"",""employee_id"":""E0192"",""event_id"":""EV_002"",""date"":""2024-12-16"",""due_date"":""2025-01-15"",""status"":""completed"",""completion_pct"":100,""score"":""97"",""feedback_rating"":"""",""assigned_by"":""hr""}"
history,R000312,"{""record_id"":""R000312"",""employee_id"":""E0192"",""event_id"":""EV_003"",""date"":""2024-12-16"",""due_date"":""2025-01-15"",""status"":""completed"",""completion_pct"":100,""score"":""96"",""feedback_rating"":"""",""assigned_by"":""hr""}"
history,R000313,"{""record_id"":""R000313"",""employee_id"":""E0011"",""event_id"":""EV_022"",""date"":""2024-12-17"",""due_date"":"""",""status"":""completed"",""completion_pct"":100,""score"":""61"",""feedback_rating"":""2"",""assigned_by"":""hr""}"
history,R000314,"{""record_id"":""R000314"",""employee_id"":""E0118"",""event_id"":""EV_016"",""date"":""2024-12-17"",""due_date"":"""",""status"":""completed"",""completion_pct"":100,""score"":"""",""feedback_rating"":"""",""assigned_by"":""self""}"
history,R000315,"{""record_id"":""R000315"",""employee_id"":""E0147"",""event_id"":""EV_014"",""date"":""2024-12-17"",""due_date"":"""",""status"":""completed"",""completion_pct"":100,""score"":"""",""feedback_rating"":""4"",""assigned_by"":""self""}"
history,R000316,"{""record_id"":""R000316"",""employee_id"":""E0079"",""event_id"":""EV_033"",""date"":""2024-12-18"",""due_date"":"""",""status"":""completed"",""completion_pct"":100,""score"":""66"",""feedback_rating"":"""",""assigned_by"":""hr""}"
history,R000317,"{""record_id"":""R000317"",""employee_id"":""E0080"",""event_id"":""EV_024"",""date"":""2024-12-18"",""due_date"":"""",""status"":""dropped"",""completion_pct"":30,""score"":"""",""feedback_rating"":"""",""assigned_by"":""hr""}"
history,R000318,"{""record_id"":""R000318"",""employee_id"":""E0168"",""event_id"":""EV_034"",""date"":""2024-12-18"",""due_date"":"""",""status"":""completed"",""completion_pct"":100,""score"":"""",""feedback_rating"":""3"",""assigned_by"":""self""}"
history,R000319,"{""record_id"":""R000319"",""employee_id"":""E0014"",""event_id"":""EV_028"",""date"":""2024-12-19"",""due_date"":"""",""status"":""completed"",""completion_pct"":100,""score"":"""",""feedback_rating"":""4"",""assigned_by"":""self""}"
history,R000320,"{""record_id"":""R000320"",""employee_id"":""E0093"",""event_id"":""EV_037"",""date"":""2024-12-19"",""due_date"":"""",""status"":""completed"",""completion_pct"":100,""score"":"""",""feedback_rating"":""4"",""assigned_by"":""manager""}"
history,R000321,"{""record_id"":""R000321"",""employee_id"":""E0163"",""event_id"":""EV_036"",""date"":""2024-12-20"",""due_date"":"""",""status"":""declined"",""completion_pct"":0,""score"":"""",""feedback_rating"":"""",""assigned_by"":""manager""}"
history,R000322,"{""record_id"":""R000322"",""employee_id"":""E0169"",""event_id"":""EV_034"",""date"":""2024-12-20"",""due_date"":"""",""status"":""completed"",""completion_pct"":100,""score"":"""",""feedback_rating"":""4"",""assigned_by"":""manager""}"
history,R000323,"{""record_id"":""R000323"",""employee_id"":""E0020"",""event_id"":""EV_016"",""date"":""2024-12-23"",""due_date"":"""",""status"":""completed"",""completion_pct"":100,""score"":"""",""feedback_rating"":""4"",""assigned_by"":""self""}"
history,R000324,"{""record_id"":""R000324"",""employee_id"":""E0145"",""event_id"":""EV_040"",""date"":""2024-12-23"",""due_date"":"""",""status"":""declined"",""completion_pct"":0,""score"":"""",""feedback_rating"":"""",""assigned_by"":""manager""}"
history,R000325,"{""record_id"":""R000325"",""employee_id"":""E0169"",""event_id"":""EV_036"",""date"":""2024-12-23"",""due_date"":"""",""status"":""completed"",""completion_pct"":100,""score"":"""",""feedback_rating"":""5"",""assigned_by"":""self""}"
history,R000326,"{""record_id"":""R000326"",""employee_id"":""E0177"",""event_id"":""EV_035"",""date"":""2024-12-23"",""due_date"":"""",""status"":""completed"",""completion_pct"":100,""score"":""66"",""feedback_rating"":""4"",""assigned_by"":""self""}"
history,R000327,"{""record_id"":""R000327"",""employee_id"":""E0006"",""event_id"":""EV_015"",""date"":""2024-12-24"",""due_date"":"""",""status"":""completed"",""completion_pct"":100,""score"":""87"",""feedback_rating"":"""",""assigned_by"":""self""}"
history,R000328,"{""record_id"":""R000328"",""employee_id"":""E0015"",""event_id"":""EV_016"",""date"":""2024-12-24"",""due_date"":"""",""status"":""completed"",""completion_pct"":100,""score"":"""",""feedback_rating"":"""",""assigned_by"":""manager""}"
history,R000329,"{""record_id"":""R000329"",""employee_id"":""E0005"",""event_id"":""EV_006"",""date"":""2024-12-25"",""due_date"":"""",""status"":""completed"",""completion_pct"":100,""score"":"""",""feedback_rating"":""5"",""assigned_by"":""self""}"
history,R000330,"{""record_id"":""R000330"",""employee_id"":""E0107"",""event_id"":""EV_039"",""date"":""2024-12-25"",""due_date"":"""",""status"":""completed"",""completion_pct"":100,""score"":"""",""feedback_rating"":""4"",""assigned_by"":""self""}"
history,R000331,"{""record_id"":""R000331"",""employee_id"":""E0020"",""event_id"":""EV_027"",""date"":""2024-12-26"",""due_date"":"""",""status"":""completed"",""completion_pct"":100,""score"":"""",""feedback_rating"":""5"",""assigned_by"":""self""}"
history,R000332,"{""record_id"":""R000332"",""employee_id"":""E0098"",""event_id"":""EV_008"",""date"":""2024-12-26"",""due_date"":"""",""status"":""completed"",""completion_pct"":100,""score"":"""",""feedback_rating"":""4"",""assigned_by"":""manager""}"
history,R000333,"{""record_id"":""R000333"",""employee_id"":""E0155"",""event_id"":""EV_007"",""date"":""2024-12-26"",""due_date"":"""",""status"":""no_show"",""completion_pct"":0,""score"":"""",""feedback_rating"":"""",""assigned_by"":""manager""}"
history,R000334,"{""record_id"":""R000334"",""employee_id"":""E0060"",""event_id"":""EV_040"",""date"":""2024-12-27"",""due_date"":"""",""status"":""completed"",""completion_pct"":100,""score"":"""",""feedback_rating"":""4"",""assigned_by"":""manager""}"
history,R000335,"{""record_id"":""R000335"",""employee_id"":""E0102"",""event_id"":""EV_040"",""date"":""2024-12-27"",""due_date"":"""",""status"":""no_show"",""completion_pct"":0,""score"":"""",""feedback_rating"":"""",""assigned_by"":""self""}"
history,R000336,"{""record_id"":""R000336"",""employee_id"":""E0131"",""event_id"":""EV_028"",""date"":""2024-12-27"",""due_date"":"""",""status"":""completed"",""completion_pct"":100,""score"":"""",""feedback_rating"":""2"",""assigned_by"":""self""}"
history,R000337,"{""record_id"":""R000337"",""employee_id"":""E0047"",""event_id"":""EV_012"",""date"":""2024-12-30"",""due_date"":"""",""status"":""completed"",""completion_pct"":100,""score"":""65"",""feedback_rating"":""4"",""assigned_by"":""manager""}"
history,R000338,"{""record_id"":""R000338"",""employee_id"":""E0023"",""event_id"":""EV_040"",""date"":""2024-12-31"",""due_date"":"""",""status"":""completed"",""completion_pct"":100,""score"":"""",""feedback_rating"":""5"",""assigned_by"":""self""}"
history,R000339,"{""record_id"":""R000339"",""employee_id"":""E0055"",""event_id"":""EV_027"",""date"":""2025-01-02"",""due_date"":"""",""status"":""completed"",""completion_pct"":100,""score"":"""",""feedback_rating"":""4"",""assigned_by"":""self""}"
history,R000340,"{""record_id"":""R000340"",""employee_id"":""E0111"",""event_id"":""EV_019"",""date"":""2025-01-02"",""due_date"":"""",""status"":""completed"",""completion_pct"":100,""score"":"""",""feedback_rating"":""3"",""assigned_by"":""manager""}"
history,R000341,"{""record_id"":""R000341"",""employee_id"":""E0030"",""event_id"":""EV_004"",""date"":""2025-01-06"",""due_date"":""2025-01-11"",""status"":""completed"",""completion_pct"":100,""score"":"""",""feedback_rating"":""4"",""assigned_by"":""hr""}"
history,R000342,"{""record_id"":""R000342"",""employee_id"":""E0053"",""event_id"":""EV_019"",""date"":""2025-01-06"",""due_date"":"""",""status"":""no_show"",""completion_pct"":0,""score"":"""",""feedback_rating"":"""",""assigned_by"":""self""}"
history,R000343,"{""record_id"":""R000343"",""employee_id"":""E0062"",""event_id"":""EV_034"",""date"":""2025-01-06"",""due_date"":"""",""status"":""completed"",""completion_pct"":100,""score"":"""",""feedback_rating"":""5"",""assigned_by"":""self""}"
history,R000344,"{""record_id"":""R000344"",""employee_id"":""E0192"",""event_id"":""EV_004"",""date"":""2025-01-06"",""due_date"":""2025-01-10"",""status"":""completed"",""completion_pct"":100,""score"":"""",""feedback_rating"":"""",""assigned_by"":""hr""}"
history,R000345,"{""record_id"":""R000345"",""employee_id"":""E0035"",""event_id"":""EV_040"",""date"":""2025-01-07"",""due_date"":"""",""status"":""completed"",""completion_pct"":100,""score"":"""",""feedback_rating"":"""",""assigned_by"":""self""}"
history,R000346,"{""record_id"":""R000346"",""employee_id"":""E0048"",""event_id"":""EV_009"",""date"":""2025-01-07"",""due_date"":"""",""status"":""dropped"",""completion_pct"":30,""score"":"""",""feedback_rating"":""2"",""assigned_by"":""manager""}"
history,R000347,"{""record_id"":""R000347"",""employee_id"":""E0070"",""event_id"":""EV_037"",""date"":""2025-01-07"",""due_date"":"""",""status"":""declined"",""completion_pct"":0,""score"":"""",""feedback_rating"":"""",""assigned_by"":""manager""}"
history,R000348,"{""record_id"":""R000348"",""employee_id"":""E0193"",""event_id"":""EV_036"",""date"":""2025-01-07"",""due_date"":"""",""status"":""completed"",""completion_pct"":100,""score"":"""",""feedback_rating"":""4"",""assigned_by"":""self""}"
history,R000349,"{""record_id"":""R000349"",""employee_id"":""E0043"",""event_id"":""EV_038"",""date"":""2025-01-09"",""due_date"":"""",""status"":""completed"",""completion_pct"":100,""score"":""92"",""feedback_rating"":""4"",""assigned_by"":""self""}"
history,R000350,"{""record_id"":""R000350"",""employee_id"":""E0112"",""event_id"":""EV_038"",""date"":""2025-01-09"",""due_date"":"""",""status"":""completed"",""completion_pct"":100,""score"":""96"",""feedback_rating"":""5"",""assigned_by"":""manager""}"
history,R000351,"{""record_id"":""R000351"",""employee_id"":""E0171"",""event_id"":""EV_008"",""date"":""2025-01-09"",""due_date"":"""",""status"":""dropped"",""completion_pct"":25,""score"":"""",""feedback_rating"":"""",""assigned_by"":""self""}"
history,R000352,"{""record_id"":""R000352"",""employee_id"":""E0008"",""event_id"":""EV_016"",""date"":""2025-01-10"",""due_date"":"""",""status"":""completed"",""completion_pct"":100,""score"":"""",""feedback_rating"":""4"",""assigned_by"":""self""}"
history,R000353,"{""record_id"":""R000353"",""employee_id"":""E0069"",""event_id"":""EV_040"",""date"":""2025-01-10"",""due_date"":"""",""status"":""completed"",""completion_pct"":100,""score"":"""",""feedback_rating"":""2"",""assigned_by"":""self""}"
history,R000354,"{""record_id"":""R000354"",""employee_id"":""E0103"",""event_id"":""EV_035"",""date"":""2025-01-10"",""due_date"":"""",""status"":""no_show"",""completion_pct"":0,""score"":"""",""feedback_rating"":"""",""assigned_by"":""manager""}"
history,R000355,"{""record_id"":""R000355"",""employee_id"":""E0091"",""event_id"":""EV_018"",""date"":""2025-01-13"",""due_date"":"""",""status"":""dropped"",""completion_pct"":70,""score"":"""",""feedback_rating"":"""",""assigned_by"":""self""}"
history,R000356,"{""record_id"":""R000356"",""employee_id"":""E0169"",""event_id"":""EV_036"",""date"":""2025-01-13"",""due_date"":"""",""status"":""completed"",""completion_pct"":100,""score"":"""",""feedback_rating"":""5"",""assigned_by"":""self""}"
history,R000357,"{""record_id"":""R000357"",""employee_id"":""E0006"",""event_id"":""EV_009"",""date"":""2025-01-14"",""due_date"":"""",""status"":""completed"",""completion_pct"":100,""score"":""70"",""feedback_rating"":""5"",""assigned_by"":""self""}"
history,R000358,"{""record_id"":""R000358"",""employee_id"":""E0154"",""event_id"":""EV_016"",""date"":""2025-01-14"",""due_date"":"""",""status"":""completed"",""completion_pct"":100,""score"":"""",""feedback_rating"":""5"",""assigned_by"":""self""}"
history,R000359,"{""record_id"":""R000359"",""employee_id"":""E0046"",""event_id"":""EV_036"",""date"":""2025-01-16"",""due_date"":"""",""status"":""completed"",""completion_pct"":100,""score"":"""",""feedback_rating"":""5"",""assigned_by"":""self""}"
history,R000360,"{""record_id"":""R000360"",""employee_id"":""E0052"",""event_id"":""EV_001"",""date"":""2025-01-16"",""due_date"":""2025-02-15"",""status"":""completed"",""completion_pct"":100,""score"":""84"",""feedback_rating"":"""",""assigned_by"":""hr""}"
history,R000361,"{""record_id"":""R000361"",""employee_id"":""E0052"",""event_id"":""EV_002"",""date"":""2025-01-16"",""due_date"":""2025-02-15"",""status"":""completed"",""completion_pct"":100,""score"":""90"",""feedback_rating"":"""",""assigned_by"":""hr""}"
history,R000362,"{""record_id"":""R000362"",""employee_id"":""E0052"",""event_id"":""EV_003"",""date"":""2025-01-16"",""due_date"":""2025-02-15"",""status"":""completed"",""completion_pct"":100,""score"":""100"",""feedback_rating"":"""",""assigned_by"":""hr""}"
history,R000363,"{""record_id"":""R000363"",""employee_id"":""E0097"",""event_id"":""EV_037"",""date"":""2025-01-16"",""due_date"":"""",""status"":""completed"",""completion_pct"":100,""score"":"""",""feedback_rating"":""3"",""assigned_by"":""self""}"
history,R000364,"{""record_id"":""R000364"",""employee_id"":""E0163"",""event_id"":""EV_036"",""date"":""2025-01-16"",""due_date"":"""",""status"":""completed"",""completion_pct"":100,""score"":"""",""feedback_rating"":"""",""assigned_by"":""manager""}"
history,R000365,"{""record_id"":""R000365"",""employee_id"":""E0071"",""event_id"":""EV_022"",""date"":""2025-01-17"",""due_date"":"""",""status"":""completed"",""completion_pct"":100,""score"":""74"",""feedback_rating"":""5"",""assigned_by"":""self""}"
history,R000366,"{""record_id"":""R000366"",""employee_id"":""E0160"",""event_id"":""EV_039"",""date"":""2025-01-17"",""due_date"":"""",""status"":""completed"",""completion_pct"":100,""score"":"""",""feedback_rating"":""4"",""assigned_by"":""self""}"
history,R000367,"{""record_id"":""R000367"",""employee_id"":""E0052"",""event_id"":""EV_004"",""date"":""2025-01-20"",""due_date"":""2025-02-12"",""status"":""completed"",""completion_pct"":100,""score"":"""",""feedback_rating"":""3"",""assigned_by"":""hr""}"
history,R000368,"{""record_id"":""R000368"",""employee_id"":""E0088"",""event_id"":""EV_040"",""date"":""2025-01-20"",""due_date"":"""",""status"":""completed"",""completion_pct"":100,""score"":"""",""feedback_rating"":""3"",""assigned_by"":""hr""}"
history,R000369,"{""record_id"":""R000369"",""employee_id"":""E0140"",""event_id"":""EV_010"",""date"":""2025-01-20"",""due_date"":"""",""status"":""dropped"",""completion_pct"":35,""score"":"""",""feedback_rating"":""2"",""assigned_by"":""manager""}"
history,R000370,"{""record_id"":""R000370"",""employee_id"":""E0164"",""event_id"":""EV_036"",""date"":""2025-01-20"",""due_date"":"""",""status"":""completed"",""completion_pct"":100,""score"":"""",""feedback_rating"":""5"",""assigned_by"":""manager""}"
history,R000371,"{""record_id"":""R000371"",""employee_id"":""E0179"",""event_id"":""EV_019"",""date"":""2025-01-20"",""due_date"":"""",""status"":""declined"",""completion_pct"":0,""score"":"""",""feedback_rating"":"""",""assigned_by"":""manager""}"
history,R000372,"{""record_id"":""R000372"",""employee_id"":""E0043"",""event_id"":""EV_009"",""date"":""2025-01-21"",""due_date"":"""",""status"":""completed"",""completion_pct"":100,""score"":""65"",""feedback_rating"":""5"",""assigned_by"":""self""}"
history,R000373,"{""record_id"":""R000373"",""employee_id"":""E0105"",""event_id"":""EV_030"",""date"":""2025-01-21"",""due_date"":"""",""status"":""dropped"",""completion_pct"":35,""score"":"""",""feedback_rating"":"""",""assigned_by"":""manager""}"
history,R000374,"{""record_id"":""R000374"",""employee_id"":""E0150"",""event_id"":""EV_040"",""date"":""2025-01-21"",""due_date"":"""",""status"":""completed"",""completion_pct"":100,""score"":"""",""feedback_rating"":""3"",""assigned_by"":""self""}"
history,R000375,"{""record_id"":""R000375"",""employee_id"":""E0023"",""event_id"":""EV_005"",""date"":""2025-01-22"",""due_date"":"""",""status"":""completed"",""completion_pct"":100,""score"":""85"",""feedback_rating"":""3"",""assigned_by"":""self""}"
history,R000376,"{""record_id"":""R000376"",""employee_id"":""E0050"",""event_id"":""EV_008"",""date"":""2025-01-22"",""due_date"":"""",""status"":""no_show"",""completion_pct"":0,""score"":"""",""feedback_rating"":"""",""assigned_by"":""self""}"
history,R000377,"{""record_id"":""R000377"",""employee_id"":""E0053"",""event_id"":""EV_008"",""date"":""2025-01-22"",""due_date"":"""",""status"":""completed"",""completion_pct"":100,""score"":"""",""feedback_rating"":""4"",""assigned_by"":""self""}"
history,R000378,"{""record_id"":""R000378"",""employee_id"":""E0075"",""event_id"":""EV_038"",""date"":""2025-01-23"",""due_date"":"""",""status"":""completed"",""completion_pct"":100,""score"":""95"",""feedback_rating"":"""",""assigned_by"":""self""}"
history,R000379,"{""record_id"":""R000379"",""employee_id"":""E0194"",""event_id"":""EV_037"",""date"":""2025-01-23"",""due_date"":"""",""status"":""completed"",""completion_pct"":100,""score"":"""",""feedback_rating"":""4"",""assigned_by"":""self""}"
history,R000380,"{""record_id"":""R000380"",""employee_id"":""E0094"",""event_id"":""EV_034"",""date"":""2025-01-27"",""due_date"":"""",""status"":""dropped"",""completion_pct"":70,""score"":"""",""feedback_rating"":"""",""assigned_by"":""self""}"
history,R000381,"{""record_id"":""R000381"",""employee_id"":""E0112"",""event_id"":""EV_037"",""date"":""2025-01-27"",""due_date"":"""",""status"":""dropped"",""completion_pct"":25,""score"":"""",""feedback_rating"":"""",""assigned_by"":""manager""}"
history,R000382,"{""record_id"":""R000382"",""employee_id"":""E0199"",""event_id"":""EV_036"",""date"":""2025-01-27"",""due_date"":"""",""status"":""completed"",""completion_pct"":100,""score"":"""",""feedback_rating"":"""",""assigned_by"":""self""}"
history,R000383,"{""record_id"":""R000383"",""employee_id"":""E0056"",""event_id"":""EV_039"",""date"":""2025-01-28"",""due_date"":"""",""status"":""completed"",""completion_pct"":100,""score"":"""",""feedback_rating"":""4"",""assigned_by"":""self""}"
history,R000384,"{""record_id"":""R000384"",""employee_id"":""E0069"",""event_id"":""EV_039"",""date"":""2025-01-28"",""due_date"":"""",""status"":""no_show"",""completion_pct"":0,""score"":"""",""feedback_rating"":"""",""assigned_by"":""manager""}"
history,R000385,"{""record_id"":""R000385"",""employee_id"":""E0176"",""event_id"":""EV_022"",""date"":""2025-01-28"",""due_date"":"""",""status"":""completed"",""completion_pct"":100,""score"":""65"",""feedback_rating"":""5"",""assigned_by"":""self""}"
history,R000386,"{""record_id"":""R000386"",""employee_id"":""E0187"",""event_id"":""EV_012"",""date"":""2025-01-28"",""due_date"":"""",""status"":""dropped"",""completion_pct"":90,""score"":"""",""feedback_rating"":"""",""assigned_by"":""manager""}"
history,R000387,"{""record_id"":""R000387"",""employee_id"":""E0198"",""event_id"":""EV_034"",""date"":""2025-01-28"",""due_date"":"""",""status"":""no_show"",""completion_pct"":0,""score"":"""",""feedback_rating"":"""",""assigned_by"":""self""}"
history,R000388,"{""record_id"":""R000388"",""employee_id"":""E0011"",""event_id"":""EV_037"",""date"":""2025-01-29"",""due_date"":"""",""status"":""completed"",""completion_pct"":100,""score"":"""",""feedback_rating"":""2"",""assigned_by"":""self""}"
history,R000389,"{""record_id"":""R000389"",""employee_id"":""E0085"",""event_id"":""EV_021"",""date"":""2025-01-30"",""due_date"":"""",""status"":""completed"",""completion_pct"":100,""score"":"""",""feedback_rating"":""4"",""assigned_by"":""self""}"
history,R000390,"{""record_id"":""R000390"",""employee_id"":""E0093"",""event_id"":""EV_035"",""date"":""2025-01-30"",""due_date"":"""",""status"":""dropped"",""completion_pct"":20,""score"":"""",""feedback_rating"":"""",""assigned_by"":""manager""}"
history,R000391,"{""record_id"":""R000391"",""employee_id"":""E0118"",""event_id"":""EV_008"",""date"":""2025-01-30"",""due_date"":"""",""status"":""completed"",""completion_pct"":100,""score"":"""",""feedback_rating"":""5"",""assigned_by"":""self""}"
history,R000392,"{""record_id"":""R000392"",""employee_id"":""E0181"",""event_id"":""EV_001"",""date"":""2025-01-30"",""due_date"":""2025-03-01"",""status"":""completed"",""completion_pct"":100,""score"":""82"",""feedback_rating"":"""",""assigned_by"":""hr""}"
history,R000393,"{""record_id"":""R000393"",""employee_id"":""E0181"",""event_id"":""EV_002"",""date"":""2025-01-30"",""due_date"":""2025-03-01"",""status"":""completed"",""completion_pct"":100,""score"":""97"",""feedback_rating"":"""",""assigned_by"":""hr""}"
history,R000394,"{""record_id"":""R000394"",""employee_id"":""E0181"",""event_id"":""EV_003"",""date"":""2025-01-30"",""due_date"":""2025-03-01"",""status"":""completed"",""completion_pct"":100,""score"":""82"",""feedback_rating"":"""",""assigned_by"":""hr""}"
history,R000395,"{""record_id"":""R000395"",""employee_id"":""E0005"",""event_id"":""EV_036"",""date"":""2025-02-03"",""due_date"":"""",""status"":""completed"",""completion_pct"":100,""score"":"""",""feedback_rating"":""5"",""assigned_by"":""self""}"
history,R000396,"{""record_id"":""R000396"",""employee_id"":""E0073"",""event_id"":""EV_021"",""date"":""2025-02-03"",""due_date"":"""",""status"":""no_show"",""completion_pct"":0,""score"":"""",""feedback_rating"":"""",""assigned_by"":""hr""}"
history,R000397,"{""record_id"":""R000397"",""employee_id"":""E0083"",""event_id"":""EV_001"",""date"":""2025-02-03"",""due_date"":""2025-03-05"",""status"":""completed"",""completion_pct"":100,""score"":""99"",""feedback_rating"":"""",""assigned_by"":""hr""}"
history,R000398,"{""record_id"":""R000398"",""employee_id"":""E0083"",""event_id"":""EV_002"",""date"":""2025-02-03"",""due_date"":""2025-03-05"",""status"":""completed"",""completion_pct"":100,""score"":""71"",""feedback_rating"":"""",""assigned_by"":""hr""}"
history,R000399,"{""record_id"":""R000399"",""employee_id"":""E0083"",""event_id"":""EV_003"",""date"":""2025-02-03"",""due_date"":""2025-03-05"",""status"":""completed"",""completion_pct"":100,""score"":""83"",""feedback_rating"":"""",""assigned_by"":""hr""}"
history,R000400,"{""record_id"":""R000400"",""employee_id"":""E0177"",""event_id"":""EV_039"",""date"":""2025-02-03"",""due_date"":"""",""status"":""declined"",""completion_pct"":0,""score"":"""",""feedback_rating"":"""",""assigned_by"":""manager""}"
history,R000401,"{""record_id"":""R000401"",""employee_id"":""E0023"",""event_id"":""EV_012"",""date"":""2025-02-04"",""due_date"":"""",""status"":""completed"",""completion_pct"":100,""score"":""99"",""feedback_rating"":"""",""assigned_by"":""self""}"
history,R000402,"{""record_id"":""R000402"",""employee_id"":""E0047"",""event_id"":""EV_011"",""date"":""2025-02-04"",""due_date"":"""",""status"":""dropped"",""completion_pct"":15,""score"":"""",""feedback_rating"":"""",""assigned_by"":""self""}"
history,R000403,"{""record_id"":""R000403"",""employee_id"":""E0100"",""event_id"":""EV_023"",""date"":""2025-02-04"",""due_date"":"""",""status"":""dropped"",""completion_pct"":90,""score"":"""",""feedback_rating"":"""",""assigned_by"":""manager""}"
history,R000404,"{""record_id"":""R000404"",""employee_id"":""E0046"",""event_id"":""EV_037"",""date"":""2025-02-06"",""due_date"":"""",""status"":""completed"",""completion_pct"":100,""score"":"""",""feedback_rating"":""5"",""assigned_by"":""self""}"
history,R000405,"{""record_id"":""R000405"",""employee_id"":""E0085"",""event_id"":""EV_040"",""date"":""2025-02-06"",""due_date"":"""",""status"":""completed"",""completion_pct"":100,""score"":"""",""feedback_rating"":""4"",""assigned_by"":""self""}"
history,R000406,"{""record_id"":""R000406"",""employee_id"":""E0106"",""event_id"":""EV_040"",""date"":""2025-02-06"",""due_date"":"""",""status"":""no_show"",""completion_pct"":0,""score"":"""",""feedback_rating"":"""",""assigned_by"":""self""}"
history,R000407,"{""record_id"":""R000407"",""employee_id"":""E0008"",""event_id"":""EV_038"",""date"":""2025-02-07"",""due_date"":"""",""status"":""completed"",""completion_pct"":100,""score"":""64"",""feedback_rating"":""4"",""assigned_by"":""self""}"
history,R000408,"{""record_id"":""R000408"",""employee_id"":""E0148"",""event_id"":""EV_038"",""date"":""2025-02-07"",""due_date"":"""",""status"":""completed"",""completion_pct"":100,""score"":""87"",""feedback_rating"":"""",""assigned_by"":""hr""}"
history,R000409,"{""record_id"":""R000409"",""employee_id"":""E0186"",""event_id"":""EV_006"",""date"":""2025-02-07"",""due_date"":"""",""status"":""completed"",""completion_pct"":100,""score"":"""",""feedback_rating"":"""",""assigned_by"":""self""}"
history,R000410,"{""record_id"":""R000410"",""employee_id"":""E0144"",""event_id"":""EV_039"",""date"":""2025-02-10"",""due_date"":"""",""status"":""completed"",""completion_pct"":100,""score"":"""",""feedback_rating"":"""",""assigned_by"":""self""}"
history,R000411,"{""record_id"":""R000411"",""employee_id"":""E0154"",""event_id"":""EV_036"",""date"":""2025-02-10"",""due_date"":"""",""status"":""completed"",""completion_pct"":100,""score"":"""",""feedback_rating"":""5"",""assigned_by"":""self""}"
history,R000412,"{""record_id"":""R000412"",""employee_id"":""E0071"",""event_id"":""EV_037"",""date"":""2025-02-11"",""due_date"":"""",""status"":""completed"",""completion_pct"":100,""score"":"""",""feedback_rating"":""2"",""assigned_by"":""manager""}"
history,R000413,"{""record_id"":""R000413"",""employee_id"":""E0186"",""event_id"":""EV_019"",""date"":""2025-02-11"",""due_date"":"""",""status"":""completed"",""completion_pct"":100,""score"":"""",""feedback_rating"":""5"",""assigned_by"":""manager""}"
history,R000414,"{""record_id"":""R000414"",""employee_id"":""E0021"",""event_id"":""EV_039"",""date"":""2025-02-12"",""due_date"":"""",""status"":""completed"",""completion_pct"":100,""score"":"""",""feedback_rating"":""4"",""assigned_by"":""self""}"
history,R000415,"{""record_id"":""R000415"",""employee_id"":""E0140"",""event_id"":""EV_040"",""date"":""2025-02-12"",""due_date"":"""",""status"":""completed"",""completion_pct"":100,""score"":"""",""feedback_rating"":""2"",""assigned_by"":""manager""}"
history,R000416,"{""record_id"":""R000416"",""employee_id"":""E0035"",""event_id"":""EV_039"",""date"":""2025-02-14"",""due_date"":"""",""status"":""completed"",""completion_pct"":100,""score"":"""",""feedback_rating"":"""",""assigned_by"":""self""}"
history,R000417,"{""record_id"":""R000417"",""employee_id"":""E0065"",""event_id"":""EV_009"",""date"":""2025-02-14"",""due_date"":"""",""status"":""declined"",""completion_pct"":0,""score"":"""",""feedback_rating"":"""",""assigned_by"":""manager""}"
history,R000418,"{""record_id"":""R000418"",""employee_id"":""E0181"",""event_id"":""EV_004"",""date"":""2025-02-14"",""due_date"":""2025-02-26"",""status"":""completed"",""completion_pct"":100,""score"":"""",""feedback_rating"":""5"",""assigned_by"":""hr""}"
history,R000419,"{""record_id"":""R000419"",""employee_id"":""E0005"",""event_id"":""EV_037"",""date"":""2025-02-17"",""due_date"":"""",""status"":""declined"",""completion_pct"":0,""score"":"""",""feedback_rating"":"""",""assigned_by"":""manager""}"
history,R000420,"{""record_id"":""R000420"",""employee_id"":""E0066"",""event_id"":""EV_018"",""date"":""2025-02-17"",""due_date"":"""",""status"":""completed"",""completion_pct"":100,""score"":""92"",""feedback_rating"":""4"",""assigned_by"":""manager""}"
history,R000421,"{""record_id"":""R000421"",""employee_id"":""E0071"",""event_id"":""EV_040"",""date"":""2025-02-17"",""due_date"":"""",""status"":""completed"",""completion_pct"":100,""score"":"""",""feedback_rating"":""4"",""assigned_by"":""manager""}"
history,R000422,"{""record_id"":""R000422"",""employee_id"":""E0113"",""event_id"":""EV_001"",""date"":""2025-02-17"",""due_date"":""2025-03-19"",""status"":""completed"",""completion_pct"":100,""score"":""91"",""feedback_rating"":"""",""assigned_by"":""hr""}"
history,R000423,"{""record_id"":""R000423"",""employee_id"":""E0113"",""event_id"":""EV_002"",""date"":""2025-02-17"",""due_date"":""2025-03-19"",""status"":""completed"",""completion_pct"":100,""score"":""92"",""feedback_rating"":"""",""assigned_by"":""hr""}"
history,R000424,"{""record_id"":""R000424"",""employee_id"":""E0113"",""event_id"":""EV_003"",""date"":""2025-02-17"",""due_date"":""2025-03-19"",""status"":""completed"",""completion_pct"":100,""score"":""91"",""feedback_rating"":"""",""assigned_by"":""hr""}"
history,R000425,"{""record_id"":""R000425"",""employee_id"":""E0115"",""event_id"":""EV_001"",""date"":""2025-02-17"",""due_date"":""2025-03-19"",""status"":""completed"",""completion_pct"":100,""score"":""85"",""feedback_rating"":"""",""assigned_by"":""hr""}"
history,R000426,"{""record_id"":""R000426"",""employee_id"":""E0115"",""event_id"":""EV_002"",""date"":""2025-02-17"",""due_date"":""2025-03-19"",""status"":""completed"",""completion_pct"":100,""score"":""81"",""feedback_rating"":"""",""assigned_by"":""hr""}"
history,R000427,"{""record_id"":""R000427"",""employee_id"":""E0115"",""event_id"":""EV_003"",""date"":""2025-02-17"",""due_date"":""2025-03-19"",""status"":""completed"",""completion_pct"":100,""score"":""96"",""feedback_rating"":"""",""assigned_by"":""hr""}"
history,R000428,"{""record_id"":""R000428"",""employee_id"":""E0176"",""event_id"":""EV_026"",""date"":""2025-02-17"",""due_date"":"""",""status"":""completed"",""completion_pct"":100,""score"":"""",""feedback_rating"":""5"",""assigned_by"":""self""}"
history,R000429,"{""record_id"":""R000429"",""employee_id"":""E0047"",""event_id"":""EV_006"",""date"":""2025-02-18"",""due_date"":"""",""status"":""dropped"",""completion_pct"":15,""score"":"""",""feedback_rating"":""3"",""assigned_by"":""self""}"
history,R000430,"{""record_id"":""R000430"",""employee_id"":""E0160"",""event_id"":""EV_040"",""date"":""2025-02-18"",""due_date"":"""",""status"":""completed"",""completion_pct"":100,""score"":"""",""feedback_rating"":""5"",""assigned_by"":""self""}"
history,R000431,"{""record_id"":""R000431"",""employee_id"":""E0186"",""event_id"":""EV_005"",""date"":""2025-02-18"",""due_date"":"""",""status"":""no_show"",""completion_pct"":0,""score"":"""",""feedback_rating"":"""",""assigned_by"":""manager""}"
history,R000432,"{""record_id"":""R000432"",""employee_id"":""E0081"",""event_id"":""EV_034"",""date"":""2025-02-19"",""due_date"":"""",""status"":""no_show"",""completion_pct"":0,""score"":"""",""feedback_rating"":"""",""assigned_by"":""manager""}"
history,R000433,"{""record_id"":""R000433"",""employee_id"":""E0153"",""event_id"":""EV_039"",""date"":""2025-02-19"",""due_date"":"""",""status"":""completed"",""completion_pct"":100,""score"":"""",""feedback_rating"":""5"",""assigned_by"":""hr""}"
history,R000434,"{""record_id"":""R000434"",""employee_id"":""E0025"",""event_id"":""EV_008"",""date"":""2025-02-20"",""due_date"":"""",""status"":""completed"",""completion_pct"":100,""score"":"""",""feedback_rating"":"""",""assigned_by"":""hr""}"
history,R000435,"{""record_id"":""R000435"",""employee_id"":""E0124"",""event_id"":""EV_001"",""date"":""2025-02-20"",""due_date"":""2025-03-22"",""status"":""completed"",""completion_pct"":100,""score"":""83"",""feedback_rating"":"""",""assigned_by"":""hr""}"
history,R000436,"{""record_id"":""R000436"",""employee_id"":""E0124"",""event_id"":""EV_002"",""date"":""2025-02-20"",""due_date"":""2025-03-22"",""status"":""completed"",""completion_pct"":100,""score"":""98"",""feedback_rating"":"""",""assigned_by"":""hr""}"
history,R000437,"{""record_id"":""R000437"",""employee_id"":""E0124"",""event_id"":""EV_003"",""date"":""2025-02-20"",""due_date"":""2025-03-22"",""status"":""completed"",""completion_pct"":100,""score"":""91"",""feedback_rating"":"""",""assigned_by"":""hr""}"
history,R000438,"{""record_id"":""R000438"",""employee_id"":""E0137"",""event_id"":""EV_001"",""date"":""2025-02-20"",""due_date"":""2025-03-22"",""status"":""completed"",""completion_pct"":100,""score"":""99"",""feedback_rating"":"""",""assigned_by"":""hr""}"
history,R000439,"{""record_id"":""R000439"",""employee_id"":""E0137"",""event_id"":""EV_002"",""date"":""2025-02-20"",""due_date"":""2025-03-22"",""status"":""completed"",""completion_pct"":100,""score"":""84"",""feedback_rating"":"""",""assigned_by"":""hr""}"
history,R000440,"{""record_id"":""R000440"",""employee_id"":""E0137"",""event_id"":""EV_003"",""date"":""2025-02-20"",""due_date"":""2025-03-22"",""status"":""completed"",""completion_pct"":100,""score"":""77"",""feedback_rating"":"""",""assigned_by"":""hr""}"
history,R000441,"{""record_id"":""R000441"",""employee_id"":""E0171"",""event_id"":""EV_011"",""date"":""2025-02-20"",""due_date"":"""",""status"":""completed"",""completion_pct"":100,""score"":"""",""feedback_rating"":""5"",""assigned_by"":""manager""}"
history,R000442,"{""record_id"":""R000442"",""employee_id"":""E0050"",""event_id"":""EV_037"",""date"":""2025-02-21"",""due_date"":"""",""status"":""completed"",""completion_pct"":100,""score"":"""",""feedback_rating"":""5"",""assigned_by"":""manager""}"
history,R000443,"{""record_id"":""R000443"",""employee_id"":""E0051"",""event_id"":""EV_032"",""date"":""2025-02-21"",""due_date"":"""",""status"":""completed"",""completion_pct"":100,""score"":"""",""feedback_rating"":""3"",""assigned_by"":""self""}"
history,R000444,"{""record_id"":""R000444"",""employee_id"":""E0112"",""event_id"":""EV_039"",""date"":""2025-02-21"",""due_date"":"""",""status"":""completed"",""completion_pct"":100,""score"":"""",""feedback_rating"":""4"",""assigned_by"":""self""}"
history,R000445,"{""record_id"":""R000445"",""employee_id"":""E0133"",""event_id"":""EV_008"",""date"":""2025-02-21"",""due_date"":"""",""status"":""completed"",""completion_pct"":100,""score"":"""",""feedback_rating"":""5"",""assigned_by"":""self""}"
history,R000446,"{""record_id"":""R000446"",""employee_id"":""E0184"",""event_id"":""EV_010"",""date"":""2025-02-21"",""due_date"":"""",""status"":""declined"",""completion_pct"":0,""score"":"""",""feedback_rating"":"""",""assigned_by"":""manager""}"
history,R000447,"{""record_id"":""R000447"",""employee_id"":""E0185"",""event_id"":""EV_008"",""date"":""2025-02-21"",""due_date"":"""",""status"":""completed"",""completion_pct"":100,""score"":"""",""feedback_rating"":""4"",""assigned_by"":""manager""}"
history,R000448,"{""record_id"":""R000448"",""employee_id"":""E0050"",""event_id"":""EV_009"",""date"":""2025-02-24"",""due_date"":"""",""status"":""completed"",""completion_pct"":100,""score"":""67"",""feedback_rating"":""4"",""assigned_by"":""self""}"
history,R000449,"{""record_id"":""R000449"",""employee_id"":""E0055"",""event_id"":""EV_036"",""date"":""2025-02-24"",""due_date"":"""",""status"":""no_show"",""completion_pct"":0,""score"":"""",""feedback_rating"":"""",""assigned_by"":""hr""}"
history,R000450,"{""record_id"":""R000450"",""employee_id"":""E0083"",""event_id"":""EV_004"",""date"":""2025-02-24"",""due_date"":""2025-03-01"",""status"":""completed"",""completion_pct"":100,""score"":"""",""feedback_rating"":"""",""assigned_by"":""hr""}"
history,R000451,"{""record_id"":""R000451"",""employee_id"":""E0116"",""event_id"":""EV_001"",""date"":""2025-02-24"",""due_date"":""2025-03-26"",""status"":""completed"",""completion_pct"":100,""score"":""76"",""feedback_rating"":"""",""assigned_by"":""hr""}"
history,R000452,"{""record_id"":""R000452"",""employee_id"":""E0116"",""event_id"":""EV_002"",""date"":""2025-02-24"",""due_date"":""2025-03-26"",""status"":""completed"",""completion_pct"":100,""score"":""76"",""feedback_rating"":"""",""assigned_by"":""hr""}"
history,R000453,"{""record_id"":""R000453"",""employee_id"":""E0116"",""event_id"":""EV_003"",""date"":""2025-02-24"",""due_date"":""2025-03-26"",""status"":""completed"",""completion_pct"":100,""score"":""96"",""feedback_rating"":"""",""assigned_by"":""hr""}"
history,R000454,"{""record_id"":""R000454"",""employee_id"":""E0166"",""event_id"":""EV_001"",""date"":""2025-02-24"",""due_date"":""2025-03-26"",""status"":""completed"",""completion_pct"":100,""score"":""87"",""feedback_rating"":"""",""assigned_by"":""hr""}"
history,R000455,"{""record_id"":""R000455"",""employee_id"":""E0166"",""event_id"":""EV_002"",""date"":""2025-02-24"",""due_date"":""2025-03-26"",""status"":""completed"",""completion_pct"":100,""score"":""90"",""feedback_rating"":"""",""assigned_by"":""hr""}"
history,R000456,"{""record_id"":""R000456"",""employee_id"":""E0166"",""event_id"":""EV_003"",""date"":""2025-02-24"",""due_date"":""2025-03-26"",""status"":""completed"",""completion_pct"":100,""score"":""71"",""feedback_rating"":"""",""assigned_by"":""hr""}"
history,R000457,"{""record_id"":""R000457"",""employee_id"":""E0199"",""event_id"":""EV_025"",""date"":""2025-02-24"",""due_date"":"""",""status"":""completed"",""completion_pct"":100,""score"":""94"",""feedback_rating"":"""",""assigned_by"":""manager""}"
history,R000458,"{""record_id"":""R000458"",""employee_id"":""E0095"",""event_id"":""EV_031"",""date"":""2025-02-26"",""due_date"":"""",""status"":""declined"",""completion_pct"":0,""score"":"""",""feedback_rating"":"""",""assigned_by"":""manager""}"
history,R000459,"{""record_id"":""R000459"",""employee_id"":""E0116"",""event_id"":""EV_004"",""date"":""2025-02-26"",""due_date"":""2025-03-22"",""status"":""completed"",""completion_pct"":100,""score"":"""",""feedback_rating"":""5"",""assigned_by"":""hr""}"
history,R000460,"{""record_id"":""R000460"",""employee_id"":""E0181"",""event_id"":""EV_027"",""date"":""2025-02-26"",""due_date"":"""",""status"":""no_show"",""completion_pct"":0,""score"":"""",""feedback_rating"":"""",""assigned_by"":""self""}"
history,R000461,"{""record_id"":""R000461"",""employee_id"":""E0003"",""event_id"":""EV_040"",""date"":""2025-02-27"",""due_date"":"""",""status"":""completed"",""completion_pct"":100,""score"":"""",""feedback_rating"":""4"",""assigned_by"":""self""}"
history,R000462,"{""record_id"":""R000462"",""employee_id"":""E0059"",""event_id"":""EV_037"",""date"":""2025-02-27"",""due_date"":"""",""status"":""dropped"",""completion_pct"":85,""score"":"""",""feedback_rating"":""1"",""assigned_by"":""manager""}"
history,R000463,"{""record_id"":""R000463"",""employee_id"":""E0064"",""event_id"":""EV_038"",""date"":""2025-02-27"",""due_date"":"""",""status"":""dropped"",""completion_pct"":40,""score"":"""",""feedback_rating"":"""",""assigned_by"":""self""}"
history,R000464,"{""record_id"":""R000464"",""employee_id"":""E0026"",""event_id"":""EV_036"",""date"":""2025-02-28"",""due_date"":"""",""status"":""completed"",""completion_pct"":100,""score"":"""",""feedback_rating"":"""",""assigned_by"":""self""}"
history,R000465,"{""record_id"":""R000465"",""employee_id"":""E0079"",""event_id"":""EV_034"",""date"":""2025-02-28"",""due_date"":"""",""status"":""completed"",""completion_pct"":100,""score"":"""",""feedback_rating"":""5"",""assigned_by"":""self""}"
history,R000466,"{""record_id"":""R000466"",""employee_id"":""E0102"",""event_id"":""EV_016"",""date"":""2025-02-28"",""due_date"":"""",""status"":""completed"",""completion_pct"":100,""score"":"""",""feedback_rating"":""5"",""assigned_by"":""self""}"
history,R000467,"{""record_id"":""R000467"",""employee_id"":""E0002"",""event_id"":""EV_002"",""date"":""2025-03-03"",""due_date"":""2025-04-02"",""status"":""completed"",""completion_pct"":100,""score"":""93"",""feedback_rating"":"""",""assigned_by"":""hr""}"
history,R000468,"{""record_id"":""R000468"",""employee_id"":""E0003"",""event_id"":""EV_002"",""date"":""2025-03-03"",""due_date"":""2025-04-02"",""status"":""completed"",""completion_pct"":100,""score"":""83"",""feedback_rating"":"""",""assigned_by"":""hr""}"
history,R000469,"{""record_id"":""R000469"",""employee_id"":""E0004"",""event_id"":""EV_002"",""date"":""2025-03-03"",""due_date"":""2025-04-02"",""status"":""completed"",""completion_pct"":100,""score"":""72"",""feedback_rating"":"""",""assigned_by"":""hr""}"
history,R000470,"{""record_id"":""R000470"",""employee_id"":""E0005"",""event_id"":""EV_002"",""date"":""2025-03-03"",""due_date"":""2025-04-02"",""status"":""completed"",""completion_pct"":100,""score"":""92"",""feedback_rating"":"""",""assigned_by"":""hr""}"
history,R000471,"{""record_id"":""R000471"",""employee_id"":""E0006"",""event_id"":""EV_002"",""date"":""2025-03-03"",""due_date"":""2025-04-02"",""status"":""completed"",""completion_pct"":100,""score"":""90"",""feedback_rating"":"""",""assigned_by"":""hr""}"
history,R000472,"{""record_id"":""R000472"",""employee_id"":""E0007"",""event_id"":""EV_002"",""date"":""2025-03-03"",""due_date"":""2025-04-02"",""status"":""completed"",""completion_pct"":100,""score"":""82"",""feedback_rating"":"""",""assigned_by"":""hr""}"
history,R000473,"{""record_id"":""R000473"",""employee_id"":""E0010"",""event_id"":""EV_002"",""date"":""2025-03-03"",""due_date"":""2025-04-02"",""status"":""completed"",""completion_pct"":100,""score"":""100"",""feedback_rating"":"""",""assigned_by"":""hr""}"
history,R000474,"{""record_id"":""R000474"",""employee_id"":""E0011"",""event_id"":""EV_002"",""date"":""2025-03-03"",""due_date"":""2025-04-02"",""status"":""completed"",""completion_pct"":100,""score"":""77"",""feedback_rating"":"""",""assigned_by"":""hr""}"
history,R000475,"{""record_id"":""R000475"",""employee_id"":""E0012"",""event_id"":""EV_002"",""date"":""2025-03-03"",""due_date"":""2025-04-02"",""status"":""completed"",""completion_pct"":100,""score"":""82"",""feedback_rating"":"""",""assigned_by"":""hr""}"
history,R000476,"{""record_id"":""R000476"",""employee_id"":""E0013"",""event_id"":""EV_002"",""date"":""2025-03-03"",""due_date"":""2025-04-02"",""status"":""completed"",""completion_pct"":100,""score"":""76"",""feedback_rating"":"""",""assigned_by"":""hr""}"
history,R000477,"{""record_id"":""R000477"",""employee_id"":""E0014"",""event_id"":""EV_002"",""date"":""2025-03-03"",""due_date"":""2025-04-02"",""status"":""completed"",""completion_pct"":100,""score"":""84"",""feedback_rating"":"""",""assigned_by"":""hr""}"
history,R000478,"{""record_id"":""R000478"",""employee_id"":""E0015"",""event_id"":""EV_002"",""date"":""2025-03-03"",""due_date"":""2025-04-02"",""status"":""completed"",""completion_pct"":100,""score"":""88"",""feedback_rating"":"""",""assigned_by"":""hr""}"
history,R000479,"{""record_id"":""R000479"",""employee_id"":""E0017"",""event_id"":""EV_002"",""date"":""2025-03-03"",""due_date"":""2025-04-02"",""status"":""completed"",""completion_pct"":100,""score"":""100"",""feedback_rating"":"""",""assigned_by"":""hr""}"
history,R000480,"{""record_id"":""R000480"",""employee_id"":""E0018"",""event_id"":""EV_002"",""date"":""2025-03-03"",""due_date"":""2025-04-02"",""status"":""completed"",""completion_pct"":100,""score"":""91"",""feedback_rating"":"""",""assigned_by"":""hr""}"
history,R000481,"{""record_id"":""R000481"",""employee_id"":""E0020"",""event_id"":""EV_002"",""date"":""2025-03-03"",""due_date"":""2025-04-02"",""status"":""completed"",""completion_pct"":100,""score"":""97"",""feedback_rating"":"""",""assigned_by"":""hr""}"
history,R000482,"{""record_id"":""R000482"",""employee_id"":""E0021"",""event_id"":""EV_002"",""date"":""2025-03-03"",""due_date"":""2025-04-02"",""status"":""completed"",""completion_pct"":100,""score"":""75"",""feedback_rating"":"""",""assigned_by"":""hr""}"
history,R000483,"{""record_id"":""R000483"",""employee_id"":""E0025"",""event_id"":""EV_002"",""date"":""2025-03-03"",""due_date"":""2025-04-02"",""status"":""completed"",""completion_pct"":100,""score"":""75"",""feedback_rating"":"""",""assigned_by"":""hr""}"
history,R000484,"{""record_id"":""R000484"",""employee_id"":""E0026"",""event_id"":""EV_002"",""date"":""2025-03-03"",""due_date"":""2025-04-02"",""status"":""completed"",""completion_pct"":100,""score"":""82"",""feedback_rating"":"""",""assigned_by"":""hr""}"
history,R000485,"{""record_id"":""R000485"",""employee_id"":""E0028"",""event_id"":""EV_002"",""date"":""2025-03-03"",""due_date"":""2025-04-02"",""status"":""completed"",""completion_pct"":100,""score"":""71"",""feedback_rating"":"""",""assigned_by"":""hr""}"
history,R000486,"{""record_id"":""R000486"",""employee_id"":""E0032"",""event_id"":""EV_002"",""date"":""2025-03-03"",""due_date"":""2025-04-02"",""status"":""completed"",""completion_pct"":100,""score"":""81"",""feedback_rating"":"""",""assigned_by"":""hr""}"
history,R000487,"{""record_id"":""R000487"",""employee_id"":""E0035"",""event_id"":""EV_002"",""date"":""2025-03-03"",""due_date"":""2025-04-02"",""status"":""completed"",""completion_pct"":100,""score"":""81"",""feedback_rating"":"""",""assigned_by"":""hr""}"
history,R000488,"{""record_id"":""R000488"",""employee_id"":""E0038"",""event_id"":""EV_002"",""date"":""2025-03-03"",""due_date"":""2025-04-02"",""status"":""completed"",""completion_pct"":100,""score"":""100"",""feedback_rating"":"""",""assigned_by"":""hr""}"
history,R000489,"{""record_id"":""R000489"",""employee_id"":""E0039"",""event_id"":""EV_002"",""date"":""2025-03-03"",""due_date"":""2025-04-02"",""status"":""completed"",""completion_pct"":100,""score"":""94"",""feedback_rating"":"""",""assigned_by"":""hr""}"
history,R000490,"{""record_id"":""R000490"",""employee_id"":""E0041"",""event_id"":""EV_002"",""date"":""2025-03-03"",""due_date"":""2025-04-02"",""status"":""completed"",""completion_pct"":100,""score"":""80"",""feedback_rating"":"""",""assigned_by"":""hr""}"
history,R000491,"{""record_id"":""R000491"",""employee_id"":""E0042"",""event_id"":""EV_002"",""date"":""2025-03-03"",""due_date"":""2025-04-02"",""status"":""completed"",""completion_pct"":100,""score"":""70"",""feedback_rating"":"""",""assigned_by"":""hr""}"
history,R000492,"{""record_id"":""R000492"",""employee_id"":""E0043"",""event_id"":""EV_002"",""date"":""2025-03-03"",""due_date"":""2025-04-02"",""status"":""completed"",""completion_pct"":100,""score"":""77"",""feedback_rating"":"""",""assigned_by"":""hr""}"
history,R000493,"{""record_id"":""R000493"",""employee_id"":""E0044"",""event_id"":""EV_002"",""date"":""2025-03-03"",""due_date"":""2025-04-02"",""status"":""completed"",""completion_pct"":100,""score"":""90"",""feedback_rating"":"""",""assigned_by"":""hr""}"
history,R000494,"{""record_id"":""R000494"",""employee_id"":""E0046"",""event_id"":""EV_002"",""date"":""2025-03-03"",""due_date"":""2025-04-02"",""status"":""completed"",""completion_pct"":100,""score"":""96"",""feedback_rating"":"""",""assigned_by"":""hr""}"
history,R000495,"{""record_id"":""R000495"",""employee_id"":""E0047"",""event_id"":""EV_002"",""date"":""2025-03-03"",""due_date"":""2025-04-02"",""status"":""completed"",""completion_pct"":100,""score"":""100"",""feedback_rating"":"""",""assigned_by"":""hr""}"
history,R000496,"{""record_id"":""R000496"",""employee_id"":""E0050"",""event_id"":""EV_002"",""date"":""2025-03-03"",""due_date"":""2025-04-02"",""status"":""completed"",""completion_pct"":100,""score"":""72"",""feedback_rating"":"""",""assigned_by"":""hr""}"
history,R000497,"{""record_id"":""R000497"",""employee_id"":""E0051"",""event_id"":""EV_002"",""date"":""2025-03-03"",""due_date"":""2025-04-02"",""status"":""completed"",""completion_pct"":100,""score"":""85"",""feedback_rating"":"""",""assigned_by"":""hr""}"
history,R000498,"{""record_id"":""R000498"",""employee_id"":""E0053"",""event_id"":""EV_002"",""date"":""2025-03-03"",""due_date"":""2025-04-02"",""status"":""completed"",""completion_pct"":100,""score"":""98"",""feedback_rating"":"""",""assigned_by"":""hr""}"
history,R000499,"{""record_id"":""R000499"",""employee_id"":""E0054"",""event_id"":""EV_002"",""date"":""2025-03-03"",""due_date"":""2025-04-02"",""status"":""completed"",""completion_pct"":100,""score"":""97"",""feedback_rating"":"""",""assigned_by"":""hr""}"
history,R000500,"{""record_id"":""R000500"",""employee_id"":""E0055"",""event_id"":""EV_002"",""date"":""2025-03-03"",""due_date"":""2025-04-02"",""status"":""completed"",""completion_pct"":100,""score"":""83"",""feedback_rating"":"""",""assigned_by"":""hr""}"
history,R000501,"{""record_id"":""R000501"",""employee_id"":""E0056"",""event_id"":""EV_002"",""date"":""2025-03-03"",""due_date"":""2025-04-02"",""status"":""completed"",""completion_pct"":100,""score"":""86"",""feedback_rating"":"""",""assigned_by"":""hr""}"
history,R000502,"{""record_id"":""R000502"",""employee_id"":""E0057"",""event_id"":""EV_002"",""date"":""2025-03-03"",""due_date"":""2025-04-02"",""status"":""completed"",""completion_pct"":100,""score"":""73"",""feedback_rating"":"""",""assigned_by"":""hr""}"
history,R000503,"{""record_id"":""R000503"",""employee_id"":""E0059"",""event_id"":""EV_002"",""date"":""2025-03-03"",""due_date"":""2025-04-02"",""status"":""completed"",""completion_pct"":100,""score"":""70"",""feedback_rating"":"""",""assigned_by"":""hr""}"
history,R000504,"{""record_id"":""R000504"",""employee_id"":""E0060"",""event_id"":""EV_002"",""date"":""2025-03-03"",""due_date"":""2025-04-02"",""status"":""completed"",""completion_pct"":100,""score"":""84"",""feedback_rating"":"""",""assigned_by"":""hr""}"
history,R000505,"{""record_id"":""R000505"",""employee_id"":""E0061"",""event_id"":""EV_002"",""date"":""2025-03-03"",""due_date"":""2025-04-02"",""status"":""completed"",""completion_pct"":100,""score"":""82"",""feedback_rating"":"""",""assigned_by"":""hr""}"
history,R000506,"{""record_id"":""R000506"",""employee_id"":""E0062"",""event_id"":""EV_002"",""date"":""2025-03-03"",""due_date"":""2025-04-02"",""status"":""completed"",""completion_pct"":100,""score"":""76"",""feedback_rating"":"""",""assigned_by"":""hr""}"
history,R000507,"{""record_id"":""R000507"",""employee_id"":""E0063"",""event_id"":""EV_002"",""date"":""2025-03-03"",""due_date"":""2025-04-02"",""status"":""completed"",""completion_pct"":100,""score"":""84"",""feedback_rating"":"""",""assigned_by"":""hr""}"
history,R000508,"{""record_id"":""R000508"",""employee_id"":""E0064"",""event_id"":""EV_002"",""date"":""2025-03-03"",""due_date"":""2025-04-02"",""status"":""completed"",""completion_pct"":100,""score"":""99"",""feedback_rating"":"""",""assigned_by"":""hr""}"
history,R000509,"{""record_id"":""R000509"",""employee_id"":""E0065"",""event_id"":""EV_002"",""date"":""2025-03-03"",""due_date"":""2025-04-02"",""status"":""completed"",""completion_pct"":100,""score"":""87"",""feedback_rating"":"""",""assigned_by"":""hr""}"
history,R000510,"{""record_id"":""R000510"",""employee_id"":""E0066"",""event_id"":""EV_002"",""date"":""2025-03-03"",""due_date"":""2025-04-02"",""status"":""completed"",""completion_pct"":100,""score"":""95"",""feedback_rating"":"""",""assigned_by"":""hr""}"
history,R000511,"{""record_id"":""R000511"",""employee_id"":""E0067"",""event_id"":""EV_002"",""date"":""2025-03-03"",""due_date"":""2025-04-02"",""status"":""completed"",""completion_pct"":100,""score"":""76"",""feedback_rating"":"""",""assigned_by"":""hr""}"
history,R000512,"{""record_id"":""R000512"",""employee_id"":""E0069"",""event_id"":""EV_002"",""date"":""2025-03-03"",""due_date"":""2025-04-02"",""status"":""completed"",""completion_pct"":100,""score"":""93"",""feedback_rating"":"""",""assigned_by"":""hr""}"
history,R000513,"{""record_id"":""R000513"",""employee_id"":""E0070"",""event_id"":""EV_002"",""date"":""2025-03-03"",""due_date"":""2025-04-02"",""status"":""completed"",""completion_pct"":100,""score"":""86"",""feedback_rating"":"""",""assigned_by"":""hr""}"
history,R000514,"{""record_id"":""R000514"",""employee_id"":""E0071"",""event_id"":""EV_002"",""date"":""2025-03-03"",""due_date"":""2025-04-02"",""status"":""completed"",""completion_pct"":100,""score"":""82"",""feedback_rating"":"""",""assigned_by"":""hr""}"
history,R000515,"{""record_id"":""R000515"",""employee_id"":""E0072"",""event_id"":""EV_002"",""date"":""2025-03-03"",""due_date"":""2025-04-02"",""status"":""completed"",""completion_pct"":100,""score"":""85"",""feedback_rating"":"""",""assigned_by"":""hr""}"
history,R000516,"{""record_id"":""R000516"",""employee_id"":""E0073"",""event_id"":""EV_002"",""date"":""2025-03-03"",""due_date"":""2025-04-02"",""status"":""completed"",""completion_pct"":100,""score"":""85"",""feedback_rating"":"""",""assigned_by"":""hr""}"
history,R000517,"{""record_id"":""R000517"",""employee_id"":""E0074"",""event_id"":""EV_002"",""date"":""2025-03-03"",""due_date"":""2025-04-02"",""status"":""completed"",""completion_pct"":100,""score"":""82"",""feedback_rating"":"""",""assigned_by"":""hr""}"
history,R000518,"{""record_id"":""R000518"",""employee_id"":""E0075"",""event_id"":""EV_002"",""date"":""2025-03-03"",""due_date"":""2025-04-02"",""status"":""completed"",""completion_pct"":100,""score"":""82"",""feedback_rating"":"""",""assigned_by"":""hr""}"
history,R000519,"{""record_id"":""R000519"",""employee_id"":""E0079"",""event_id"":""EV_002"",""date"":""2025-03-03"",""due_date"":""2025-04-02"",""status"":""completed"",""completion_pct"":100,""score"":""80"",""feedback_rating"":"""",""assigned_by"":""hr""}"
history,R000520,"{""record_id"":""R000520"",""employee_id"":""E0080"",""event_id"":""EV_002"",""date"":""2025-03-03"",""due_date"":""2025-04-02"",""status"":""completed"",""completion_pct"":100,""score"":""87"",""feedback_rating"":"""",""assigned_by"":""hr""}"
history,R000521,"{""record_id"":""R000521"",""employee_id"":""E0081"",""event_id"":""EV_002"",""date"":""2025-03-03"",""due_date"":""2025-04-02"",""status"":""completed"",""completion_pct"":100,""score"":""81"",""feedback_rating"":"""",""assigned_by"":""hr""}"
history,R000522,"{""record_id"":""R000522"",""employee_id"":""E0085"",""event_id"":""EV_002"",""date"":""2025-03-03"",""due_date"":""2025-04-02"",""status"":""completed"",""completion_pct"":100,""score"":""75"",""feedback_rating"":"""",""assigned_by"":""hr""}"
history,R000523,"{""record_id"":""R000523"",""employee_id"":""E0088"",""event_id"":""EV_002"",""date"":""2025-03-03"",""due_date"":""2025-04-02"",""status"":""completed"",""completion_pct"":100,""score"":""93"",""feedback_rating"":"""",""assigned_by"":""hr""}"
history,R000524,"{""record_id"":""R000524"",""employee_id"":""E0091"",""event_id"":""EV_002"",""date"":""2025-03-03"",""due_date"":""2025-04-02"",""status"":""completed"",""completion_pct"":100,""score"":""90"",""feedback_rating"":"""",""assigned_by"":""hr""}"
history,R000525,"{""record_id"":""R000525"",""employee_id"":""E0091"",""event_id"":""EV_037"",""date"":""2025-03-03"",""due_date"":"""",""status"":""completed"",""completion_pct"":100,""score"":"""",""feedback_rating"":"""",""assigned_by"":""self""}"
history,R000526,"{""record_id"":""R000526"",""employee_id"":""E0092"",""event_id"":""EV_002"",""date"":""2025-03-03"",""due_date"":""2025-04-02"",""status"":""completed"",""completion_pct"":100,""score"":""100"",""feedback_rating"":"""",""assigned_by"":""hr""}"
history,R000527,"{""record_id"":""R000527"",""employee_id"":""E0093"",""event_id"":""EV_002"",""date"":""2025-03-03"",""due_date"":""2025-04-02"",""status"":""completed"",""completion_pct"":100,""score"":""72"",""feedback_rating"":"""",""assigned_by"":""hr""}"
history,R000528,"{""record_id"":""R000528"",""employee_id"":""E0094"",""event_id"":""EV_002"",""date"":""2025-03-03"",""due_date"":""2025-04-02"",""status"":""completed"",""completion_pct"":100,""score"":""82"",""feedback_rating"":"""",""assigned_by"":""hr""}"
history,R000529,"{""record_id"":""R000529"",""employee_id"":""E0095"",""event_id"":""EV_002"",""date"":""2025-03-03"",""due_date"":""2025-04-02"",""status"":""completed"",""completion_pct"":100,""score"":""76"",""feedback_rating"":"""",""assigned_by"":""hr""}"
history,R000530,"{""record_id"":""R000530"",""employee_id"":""E0097"",""event_id"":""EV_002"",""date"":""2025-03-03"",""due_date"":""2025-04-02"",""status"":""completed"",""completion_pct"":100,""score"":""98"",""feedback_rating"":"""",""assigned_by"":""hr""}"
history,R000531,"{""record_id"":""R000531"",""employee_id"":""E0098"",""event_id"":""EV_002"",""date"":""2025-03-03"",""due_date"":""2025-04-02"",""status"":""completed"",""completion_pct"":100,""score"":""74"",""feedback_rating"":"""",""assigned_by"":""hr""}"
history,R000532,"{""record_id"":""R000532"",""employee_id"":""E0099"",""event_id"":""EV_002"",""date"":""2025-03-03"",""due_date"":""2025-04-02"",""status"":""completed"",""completion_pct"":100,""score"":""96"",""feedback_rating"":"""",""assigned_by"":""hr""}"
history,R000533,"{""record_id"":""R000533"",""employee_id"":""E0102"",""event_id"":""EV_002"",""date"":""2025-03-03"",""due_date"":""2025-04-02"",""status"":""completed"",""completion_pct"":100,""score"":""100"",""feedback_rating"":"""",""assigned_by"":""hr""}"
history,R000534,"{""record_id"":""R000534"",""employee_id"":""E0103"",""event_id"":""EV_002"",""date"":""2025-03-03"",""due_date"":""2025-04-02"",""status"":""completed"",""completion_pct"":100,""score"":""73"",""feedback_rating"":"""",""assigned_by"":""hr""}"
history,R000535,"{""record_id"":""R000535"",""employee_id"":""E0105"",""event_id"":""EV_002"",""date"":""2025-03-03"",""due_date"":""2025-04-02"",""status"":""completed"",""completion_pct"":100,""score"":""87"",""feedback_rating"":"""",""assigned_by"":""hr""}"
history,R000536,"{""record_id"":""R000536"",""employee_id"":""E0106"",""event_id"":""EV_002"",""date"":""2025-03-03"",""due_date"":""2025-04-02"",""status"":""completed"",""completion_pct"":100,""score"":""73"",""feedback_rating"":"""",""assigned_by"":""hr""}"
history,R000537,"{""record_id"":""R000537"",""employee_id"":""E0107"",""event_id"":""EV_002"",""date"":""2025-03-03"",""due_date"":""2025-04-02"",""status"":""completed"",""completion_pct"":100,""score"":""96"",""feedback_rating"":"""",""assigned_by"":""hr""}"
history,R000538,"{""record_id"":""R000538"",""employee_id"":""E0108"",""event_id"":""EV_002"",""date"":""2025-03-03"",""due_date"":""2025-04-02"",""status"":""completed"",""completion_pct"":100,""score"":""85"",""feedback_rating"":"""",""assigned_by"":""hr""}"
history,R000539,"{""record_id"":""R000539"",""employee_id"":""E0109"",""event_id"":""EV_002"",""date"":""2025-03-03"",""due_date"":""2025-04-02"",""status"":""completed"",""completion_pct"":100,""score"":""91"",""feedback_rating"":"""",""assigned_by"":""hr""}"
history,R000540,"{""record_id"":""R000540"",""employee_id"":""E0111"",""event_id"":""EV_002"",""date"":""2025-03-03"",""due_date"":""2025-04-02"",""status"":""completed"",""completion_pct"":100,""score"":""76"",""feedback_rating"":"""",""assigned_by"":""hr""}"
history,R000541,"{""record_id"":""R000541"",""employee_id"":""E0112"",""event_id"":""EV_002"",""date"":""2025-03-03"",""due_date"":""2025-04-02"",""status"":""completed"",""completion_pct"":100,""score"":""87"",""feedback_rating"":"""",""assigned_by"":""hr""}"
history,R000542,"{""record_id"":""R000542"",""employee_id"":""E0115"",""event_id"":""EV_004"",""date"":""2025-03-03"",""due_date"":""2025-03-14"",""status"":""completed"",""completion_pct"":100,""score"":"""",""feedback_rating"":""4"",""assigned_by"":""hr""}"
history,R000543,"{""record_id"":""R000543"",""employee_id"":""E0118"",""event_id"":""EV_002"",""date"":""2025-03-03"",""due_date"":""2025-04-02"",""status"":""completed"",""completion_pct"":100,""score"":""70"",""feedback_rating"":"""",""assigned_by"":""hr""}"
history,R000544,"{""record_id"":""R000544"",""employee_id"":""E0120"",""event_id"":""EV_002"",""date"":""2025-03-03"",""due_date"":""2025-04-02"",""status"":""completed"",""completion_pct"":100,""score"":""84"",""feedback_rating"":"""",""assigned_by"":""hr""}"
history,R000545,"{""record_id"":""R000545"",""employee_id"":""E0122"",""event_id"":""EV_002"",""date"":""2025-03-03"",""due_date"":""2025-04-02"",""status"":""completed"",""completion_pct"":100,""score"":""91"",""feedback_rating"":"""",""assigned_by"":""hr""}"
history,R000546,"{""record_id"":""R000546"",""employee_id"":""E0123"",""event_id"":""EV_002"",""date"":""2025-03-03"",""due_date"":""2025-04-02"",""status"":""completed"",""completion_pct"":100,""score"":""93"",""feedback_rating"":"""",""assigned_by"":""hr""}"
history,R000547,"{""record_id"":""R000547"",""employee_id"":""E0127"",""event_id"":""EV_002"",""date"":""2025-03-03"",""due_date"":""2025-04-02"",""status"":""completed"",""completion_pct"":100,""score"":""78"",""feedback_rating"":"""",""assigned_by"":""hr""}"
history,R000548,"{""record_id"":""R000548"",""employee_id"":""E0128"",""event_id"":""EV_002"",""date"":""2025-03-03"",""due_date"":""2025-04-02"",""status"":""completed"",""completion_pct"":100,""score"":""73"",""feedback_rating"":"""",""assigned_by"":""hr""}"
history,R000549,"{""record_id"":""R000549"",""employee_id"":""E0131"",""event_id"":""EV_002"",""date"":""2025-03-03"",""due_date"":""2025-04-02"",""status"":""completed"",""completion_pct"":100,""score"":""79"",""feedback_rating"":"""",""assigned_by"":""hr""}"
history,R000550,"{""record_id"":""R000550"",""employee_id"":""E0132"",""event_id"":""EV_002"",""date"":""2025-03-03"",""due_date"":""2025-04-02"",""status"":""completed"",""completion_pct"":100,""score"":""77"",""feedback_rating"":"""",""assigned_by"":""hr""}"
history,R000551,"{""record_id"":""R000551"",""employee_id"":""E0133"",""event_id"":""EV_002"",""date"":""2025-03-03"",""due_date"":""2025-04-02"",""status"":""completed"",""completion_pct"":100,""score"":""96"",""feedback_rating"":"""",""assigned_by"":""hr""}"
history,R000552,"{""record_id"":""R000552"",""employee_id"":""E0134"",""event_id"":""EV_002"",""date"":""2025-03-03"",""due_date"":""2025-04-02"",""status"":""completed"",""completion_pct"":100,""score"":""70"",""feedback_rating"":"""",""assigned_by"":""hr""}"
history,R000553,"{""record_id"":""R000553"",""employee_id"":""E0136"",""event_id"":""EV_002"",""date"":""2025-03-03"",""due_date"":""2025-04-02"",""status"":""completed"",""completion_pct"":100,""score"":""92"",""feedback_rating"":"""",""assigned_by"":""hr""}"
history,R000554,"{""record_id"":""R000554"",""employee_id"":""E0138"",""event_id"":""EV_002"",""date"":""2025-03-03"",""due_date"":""2025-04-02"",""status"":""completed"",""completion_pct"":100,""score"":""83"",""feedback_rating"":"""",""assigned_by"":""hr""}"
history,R000555,"{""record_id"":""R000555"",""employee_id"":""E0140"",""event_id"":""EV_002"",""date"":""2025-03-03"",""due_date"":""2025-04-02"",""status"":""completed"",""completion_pct"":100,""score"":""71"",""feedback_rating"":"""",""assigned_by"":""hr""}"
history,R000556,"{""record_id"":""R000556"",""employee_id"":""E0143"",""event_id"":""EV_002"",""date"":""2025-03-03"",""due_date"":""2025-04-02"",""status"":""completed"",""completion_pct"":100,""score"":""83"",""feedback_rating"":"""",""assigned_by"":""hr""}"
history,R000557,"{""record_id"":""R000557"",""employee_id"":""E0144"",""event_id"":""EV_002"",""date"":""2025-03-03"",""due_date"":""2025-04-02"",""status"":""completed"",""completion_pct"":100,""score"":""81"",""feedback_rating"":"""",""assigned_by"":""hr""}"
history,R000558,"{""record_id"":""R000558"",""employee_id"":""E0145"",""event_id"":""EV_002"",""date"":""2025-03-03"",""due_date"":""2025-04-02"",""status"":""completed"",""completion_pct"":100,""score"":""100"",""feedback_rating"":"""",""assigned_by"":""hr""}"
history,R000559,"{""record_id"":""R000559"",""employee_id"":""E0147"",""event_id"":""EV_002"",""date"":""2025-03-03"",""due_date"":""2025-04-02"",""status"":""completed"",""completion_pct"":100,""score"":""91"",""feedback_rating"":"""",""assigned_by"":""hr""}"
history,R000560,"{""record_id"":""R000560"",""employee_id"":""E0148"",""event_id"":""EV_002"",""date"":""2025-03-03"",""due_date"":""2025-04-02"",""status"":""completed"",""completion_pct"":100,""score"":""86"",""feedback_rating"":"""",""assigned_by"":""hr""}"
history,R000561,"{""record_id"":""R000561"",""employee_id"":""E0149"",""event_id"":""EV_002"",""date"":""2025-03-03"",""due_date"":""2025-04-02"",""status"":""completed"",""completion_pct"":100,""score"":""90"",""feedback_rating"":"""",""assigned_by"":""hr""}"
history,R000562,"{""record_id"":""R000562"",""employee_id"":""E0150"",""event_id"":""EV_002"",""date"":""2025-03-03"",""due_date"":""2025-04-02"",""status"":""completed"",""completion_pct"":100,""score"":""94"",""feedback_rating"":"""",""assigned_by"":""hr""}"
history,R000563,"{""record_id"":""R000563"",""employee_id"":""E0153"",""event_id"":""EV_002"",""date"":""2025-03-03"",""due_date"":""2025-04-02"",""status"":""completed"",""completion_pct"":100,""score"":""86"",""feedback_rating"":"""",""assigned_by"":""hr""}"
history,R000564,"{""record_id"":""R000564"",""employee_id"":""E0154"",""event_id"":""EV_002"",""date"":""2025-03-03"",""due_date"":""2025-04-02"",""status"":""completed"",""completion_pct"":100,""score"":""97"",""feedback_rating"":"""",""assigned_by"":""hr""}"
history,R000565,"{""record_id"":""R000565"",""employee_id"":""E0155"",""event_id"":""EV_002"",""date"":""2025-03-03"",""due_date"":""2025-04-02"",""status"":""completed"",""completion_pct"":100,""score"":""90"",""feedback_rating"":"""",""assigned_by"":""hr""}"
history,R000566,"{""record_id"":""R000566"",""employee_id"":""E0158"",""event_id"":""EV_002"",""date"":""2025-03-03"",""due_date"":""2025-04-02"",""status"":""completed"",""completion_pct"":100,""score"":""76"",""feedback_rating"":"""",""assigned_by"":""hr""}"
history,R000567,"{""record_id"":""R000567"",""employee_id"":""E0161"",""event_id"":""EV_002"",""date"":""2025-03-03"",""due_date"":""2025-04-02"",""status"":""completed"",""completion_pct"":100,""score"":""75"",""feedback_rating"":"""",""assigned_by"":""hr""}"
history,R000568,"{""record_id"":""R000568"",""employee_id"":""E0162"",""event_id"":""EV_002"",""date"":""2025-03-03"",""due_date"":""2025-04-02"",""status"":""completed"",""completion_pct"":100,""score"":""87"",""feedback_rating"":"""",""assigned_by"":""hr""}"
history,R000569,"{""record_id"":""R000569"",""employee_id"":""E0162"",""event_id"":""EV_023"",""date"":""2025-03-03"",""due_date"":"""",""status"":""completed"",""completion_pct"":100,""score"":"""",""feedback_rating"":""4"",""assigned_by"":""self""}"
history,R000570,"{""record_id"":""R000570"",""employee_id"":""E0163"",""event_id"":""EV_002"",""date"":""2025-03-03"",""due_date"":""2025-04-02"",""status"":""completed"",""completion_pct"":100,""score"":""72"",""feedback_rating"":"""",""assigned_by"":""hr""}"
history,R000571,"{""record_id"":""R000571"",""employee_id"":""E0164"",""event_id"":""EV_002"",""date"":""2025-03-03"",""due_date"":""2025-04-02"",""status"":""completed"",""completion_pct"":100,""score"":""80"",""feedback_rating"":"""",""assigned_by"":""hr""}"
history,R000572,"{""record_id"":""R000572"",""employee_id"":""E0165"",""event_id"":""EV_002"",""date"":""2025-03-03"",""due_date"":""2025-04-02"",""status"":""completed"",""completion_pct"":100,""score"":""90"",""feedback_rating"":"""",""assigned_by"":""hr""}"
history,R000573,"{""record_id"":""R000573"",""employee_id"":""E0168"",""event_id"":""EV_002"",""date"":""2025-03-03"",""due_date"":""2025-04-02"",""status"":""completed"",""completion_pct"":100,""score"":""83"",""feedback_rating"":"""",""assigned_by"":""hr""}"
history,R000574,"{""record_id"":""R000574"",""employee_id"":""E0169"",""event_id"":""EV_002"",""date"":""2025-03-03"",""due_date"":""2025-04-02"",""status"":""completed"",""completion_pct"":100,""score"":""74"",""feedback_rating"":"""",""assigned_by"":""hr""}"
history,R000575,"{""record_id"":""R000575"",""employee_id"":""E0172"",""event_id"":""EV_002"",""date"":""2025-03-03"",""due_date"":""2025-04-02"",""status"":""completed"",""completion_pct"":100,""score"":""70"",""feedback_rating"":"""",""assigned_by"":""hr""}"
history,R000576,"{""record_id"":""R000576"",""employee_id"":""E0173"",""event_id"":""EV_002"",""date"":""2025-03-03"",""due_date"":""2025-04-02"",""status"":""completed"",""completion_pct"":100,""score"":""91"",""feedback_rating"":"""",""assigned_by"":""hr""}"
history,R000577,"{""record_id"":""R000577"",""employee_id"":""E0175"",""event_id"":""EV_002"",""date"":""2025-03-03"",""due_date"":""2025-04-02"",""status"":""completed"",""completion_pct"":100,""score"":""82"",""feedback_rating"":"""",""assigned_by"":""hr""}"
history,R000578,"{""record_id"":""R000578"",""employee_id"":""E0176"",""event_id"":""EV_002"",""date"":""2025-03-03"",""due_date"":""2025-04-02"",""status"":""completed"",""completion_pct"":100,""score"":""83"",""feedback_rating"":"""",""assigned_by"":""hr""}"
history,R000579,"{""record_id"":""R000579"",""employee_id"":""E0177"",""event_id"":""EV_002"",""date"":""2025-03-03"",""due_date"":""2025-04-02"",""status"":""completed"",""completion_pct"":100,""score"":""95"",""feedback_rating"":"""",""assigned_by"":""hr""}"
history,R000580,"{""record_id"":""R000580"",""employee_id"":""E0179"",""event_id"":""EV_002"",""date"":""2025-03-03"",""due_date"":""2025-04-02"",""status"":""completed"",""completion_pct"":100,""score"":""100"",""feedback_rating"":"""",""assigned_by"":""hr""}"
history,R000581,"{""record_id"":""R000581"",""employee_id"":""E0180"",""event_id"":""EV_002"",""date"":""2025-03-03"",""due_date"":""2025-04-02"",""status"":""completed"",""completion_pct"":100,""score"":""91"",""feedback_rating"":"""",""assigned_by"":""hr""}"
history,R000582,"{""record_id"":""R000582"",""employee_id"":""E0182"",""event_id"":""EV_002"",""date"":""2025-03-03"",""due_date"":""2025-04-02"",""status"":""completed"",""completion_pct"":100,""score"":""93"",""feedback_rating"":"""",""assigned_by"":""hr""}"
history,R000583,"{""record_id"":""R000583"",""employee_id"":""E0185"",""event_id"":""EV_002"",""date"":""2025-03-03"",""due_date"":""2025-04-02"",""status"":""completed"",""completion_pct"":100,""score"":""92"",""feedback_rating"":"""",""assigned_by"":""hr""}"
history,R000584,"{""record_id"":""R000584"",""employee_id"":""E0186"",""event_id"":""EV_002"",""date"":""2025-03-03"",""due_date"":""2025-04-02"",""status"":""completed"",""completion_pct"":100,""score"":""70"",""feedback_rating"":"""",""assigned_by"":""hr""}"
history,R000585,"{""record_id"":""R000585"",""employee_id"":""E0187"",""event_id"":""EV_002"",""date"":""2025-03-03"",""due_date"":""2025-04-02"",""status"":""completed"",""completion_pct"":100,""score"":""93"",""feedback_rating"":"""",""assigned_by"":""hr""}"
history,R000586,"{""record_id"":""R000586"",""employee_id"":""E0189"",""event_id"":""EV_002"",""date"":""2025-03-03"",""due_date"":""2025-04-02"",""status"":""completed"",""completion_pct"":100,""score"":""78"",""feedback_rating"":"""",""assigned_by"":""hr""}"
history,R000587,"{""record_id"":""R000587"",""employee_id"":""E0190"",""event_id"":""EV_002"",""date"":""2025-03-03"",""due_date"":""2025-04-02"",""status"":""completed"",""completion_pct"":100,""score"":""76"",""feedback_rating"":"""",""assigned_by"":""hr""}"
history,R000588,"{""record_id"":""R000588"",""employee_id"":""E0191"",""event_id"":""EV_002"",""date"":""2025-03-03"",""due_date"":""2025-04-02"",""status"":""completed"",""completion_pct"":100,""score"":""74"",""feedback_rating"":"""",""assigned_by"":""hr""}"
history,R000589,"{""record_id"":""R000589"",""employee_id"":""E0193"",""event_id"":""EV_002"",""date"":""2025-03-03"",""due_date"":""2025-04-02"",""status"":""completed"",""completion_pct"":100,""score"":""80"",""feedback_rating"":"""",""assigned_by"":""hr""}"
history,R000590,"{""record_id"":""R000590"",""employee_id"":""E0194"",""event_id"":""EV_002"",""date"":""2025-03-03"",""due_date"":""2025-04-02"",""status"":""completed"",""completion_pct"":100,""score"":""95"",""feedback_rating"":"""",""assigned_by"":""hr""}"
history,R000591,"{""record_id"":""R000591"",""employee_id"":""E0196"",""event_id"":""EV_001"",""date"":""2025-03-03"",""due_date"":""2025-04-02"",""status"":""completed"",""completion_pct"":100,""score"":""79"",""feedback_rating"":"""",""assigned_by"":""hr""}"
history,R000592,"{""record_id"":""R000592"",""employee_id"":""E0196"",""event_id"":""EV_002"",""date"":""2025-03-03"",""due_date"":""2025-04-02"",""status"":""completed"",""completion_pct"":100,""score"":""82"",""feedback_rating"":"""",""assigned_by"":""hr""}"
history,R000593,"{""record_id"":""R000593"",""employee_id"":""E0196"",""event_id"":""EV_003"",""date"":""2025-03-03"",""due_date"":""2025-04-02"",""status"":""completed"",""completion_pct"":100,""score"":""99"",""feedback_rating"":"""",""assigned_by"":""hr""}"
history,R000594,"{""record_id"":""R000594"",""employee_id"":""E0197"",""event_id"":""EV_002"",""date"":""2025-03-03"",""due_date"":""2025-04-02"",""status"":""completed"",""completion_pct"":100,""score"":""87"",""feedback_rating"":"""",""assigned_by"":""hr""}"
history,R000595,"{""record_id"":""R000595"",""employee_id"":""E0198"",""event_id"":""EV_002"",""date"":""2025-03-03"",""due_date"":""2025-04-02"",""status"":""completed"",""completion_pct"":100,""score"":""74"",""feedback_rating"":"""",""assigned_by"":""hr""}"
history,R000596,"{""record_id"":""R000596"",""employee_id"":""E0199"",""event_id"":""EV_002"",""date"":""2025-03-03"",""due_date"":""2025-04-02"",""status"":""completed"",""completion_pct"":100,""score"":""83"",""feedback_rating"":"""",""assigned_by"":""hr""}"
history,R000597,"{""record_id"":""R000597"",""employee_id"":""E0005"",""event_id"":""EV_011"",""date"":""2025-03-04"",""due_date"":"""",""status"":""completed"",""completion_pct"":100,""score"":"""",""feedback_rating"":""3"",""assigned_by"":""self""}"
history,R000598,"{""record_id"":""R000598"",""employee_id"":""E0013"",""event_id"":""EV_007"",""date"":""2025-03-04"",""due_date"":"""",""status"":""completed"",""completion_pct"":100,""score"":"""",""feedback_rating"":"""",""assigned_by"":""manager""}"
history,R000599,"{""record_id"":""R000599"",""employee_id"":""E0041"",""event_id"":""EV_026"",""date"":""2025-03-04"",""due_date"":"""",""status"":""completed"",""completion_pct"":100,""score"":"""",""feedback_rating"":""4"",""assigned_by"":""manager""}"
history,R000600,"{""record_id"":""R000600"",""employee_id"":""E0065"",""event_id"":""EV_018"",""date"":""2025-03-04"",""due_date"":"""",""status"":""completed"",""completion_pct"":100,""score"":""88"",""feedback_rating"":"""",""assigned_by"":""self""}"
history,R000601,"{""record_id"":""R000601"",""employee_id"":""E0070"",""event_id"":""EV_034"",""date"":""2025-03-04"",""due_date"":"""",""status"":""completed"",""completion_pct"":100,""score"":"""",""feedback_rating"":"""",""assigned_by"":""manager""}"
history,R000602,"{""record_id"":""R000602"",""employee_id"":""E0165"",""event_id"":""EV_026"",""date"":""2025-03-04"",""due_date"":"""",""status"":""completed"",""completion_pct"":100,""score"":"""",""feedback_rating"":""4"",""assigned_by"":""hr""}"
history,R000603,"{""record_id"":""R000603"",""employee_id"":""E0199"",""event_id"":""EV_020"",""date"":""2025-03-04"",""due_date"":"""",""status"":""completed"",""completion_pct"":100,""score"":""74"",""feedback_rating"":"""",""assigned_by"":""manager""}"
history,R000604,"{""record_id"":""R000604"",""employee_id"":""E0005"",""event_id"":""EV_012"",""date"":""2025-03-05"",""due_date"":"""",""status"":""dropped"",""completion_pct"":75,""score"":"""",""feedback_rating"":"""",""assigned_by"":""self""}"
history,R000605,"{""record_id"":""R000605"",""employee_id"":""E0008"",""event_id"":""EV_040"",""date"":""2025-03-05"",""due_date"":"""",""status"":""no_show"",""completion_pct"":0,""score"":"""",""feedback_rating"":"""",""assigned_by"":""manager""}"
history,R000606,"{""record_id"":""R000606"",""employee_id"":""E0012"",""event_id"":""EV_039"",""date"":""2025-03-05"",""due_date"":"""",""status"":""completed"",""completion_pct"":100,""score"":"""",""feedback_rating"":"""",""assigned_by"":""hr""}"
history,R000607,"{""record_id"":""R000607"",""employee_id"":""E0102"",""event_id"":""EV_015"",""date"":""2025-03-05"",""due_date"":"""",""status"":""completed"",""completion_pct"":100,""score"":""74"",""feedback_rating"":""4"",""assigned_by"":""self""}"
history,R000608,"{""record_id"":""R000608"",""employee_id"":""E0127"",""event_id"":""EV_037"",""date"":""2025-03-05"",""due_date"":"""",""status"":""no_show"",""completion_pct"":0,""score"":"""",""feedback_rating"":"""",""assigned_by"":""manager""}"
history,R000609,"{""record_id"":""R000609"",""employee_id"":""E0158"",""event_id"":""EV_034"",""date"":""2025-03-05"",""due_date"":"""",""status"":""completed"",""completion_pct"":100,""score"":"""",""feedback_rating"":"""",""assigned_by"":""self""}"
history,R000610,"{""record_id"":""R000610"",""employee_id"":""E0169"",""event_id"":""EV_037"",""date"":""2025-03-05"",""due_date"":"""",""status"":""completed"",""completion_pct"":100,""score"":"""",""feedback_rating"":""5"",""assigned_by"":""self""}"
history,R000611,"{""record_id"":""R000611"",""employee_id"":""E0177"",""event_id"":""EV_037"",""date"":""2025-03-05"",""due_date"":"""",""status"":""no_show"",""completion_pct"":0,""score"":"""",""feedback_rating"":"""",""assigned_by"":""manager""}"
history,R000612,"{""record_id"":""R000612"",""employee_id"":""E0006"",""event_id"":""EV_038"",""date"":""2025-03-06"",""due_date"":"""",""status"":""no_show"",""completion_pct"":0,""score"":"""",""feedback_rating"":"""",""assigned_by"":""self""}"
history,R000613,"{""record_id"":""R000613"",""employee_id"":""E0118"",""event_id"":""EV_013"",""date"":""2025-03-06"",""due_date"":"""",""status"":""dropped"",""completion_pct"":70,""score"":"""",""feedback_rating"":""3"",""assigned_by"":""manager""}"
history,R000614,"{""record_id"":""R000614"",""employee_id"":""E0172"",""event_id"":""EV_038"",""date"":""2025-03-06"",""due_date"":"""",""status"":""completed"",""completion_pct"":100,""score"":""69"",""feedback_rating"":"""",""assigned_by"":""self""}"
history,R000615,"{""record_id"":""R000615"",""employee_id"":""E0176"",""event_id"":""EV_040"",""date"":""2025-03-06"",""due_date"":"""",""status"":""completed"",""completion_pct"":100,""score"":"""",""feedback_rating"":""5"",""assigned_by"":""manager""}"
history,R000616,"{""record_id"":""R000616"",""employee_id"":""E0197"",""event_id"":""EV_019"",""date"":""2025-03-06"",""due_date"":"""",""status"":""completed"",""completion_pct"":100,""score"":"""",""feedback_rating"":""3"",""assigned_by"":""manager""}"
history,R000617,"{""record_id"":""R000617"",""employee_id"":""E0133"",""event_id"":""EV_028"",""date"":""2025-03-07"",""due_date"":"""",""status"":""completed"",""completion_pct"":100,""score"":"""",""feedback_rating"":""4"",""assigned_by"":""self""}"
history,R000618,"{""record_id"":""R000618"",""employee_id"":""E0134"",""event_id"":""EV_036"",""date"":""2025-03-07"",""due_date"":"""",""status"":""no_show"",""completion_pct"":0,""score"":"""",""feedback_rating"":"""",""assigned_by"":""manager""}"
history,R000619,"{""record_id"":""R000619"",""employee_id"":""E0166"",""event_id"":""EV_004"",""date"":""2025-03-07"",""due_date"":""2025-03-23"",""status"":""completed"",""completion_pct"":100,""score"":"""",""feedback_rating"":"""",""assigned_by"":""hr""}"
history,R000620,"{""record_id"":""R000620"",""employee_id"":""E0187"",""event_id"":""EV_021"",""date"":""2025-03-07"",""due_date"":"""",""status"":""declined"",""completion_pct"":0,""score"":"""",""feedback_rating"":"""",""assigned_by"":""manager""}"
history,R000621,"{""record_id"":""R000621"",""employee_id"":""E0194"",""event_id"":""EV_009"",""date"":""2025-03-07"",""due_date"":"""",""status"":""completed"",""completion_pct"":100,""score"":""74"",""feedback_rating"":"""",""assigned_by"":""self""}"
history,R000622,"{""record_id"":""R000622"",""employee_id"":""E0095"",""event_id"":""EV_037"",""date"":""2025-03-10"",""due_date"":"""",""status"":""completed"",""completion_pct"":100,""score"":"""",""feedback_rating"":"""",""assigned_by"":""self""}"
history,R000623,"{""record_id"":""R000623"",""employee_id"":""E0097"",""event_id"":""EV_025"",""date"":""2025-03-10"",""due_date"":"""",""status"":""completed"",""completion_pct"":100,""score"":""95"",""feedback_rating"":""5"",""assigned_by"":""self""}"
history,R000624,"{""record_id"":""R000624"",""employee_id"":""E0113"",""event_id"":""EV_004"",""date"":""2025-03-10"",""due_date"":""2025-03-16"",""status"":""completed"",""completion_pct"":100,""score"":"""",""feedback_rating"":"""",""assigned_by"":""hr""}"
history,R000625,"{""record_id"":""R000625"",""employee_id"":""E0124"",""event_id"":""EV_004"",""date"":""2025-03-11"",""due_date"":""2025-03-19"",""status"":""completed"",""completion_pct"":100,""score"":"""",""feedback_rating"":""3"",""assigned_by"":""hr""}"
history,R000626,"{""record_id"":""R000626"",""employee_id"":""E0137"",""event_id"":""EV_004"",""date"":""2025-03-11"",""due_date"":""2025-03-19"",""status"":""completed"",""completion_pct"":100,""score"":"""",""feedback_rating"":""5"",""assigned_by"":""hr""}"
history,R000627,"{""record_id"":""R000627"",""employee_id"":""E0197"",""event_id"":""EV_018"",""date"":""2025-03-12"",""due_date"":"""",""status"":""dropped"",""completion_pct"":70,""score"":"""",""feedback_rating"":""2"",""assigned_by"":""manager""}"
history,R000628,"{""record_id"":""R000628"",""employee_id"":""E0015"",""event_id"":""EV_013"",""date"":""2025-03-13"",""due_date"":"""",""status"":""no_show"",""completion_pct"":0,""score"":"""",""feedback_rating"":"""",""assigned_by"":""self""}"
history,R000629,"{""record_id"":""R000629"",""employee_id"":""E0059"",""event_id"":""EV_040"",""date"":""2025-03-13"",""due_date"":"""",""status"":""no_show"",""completion_pct"":0,""score"":"""",""feedback_rating"":"""",""assigned_by"":""self""}"
history,R000630,"{""record_id"":""R000630"",""employee_id"":""E0185"",""event_id"":""EV_039"",""date"":""2025-03-13"",""due_date"":"""",""status"":""completed"",""completion_pct"":100,""score"":"""",""feedback_rating"":""4"",""assigned_by"":""manager""}"
history,R000631,"{""record_id"":""R000631"",""employee_id"":""E0006"",""event_id"":""EV_036"",""date"":""2025-03-14"",""due_date"":"""",""status"":""completed"",""completion_pct"":100,""score"":"""",""feedback_rating"":"""",""assigned_by"":""self""}"
history,R000632,"{""record_id"":""R000632"",""employee_id"":""E0132"",""event_id"":""EV_037"",""date"":""2025-03-14"",""due_date"":"""",""status"":""completed"",""completion_pct"":100,""score"":"""",""feedback_rating"":""3"",""assigned_by"":""manager""}"
history,R000633,"{""record_id"":""R000633"",""employee_id"":""E0153"",""event_id"":""EV_008"",""date"":""2025-03-14"",""due_date"":"""",""status"":""completed"",""completion_pct"":100,""score"":"""",""feedback_rating"":""5"",""assigned_by"":""self""}"
history,R000634,"{""record_id"":""R000634"",""employee_id"":""E0008"",""event_id"":""EV_040"",""date"":""2025-03-17"",""due_date"":"""",""status"":""no_show"",""completion_pct"":0,""score"":"""",""feedback_rating"":"""",""assigned_by"":""hr""}"
history,R000635,"{""record_id"":""R000635"",""employee_id"":""E0029"",""event_id"":""EV_001"",""date"":""2025-03-17"",""due_date"":""2025-04-16"",""status"":""completed"",""completion_pct"":100,""score"":""85"",""feedback_rating"":"""",""assigned_by"":""hr""}"
history,R000636,"{""record_id"":""R000636"",""employee_id"":""E0029"",""event_id"":""EV_002"",""date"":""2025-03-17"",""due_date"":""2025-04-16"",""status"":""completed"",""completion_pct"":100,""score"":""98"",""feedback_rating"":"""",""assigned_by"":""hr""}"
history,R000637,"{""record_id"":""R000637"",""employee_id"":""E0029"",""event_id"":""EV_003"",""date"":""2025-03-17"",""due_date"":""2025-04-16"",""status"":""completed"",""completion_pct"":100,""score"":""86"",""feedback_rating"":"""",""assigned_by"":""hr""}"
history,R000638,"{""record_id"":""R000638"",""employee_id"":""E0186"",""event_id"":""EV_009"",""date"":""2025-03-17"",""due_date"":"""",""status"":""completed"",""completion_pct"":100,""score"":""67"",""feedback_rating"":""3"",""assigned_by"":""self""}"
history,R000639,"{""record_id"":""R000639"",""employee_id"":""E0169"",""event_id"":""EV_036"",""date"":""2025-03-18"",""due_date"":"""",""status"":""no_show"",""completion_pct"":0,""score"":"""",""feedback_rating"":"""",""assigned_by"":""manager""}"
history,R000640,"{""record_id"":""R000640"",""employee_id"":""E0180"",""event_id"":""EV_037"",""date"":""2025-03-18"",""due_date"":"""",""status"":""completed"",""completion_pct"":100,""score"":"""",""feedback_rating"":""5"",""assigned_by"":""manager""}"
history,R000641,"{""record_id"":""R000641"",""employee_id"":""E0184"",""event_id"":""EV_005"",""date"":""2025-03-18"",""due_date"":"""",""status"":""completed"",""completion_pct"":100,""score"":""70"",""feedback_rating"":""3"",""assigned_by"":""manager""}"
history,R000642,"{""record_id"":""R000642"",""employee_id"":""E0011"",""event_id"":""EV_021"",""date"":""2025-03-19"",""due_date"":"""",""status"":""completed"",""completion_pct"":100,""score"":"""",""feedback_rating"":""3"",""assigned_by"":""manager""}"
history,R000643,"{""record_id"":""R000643"",""employee_id"":""E0196"",""event_id"":""EV_004"",""date"":""2025-03-20"",""due_date"":""2025-03-28"",""status"":""completed"",""completion_pct"":100,""score"":"""",""feedback_rating"":""4"",""assigned_by"":""hr""}"
history,R000644,"{""record_id"":""R000644"",""employee_id"":""E0199"",""event_id"":""EV_024"",""date"":""2025-03-20"",""due_date"":"""",""status"":""completed"",""completion_pct"":100,""score"":""96"",""feedback_rating"":""5"",""assigned_by"":""self""}"
history,R000645,"{""record_id"":""R000645"",""employee_id"":""E0027"",""event_id"":""EV_001"",""date"":""2025-03-21"",""due_date"":""2025-04-20"",""status"":""completed"",""completion_pct"":100,""score"":""73"",""feedback_rating"":"""",""assigned_by"":""hr""}"
history,R000646,"{""record_id"":""R000646"",""employee_id"":""E0027"",""event_id"":""EV_002"",""date"":""2025-03-21"",""due_date"":""2025-04-20"",""status"":""completed"",""completion_pct"":100,""score"":""93"",""feedback_rating"":"""",""assigned_by"":""hr""}"
history,R000647,"{""record_id"":""R000647"",""employee_id"":""E0027"",""event_id"":""EV_003"",""date"":""2025-03-21"",""due_date"":""2025-04-20"",""status"":""completed"",""completion_pct"":100,""score"":""97"",""feedback_rating"":"""",""assigned_by"":""hr""}"
history,R000648,"{""record_id"":""R000648"",""employee_id"":""E0073"",""event_id"":""EV_021"",""date"":""2025-03-21"",""due_date"":"""",""status"":""dropped"",""completion_pct"":80,""score"":"""",""feedback_rating"":"""",""assigned_by"":""self""}"
history,R000649,"{""record_id"":""R000649"",""employee_id"":""E0185"",""event_id"":""EV_037"",""date"":""2025-03-21"",""due_date"":"""",""status"":""completed"",""completion_pct"":100,""score"":"""",""feedback_rating"":""4"",""assigned_by"":""hr""}"
history,R000650,"{""record_id"":""R000650"",""employee_id"":""E0189"",""event_id"":""EV_009"",""date"":""2025-03-24"",""due_date"":"""",""status"":""completed"",""completion_pct"":100,""score"":""63"",""feedback_rating"":""4"",""assigned_by"":""self""}"
history,R000651,"{""record_id"":""R000651"",""employee_id"":""E0191"",""event_id"":""EV_036"",""date"":""2025-03-24"",""due_date"":"""",""status"":""completed"",""completion_pct"":100,""score"":"""",""feedback_rating"":"""",""assigned_by"":""self""}"
history,R000652,"{""record_id"":""R000652"",""employee_id"":""E0160"",""event_id"":""EV_008"",""date"":""2025-03-25"",""due_date"":"""",""status"":""completed"",""completion_pct"":100,""score"":"""",""feedback_rating"":"""",""assigned_by"":""self""}"
history,R000653,"{""record_id"":""R000653"",""employee_id"":""E0051"",""event_id"":""EV_036"",""date"":""2025-03-26"",""due_date"":"""",""status"":""no_show"",""completion_pct"":0,""score"":"""",""feedback_rating"":"""",""assigned_by"":""manager""}"
history,R000654,"{""record_id"":""R000654"",""employee_id"":""E0075"",""event_id"":""EV_016"",""date"":""2025-03-26"",""due_date"":"""",""status"":""completed"",""completion_pct"":100,""score"":"""",""feedback_rating"":""5"",""assigned_by"":""manager""}"
history,R000655,"{""record_id"":""R000655"",""employee_id"":""E0013"",""event_id"":""EV_006"",""date"":""2025-03-27"",""due_date"":"""",""status"":""completed"",""completion_pct"":100,""score"":"""",""feedback_rating"":""4"",""assigned_by"":""manager""}"
history,R000656,"{""record_id"":""R000656"",""employee_id"":""E0018"",""event_id"":""EV_039"",""date"":""2025-03-27"",""due_date"":"""",""status"":""completed"",""completion_pct"":100,""score"":"""",""feedback_rating"":""4"",""assigned_by"":""self""}"
history,R000657,"{""record_id"":""R000657"",""employee_id"":""E0035"",""event_id"":""EV_034"",""date"":""2025-03-27"",""due_date"":"""",""status"":""declined"",""completion_pct"":0,""score"":"""",""feedback_rating"":"""",""assigned_by"":""manager""}"
history,R000658,"{""record_id"":""R000658"",""employee_id"":""E0136"",""event_id"":""EV_011"",""date"":""2025-03-27"",""due_date"":"""",""status"":""no_show"",""completion_pct"":0,""score"":"""",""feedback_rating"":"""",""assigned_by"":""self""}"
history,R000659,"{""record_id"":""R000659"",""employee_id"":""E0013"",""event_id"":""EV_008"",""date"":""2025-03-28"",""due_date"":"""",""status"":""completed"",""completion_pct"":100,""score"":"""",""feedback_rating"":""4"",""assigned_by"":""hr""}"
history,R000660,"{""record_id"":""R000660"",""employee_id"":""E0138"",""event_id"":""EV_036"",""date"":""2025-03-28"",""due_date"":"""",""status"":""completed"",""completion_pct"":100,""score"":"""",""feedback_rating"":""1"",""assigned_by"":""self""}"
history,R000661,"{""record_id"":""R000661"",""employee_id"":""E0139"",""event_id"":""EV_001"",""date"":""2025-03-28"",""due_date"":""2025-04-27"",""status"":""completed"",""completion_pct"":100,""score"":""96"",""feedback_rating"":"""",""assigned_by"":""hr""}"
history,R000662,"{""record_id"":""R000662"",""employee_id"":""E0139"",""event_id"":""EV_002"",""date"":""2025-03-28"",""due_date"":""2025-04-27"",""status"":""completed"",""completion_pct"":100,""score"":""71"",""feedback_rating"":"""",""assigned_by"":""hr""}"
history,R000663,"{""record_id"":""R000663"",""employee_id"":""E0139"",""event_id"":""EV_003"",""date"":""2025-03-28"",""due_date"":""2025-04-27"",""status"":""completed"",""completion_pct"":100,""score"":""71"",""feedback_rating"":"""",""assigned_by"":""hr""}"
history,R000664,"{""record_id"":""R000664"",""employee_id"":""E0140"",""event_id"":""EV_010"",""date"":""2025-03-28"",""due_date"":"""",""status"":""completed"",""completion_pct"":100,""score"":""62"",""feedback_rating"":""4"",""assigned_by"":""hr""}"
history,R000665,"{""record_id"":""R000665"",""employee_id"":""E0164"",""event_id"":""EV_006"",""date"":""2025-03-28"",""due_date"":"""",""status"":""dropped"",""completion_pct"":70,""score"":"""",""feedback_rating"":""3"",""assigned_by"":""manager""}"
history,R000666,"{""record_id"":""R000666"",""employee_id"":""E0027"",""event_id"":""EV_004"",""date"":""2025-03-31"",""due_date"":""2025-04-17"",""status"":""completed"",""completion_pct"":100,""score"":"""",""feedback_rating"":"""",""assigned_by"":""hr""}"
history,R000667,"{""record_id"":""R000667"",""employee_id"":""E0045"",""event_id"":""EV_001"",""date"":""2025-03-31"",""due_date"":""2025-04-30"",""status"":""completed"",""completion_pct"":100,""score"":""73"",""feedback_rating"":"""",""assigned_by"":""hr""}"
history,R000668,"{""record_id"":""R000668"",""employee_id"":""E0045"",""event_id"":""EV_002"",""date"":""2025-03-31"",""due_date"":""2025-04-30"",""status"":""completed"",""completion_pct"":100,""score"":""99"",""feedback_rating"":"""",""assigned_by"":""hr""}"
history,R000669,"{""record_id"":""R000669"",""employee_id"":""E0045"",""event_id"":""EV_003"",""date"":""2025-03-31"",""due_date"":""2025-04-30"",""status"":""completed"",""completion_pct"":100,""score"":""99"",""feedback_rating"":"""",""assigned_by"":""hr""}"
history,R000670,"{""record_id"":""R000670"",""employee_id"":""E0051"",""event_id"":""EV_036"",""date"":""2025-03-31"",""due_date"":"""",""status"":""declined"",""completion_pct"":0,""score"":"""",""feedback_rating"":"""",""assigned_by"":""hr""}"
history,R000671,"{""record_id"":""R000671"",""employee_id"":""E0061"",""event_id"":""EV_009"",""date"":""2025-03-31"",""due_date"":"""",""status"":""declined"",""completion_pct"":0,""score"":"""",""feedback_rating"":"""",""assigned_by"":""manager""}"
history,R000672,"{""record_id"":""R000672"",""employee_id"":""E0082"",""event_id"":""EV_001"",""date"":""2025-03-31"",""due_date"":""2025-04-30"",""status"":""completed"",""completion_pct"":100,""score"":""83"",""feedback_rating"":"""",""assigned_by"":""hr""}"
history,R000673,"{""record_id"":""R000673"",""employee_id"":""E0082"",""event_id"":""EV_002"",""date"":""2025-03-31"",""due_date"":""2025-04-30"",""status"":""completed"",""completion_pct"":100,""score"":""77"",""feedback_rating"":"""",""assigned_by"":""hr""}"
history,R000674,"{""record_id"":""R000674"",""employee_id"":""E0082"",""event_id"":""EV_003"",""date"":""2025-03-31"",""due_date"":""2025-04-30"",""status"":""completed"",""completion_pct"":100,""score"":""78"",""feedback_rating"":"""",""assigned_by"":""hr""}"
history,R000675,"{""record_id"":""R000675"",""employee_id"":""E0137"",""event_id"":""EV_040"",""date"":""2025-03-31"",""due_date"":"""",""status"":""completed"",""completion_pct"":100,""score"":"""",""feedback_rating"":""4"",""assigned_by"":""manager""}"
history,R000676,"{""record_id"":""R000676"",""employee_id"":""E0163"",""event_id"":""EV_036"",""date"":""2025-04-01"",""due_date"":"""",""status"":""declined"",""completion_pct"":0,""score"":"""",""feedback_rating"":"""",""assigned_by"":""manager""}"
history,R000677,"{""record_id"":""R000677"",""employee_id"":""E0017"",""event_id"":""EV_026"",""date"":""2025-04-02"",""due_date"":"""",""status"":""completed"",""completion_pct"":100,""score"":"""",""feedback_rating"":""4"",""assigned_by"":""manager""}"
history,R000678,"{""record_id"":""R000678"",""employee_id"":""E0037"",""event_id"":""EV_016"",""date"":""2025-04-02"",""due_date"":"""",""status"":""completed"",""completion_pct"":100,""score"":"""",""feedback_rating"":""5"",""assigned_by"":""self""}"
history,R000679,"{""record_id"":""R000679"",""employee_id"":""E0052"",""event_id"":""EV_030"",""date"":""2025-04-02"",""due_date"":"""",""status"":""completed"",""completion_pct"":100,""score"":"""",""feedback_rating"":""4"",""assigned_by"":""hr""}"
history,R000680,"{""record_id"":""R000680"",""employee_id"":""E0169"",""event_id"":""EV_036"",""date"":""2025-04-02"",""due_date"":"""",""status"":""completed"",""completion_pct"":100,""score"":"""",""feedback_rating"":""4"",""assigned_by"":""self""}"
history,R000681,"{""record_id"":""R000681"",""employee_id"":""E0019"",""event_id"":""EV_001"",""date"":""2025-04-03"",""due_date"":""2025-05-03"",""status"":""completed"",""completion_pct"":100,""score"":""79"",""feedback_rating"":"""",""assigned_by"":""hr""}"
history,R000682,"{""record_id"":""R000682"",""employee_id"":""E0019"",""event_id"":""EV_002"",""date"":""2025-04-03"",""due_date"":""2025-05-03"",""status"":""completed"",""completion_pct"":100,""score"":""93"",""feedback_rating"":"""",""assigned_by"":""hr""}"
history,R000683,"{""record_id"":""R000683"",""employee_id"":""E0019"",""event_id"":""EV_003"",""date"":""2025-04-03"",""due_date"":""2025-05-03"",""status"":""completed"",""completion_pct"":100,""score"":""94"",""feedback_rating"":"""",""assigned_by"":""hr""}"
history,R000684,"{""record_id"":""R000684"",""employee_id"":""E0023"",""event_id"":""EV_039"",""date"":""2025-04-03"",""due_date"":"""",""status"":""completed"",""completion_pct"":100,""score"":"""",""feedback_rating"":""5"",""assigned_by"":""manager""}"
history,R000685,"{""record_id"":""R000685"",""employee_id"":""E0099"",""event_id"":""EV_008"",""date"":""2025-04-03"",""due_date"":"""",""status"":""dropped"",""completion_pct"":85,""score"":"""",""feedback_rating"":"""",""assigned_by"":""hr""}"
history,R000686,"{""record_id"":""R000686"",""employee_id"":""E0008"",""event_id"":""EV_040"",""date"":""2025-04-04"",""due_date"":"""",""status"":""completed"",""completion_pct"":100,""score"":"""",""feedback_rating"":"""",""assigned_by"":""self""}"
history,R000687,"{""record_id"":""R000687"",""employee_id"":""E0064"",""event_id"":""EV_006"",""date"":""2025-04-04"",""due_date"":"""",""status"":""completed"",""completion_pct"":100,""score"":"""",""feedback_rating"":""5"",""assigned_by"":""self""}"
history,R000688,"{""record_id"":""R000688"",""employee_id"":""E0158"",""event_id"":""EV_033"",""date"":""2025-04-04"",""due_date"":"""",""status"":""declined"",""completion_pct"":0,""score"":"""",""feedback_rating"":"""",""assigned_by"":""manager""}"
history,R000689,"{""record_id"":""R000689"",""employee_id"":""E0168"",""event_id"":""EV_040"",""date"":""2025-04-04"",""due_date"":"""",""status"":""no_show"",""completion_pct"":0,""score"":"""",""feedback_rating"":"""",""assigned_by"":""hr""}"
history,R000690,"{""record_id"":""R000690"",""employee_id"":""E0008"",""event_id"":""EV_005"",""date"":""2025-04-07"",""due_date"":"""",""status"":""no_show"",""completion_pct"":0,""score"":"""",""feedback_rating"":"""",""assigned_by"":""manager""}"
history,R000691,"{""record_id"":""R000691"",""employee_id"":""E0029"",""event_id"":""EV_004"",""date"":""2025-04-07"",""due_date"":""2025-04-12"",""status"":""completed"",""completion_pct"":100,""score"":"""",""feedback_rating"":"""",""assigned_by"":""hr""}"
history,R000692,"{""record_id"":""R000692"",""employee_id"":""E0079"",""event_id"":""EV_032"",""date"":""2025-04-07"",""due_date"":"""",""status"":""completed"",""completion_pct"":100,""score"":"""",""feedback_rating"":""4"",""assigned_by"":""self""}"
history,R000693,"{""record_id"":""R000693"",""employee_id"":""E0007"",""event_id"":""EV_010"",""date"":""2025-04-08"",""due_date"":"""",""status"":""completed"",""completion_pct"":100,""score"":""94"",""feedback_rating"":""4"",""assigned_by"":""manager""}"
history,R000694,"{""record_id"":""R000694"",""employee_id"":""E0019"",""event_id"":""EV_004"",""date"":""2025-04-08"",""due_date"":""2025-04-30"",""status"":""completed"",""completion_pct"":100,""score"":"""",""feedback_rating"":"""",""assigned_by"":""hr""}"
history,R000695,"{""record_id"":""R000695"",""employee_id"":""E0035"",""event_id"":""EV_034"",""date"":""2025-04-08"",""due_date"":"""",""status"":""completed"",""completion_pct"":100,""score"":"""",""feedback_rating"":""3"",""assigned_by"":""self""}"
history,R000696,"{""record_id"":""R000696"",""employee_id"":""E0080"",""event_id"":""EV_023"",""date"":""2025-04-08"",""due_date"":"""",""status"":""completed"",""completion_pct"":100,""score"":"""",""feedback_rating"":""2"",""assigned_by"":""manager""}"
history,R000697,"{""record_id"":""R000697"",""employee_id"":""E0095"",""event_id"":""EV_028"",""date"":""2025-04-08"",""due_date"":"""",""status"":""dropped"",""completion_pct"":55,""score"":"""",""feedback_rating"":"""",""assigned_by"":""self""}"
history,R000698,"{""record_id"":""R000698"",""employee_id"":""E0173"",""event_id"":""EV_037"",""date"":""2025-04-08"",""due_date"":"""",""status"":""completed"",""completion_pct"":100,""score"":"""",""feedback_rating"":"""",""assigned_by"":""manager""}"
history,R000699,"{""record_id"":""R000699"",""employee_id"":""E0181"",""event_id"":""EV_038"",""date"":""2025-04-08"",""due_date"":"""",""status"":""declined"",""completion_pct"":0,""score"":"""",""feedback_rating"":"""",""assigned_by"":""manager""}"
history,R000700,"{""record_id"":""R000700"",""employee_id"":""E0059"",""event_id"":""EV_037"",""date"":""2025-04-09"",""due_date"":"""",""status"":""completed"",""completion_pct"":100,""score"":"""",""feedback_rating"":""4"",""assigned_by"":""self""}"
history,R000701,"{""record_id"":""R000701"",""employee_id"":""E0140"",""event_id"":""EV_019"",""date"":""2025-04-09"",""due_date"":"""",""status"":""dropped"",""completion_pct"":85,""score"":"""",""feedback_rating"":"""",""assigned_by"":""self""}"
history,R000702,"{""record_id"":""R000702"",""employee_id"":""E0175"",""event_id"":""EV_025"",""date"":""2025-04-09"",""due_date"":"""",""status"":""completed"",""completion_pct"":100,""score"":""83"",""feedback_rating"":""2"",""assigned_by"":""manager""}"
history,R000703,"{""record_id"":""R000703"",""employee_id"":""E0050"",""event_id"":""EV_040"",""date"":""2025-04-11"",""due_date"":"""",""status"":""completed"",""completion_pct"":100,""score"":"""",""feedback_rating"":""4"",""assigned_by"":""self""}"
history,R000704,"{""record_id"":""R000704"",""employee_id"":""E0094"",""event_id"":""EV_034"",""date"":""2025-04-11"",""due_date"":"""",""status"":""completed"",""completion_pct"":100,""score"":"""",""feedback_rating"":""4"",""assigned_by"":""self""}"
history,R000705,"{""record_id"":""R000705"",""employee_id"":""E0131"",""event_id"":""EV_040"",""date"":""2025-04-11"",""due_date"":"""",""status"":""completed"",""completion_pct"":100,""score"":"""",""feedback_rating"":""4"",""assigned_by"":""self""}"
history,R000706,"{""record_id"":""R000706"",""employee_id"":""E0008"",""event_id"":""EV_005"",""date"":""2025-04-15"",""due_date"":"""",""status"":""declined"",""completion_pct"":0,""score"":"""",""feedback_rating"":"""",""assigned_by"":""hr""}"
history,R000707,"{""record_id"":""R000707"",""employee_id"":""E0037"",""event_id"":""EV_005"",""date"":""2025-04-15"",""due_date"":"""",""status"":""completed"",""completion_pct"":100,""score"":""65"",""feedback_rating"":""4"",""assigned_by"":""manager""}"
history,R000708,"{""record_id"":""R000708"",""employee_id"":""E0082"",""event_id"":""EV_004"",""date"":""2025-04-15"",""due_date"":""2025-04-26"",""status"":""completed"",""completion_pct"":100,""score"":"""",""feedback_rating"":"""",""assigned_by"":""hr""}"
history,R000709,"{""record_id"":""R000709"",""employee_id"":""E0097"",""event_id"":""EV_007"",""date"":""2025-04-15"",""due_date"":"""",""status"":""completed"",""completion_pct"":100,""score"":"""",""feedback_rating"":""5"",""assigned_by"":""manager""}"
history,R000710,"{""record_id"":""R000710"",""employee_id"":""E0139"",""event_id"":""EV_004"",""date"":""2025-04-15"",""due_date"":""2025-04-24"",""status"":""completed"",""completion_pct"":100,""score"":"""",""feedback_rating"":""4"",""assigned_by"":""hr""}"
history,R000711,"{""record_id"":""R000711"",""employee_id"":""E0075"",""event_id"":""EV_005"",""date"":""2025-04-16"",""due_date"":"""",""status"":""completed"",""completion_pct"":100,""score"":""95"",""feedback_rating"":""5"",""assigned_by"":""self""}"
history,R000712,"{""record_id"":""R000712"",""employee_id"":""E0123"",""event_id"":""EV_038"",""date"":""2025-04-16"",""due_date"":"""",""status"":""completed"",""completion_pct"":100,""score"":""80"",""feedback_rating"":""5"",""assigned_by"":""self""}"
history,R000713,"{""record_id"":""R000713"",""employee_id"":""E0166"",""event_id"":""EV_036"",""date"":""2025-04-16"",""due_date"":"""",""status"":""completed"",""completion_pct"":100,""score"":"""",""feedback_rating"":""4"",""assigned_by"":""self""}"
history,R000714,"{""record_id"":""R000714"",""employee_id"":""E0198"",""event_id"":""EV_036"",""date"":""2025-04-17"",""due_date"":"""",""status"":""completed"",""completion_pct"":100,""score"":"""",""feedback_rating"":"""",""assigned_by"":""self""}"
history,R000715,"{""record_id"":""R000715"",""employee_id"":""E0087"",""event_id"":""EV_001"",""date"":""2025-04-18"",""due_date"":""2025-05-18"",""status"":""completed"",""completion_pct"":100,""score"":""100"",""feedback_rating"":"""",""assigned_by"":""hr""}"
history,R000716,"{""record_id"":""R000716"",""employee_id"":""E0087"",""event_id"":""EV_002"",""date"":""2025-04-18"",""due_date"":""2025-05-18"",""status"":""completed"",""completion_pct"":100,""score"":""75"",""feedback_rating"":"""",""assigned_by"":""hr""}"
history,R000717,"{""record_id"":""R000717"",""employee_id"":""E0087"",""event_id"":""EV_003"",""date"":""2025-04-18"",""due_date"":""2025-05-18"",""status"":""completed"",""completion_pct"":100,""score"":""92"",""feedback_rating"":"""",""assigned_by"":""hr""}"
history,R000718,"{""record_id"":""R000718"",""employee_id"":""E0132"",""event_id"":""EV_022"",""date"":""2025-04-18"",""due_date"":"""",""status"":""no_show"",""completion_pct"":0,""score"":"""",""feedback_rating"":"""",""assigned_by"":""hr""}"
history,R000719,"{""record_id"":""R000719"",""employee_id"":""E0140"",""event_id"":""EV_005"",""date"":""2025-04-21"",""due_date"":"""",""status"":""dropped"",""completion_pct"":70,""score"":"""",""feedback_rating"":"""",""assigned_by"":""self""}"
history,R000720,"{""record_id"":""R000720"",""employee_id"":""E0150"",""event_id"":""EV_011"",""date"":""2025-04-21"",""due_date"":"""",""status"":""completed"",""completion_pct"":100,""score"":"""",""feedback_rating"":""5"",""assigned_by"":""manager""}"
history,R000721,"{""record_id"":""R000721"",""employee_id"":""E0045"",""event_id"":""EV_004"",""date"":""2025-04-22"",""due_date"":""2025-04-27"",""status"":""completed"",""completion_pct"":100,""score"":"""",""feedback_rating"":""2"",""assigned_by"":""hr""}"
history,R000722,"{""record_id"":""R000722"",""employee_id"":""E0047"",""event_id"":""EV_037"",""date"":""2025-04-22"",""due_date"":"""",""status"":""completed"",""completion_pct"":100,""score"":"""",""feedback_rating"":""5"",""assigned_by"":""self""}"
history,R000723,"{""record_id"":""R000723"",""employee_id"":""E0053"",""event_id"":""EV_019"",""date"":""2025-04-22"",""due_date"":"""",""status"":""dropped"",""completion_pct"":75,""score"":"""",""feedback_rating"":""2"",""assigned_by"":""manager""}"
history,R000724,"{""record_id"":""R000724"",""employee_id"":""E0192"",""event_id"":""EV_040"",""date"":""2025-04-22"",""due_date"":"""",""status"":""declined"",""completion_pct"":0,""score"":"""",""feedback_rating"":"""",""assigned_by"":""manager""}"
history,R000725,"{""record_id"":""R000725"",""employee_id"":""E0062"",""event_id"":""EV_008"",""date"":""2025-04-23"",""due_date"":"""",""status"":""completed"",""completion_pct"":100,""score"":"""",""feedback_rating"":"""",""assigned_by"":""hr""}"
history,R000726,"{""record_id"":""R000726"",""employee_id"":""E0164"",""event_id"":""EV_040"",""date"":""2025-04-23"",""due_date"":"""",""status"":""completed"",""completion_pct"":100,""score"":"""",""feedback_rating"":""4"",""assigned_by"":""manager""}"
history,R000727,"{""record_id"":""R000727"",""employee_id"":""E0052"",""event_id"":""EV_037"",""date"":""2025-04-24"",""due_date"":"""",""status"":""dropped"",""completion_pct"":80,""score"":"""",""feedback_rating"":""3"",""assigned_by"":""self""}"
history,R000728,"{""record_id"":""R000728"",""employee_id"":""E0122"",""event_id"":""EV_036"",""date"":""2025-04-24"",""due_date"":"""",""status"":""completed"",""completion_pct"":100,""score"":"""",""feedback_rating"":"""",""assigned_by"":""self""}"
history,R000729,"{""record_id"":""R000729"",""employee_id"":""E0128"",""event_id"":""EV_007"",""date"":""2025-04-24"",""due_date"":"""",""status"":""completed"",""completion_pct"":100,""score"":"""",""feedback_rating"":""5"",""assigned_by"":""self""}"
history,R000730,"{""record_id"":""R000730"",""employee_id"":""E0154"",""event_id"":""EV_036"",""date"":""2025-04-24"",""due_date"":"""",""status"":""no_show"",""completion_pct"":0,""score"":"""",""feedback_rating"":"""",""assigned_by"":""self""}"
history,R000731,"{""record_id"":""R000731"",""employee_id"":""E0195"",""event_id"":""EV_001"",""date"":""2025-04-24"",""due_date"":""2025-05-24"",""status"":""completed"",""completion_pct"":100,""score"":""90"",""feedback_rating"":"""",""assigned_by"":""hr""}"
history,R000732,"{""record_id"":""R000732"",""employee_id"":""E0195"",""event_id"":""EV_002"",""date"":""2025-04-24"",""due_date"":""2025-05-24"",""status"":""completed"",""completion_pct"":100,""score"":""74"",""feedback_rating"":"""",""assigned_by"":""hr""}"
history,R000733,"{""record_id"":""R000733"",""employee_id"":""E0195"",""event_id"":""EV_003"",""date"":""2025-04-24"",""due_date"":""2025-05-24"",""status"":""completed"",""completion_pct"":100,""score"":""89"",""feedback_rating"":"""",""assigned_by"":""hr""}"
history,R000734,"{""record_id"":""R000734"",""employee_id"":""E0050"",""event_id"":""EV_038"",""date"":""2025-04-25"",""due_date"":"""",""status"":""completed"",""completion_pct"":100,""score"":""67"",""feedback_rating"":"""",""assigned_by"":""self""}"
history,R000735,"{""record_id"":""R000735"",""employee_id"":""E0057"",""event_id"":""EV_038"",""date"":""2025-04-25"",""due_date"":"""",""status"":""no_show"",""completion_pct"":0,""score"":"""",""feedback_rating"":"""",""assigned_by"":""manager""}"
history,R000736,"{""record_id"":""R000736"",""employee_id"":""E0144"",""event_id"":""EV_008"",""date"":""2025-04-25"",""due_date"":"""",""status"":""completed"",""completion_pct"":100,""score"":"""",""feedback_rating"":""5"",""assigned_by"":""manager""}"
history,R000737,"{""record_id"":""R000737"",""employee_id"":""E0180"",""event_id"":""EV_039"",""date"":""2025-04-25"",""due_date"":"""",""status"":""completed"",""completion_pct"":100,""score"":"""",""feedback_rating"":""5"",""assigned_by"":""hr""}"
history,R000738,"{""record_id"":""R000738"",""employee_id"":""E0002"",""event_id"":""EV_019"",""date"":""2025-04-28"",""due_date"":"""",""status"":""dropped"",""completion_pct"":40,""score"":"""",""feedback_rating"":"""",""assigned_by"":""manager""}"
history,R000739,"{""record_id"":""R000739"",""employee_id"":""E0149"",""event_id"":""EV_039"",""date"":""2025-04-28"",""due_date"":"""",""status"":""completed"",""completion_pct"":100,""score"":"""",""feedback_rating"":""3"",""assigned_by"":""hr""}"
history,R000740,"{""record_id"":""R000740"",""employee_id"":""E0155"",""event_id"":""EV_007"",""date"":""2025-04-28"",""due_date"":"""",""status"":""dropped"",""completion_pct"":25,""score"":"""",""feedback_rating"":""3"",""assigned_by"":""manager""}"
history,R000741,"{""record_id"":""R000741"",""employee_id"":""E0170"",""event_id"":""EV_001"",""date"":""2025-04-28"",""due_date"":""2025-05-28"",""status"":""completed"",""completion_pct"":100,""score"":""91"",""feedback_rating"":"""",""assigned_by"":""hr""}"
history,R000742,"{""record_id"":""R000742"",""employee_id"":""E0170"",""event_id"":""EV_002"",""date"":""2025-04-28"",""due_date"":""2025-05-28"",""status"":""completed"",""completion_pct"":100,""score"":""82"",""feedback_rating"":"""",""assigned_by"":""hr""}"
history,R000743,"{""record_id"":""R000743"",""employee_id"":""E0170"",""event_id"":""EV_003"",""date"":""2025-04-28"",""due_date"":""2025-05-28"",""status"":""completed"",""completion_pct"":100,""score"":""74"",""feedback_rating"":"""",""assigned_by"":""hr""}"
history,R000744,"{""record_id"":""R000744"",""employee_id"":""E0195"",""event_id"":""EV_004"",""date"":""2025-04-28"",""due_date"":""2025-05-21"",""status"":""completed"",""completion_pct"":100,""score"":"""",""feedback_rating"":""5"",""assigned_by"":""hr""}"
history,R000745,"{""record_id"":""R000745"",""employee_id"":""E0005"",""event_id"":""EV_009"",""date"":""2025-04-29"",""due_date"":"""",""status"":""completed"",""completion_pct"":100,""score"":""82"",""feedback_rating"":""3"",""assigned_by"":""self""}"
history,R000746,"{""record_id"":""R000746"",""employee_id"":""E0014"",""event_id"":""EV_029"",""date"":""2025-04-29"",""due_date"":"""",""status"":""dropped"",""completion_pct"":70,""score"":"""",""feedback_rating"":"""",""assigned_by"":""self""}"
history,R000747,"{""record_id"":""R000747"",""employee_id"":""E0120"",""event_id"":""EV_005"",""date"":""2025-04-29"",""due_date"":"""",""status"":""completed"",""completion_pct"":100,""score"":""80"",""feedback_rating"":"""",""assigned_by"":""manager""}"
history,R000748,"{""record_id"":""R000748"",""employee_id"":""E0080"",""event_id"":""EV_024"",""date"":""2025-04-30"",""due_date"":"""",""status"":""dropped"",""completion_pct"":30,""score"":"""",""feedback_rating"":"""",""assigned_by"":""self""}"
history,R000749,"{""record_id"":""R000749"",""employee_id"":""E0123"",""event_id"":""EV_016"",""date"":""2025-04-30"",""due_date"":"""",""status"":""declined"",""completion_pct"":0,""score"":"""",""feedback_rating"":"""",""assigned_by"":""manager""}"
history,R000750,"{""record_id"":""R000750"",""employee_id"":""E0166"",""event_id"":""EV_034"",""date"":""2025-04-30"",""due_date"":"""",""status"":""completed"",""completion_pct"":100,""score"":"""",""feedback_rating"":"""",""assigned_by"":""self""}"
history,R000751,"{""record_id"":""R000751"",""employee_id"":""E0173"",""event_id"":""EV_031"",""date"":""2025-04-30"",""due_date"":"""",""status"":""no_show"",""completion_pct"":0,""score"":"""",""feedback_rating"":"""",""assigned_by"":""hr""}"
history,R000752,"{""record_id"":""R000752"",""employee_id"":""E0087"",""event_id"":""EV_004"",""date"":""2025-05-01"",""due_date"":""2025-05-15"",""status"":""completed"",""completion_pct"":100,""score"":"""",""feedback_rating"":"""",""assigned_by"":""hr""}"
history,R000753,"{""record_id"":""R000753"",""employee_id"":""E0176"",""event_id"":""EV_023"",""date"":""2025-05-01"",""due_date"":"""",""status"":""declined"",""completion_pct"":0,""score"":"""",""feedback_rating"":"""",""assigned_by"":""manager""}"
history,R000754,"{""record_id"":""R000754"",""employee_id"":""E0193"",""event_id"":""EV_022"",""date"":""2025-05-01"",""due_date"":"""",""status"":""completed"",""completion_pct"":100,""score"":""96"",""feedback_rating"":""4"",""assigned_by"":""self""}"
history,R000755,"{""record_id"":""R000755"",""employee_id"":""E0056"",""event_id"":""EV_036"",""date"":""2025-05-02"",""due_date"":"""",""status"":""completed"",""completion_pct"":100,""score"":"""",""feedback_rating"":""5"",""assigned_by"":""manager""}"
history,R000756,"{""record_id"":""R000756"",""employee_id"":""E0105"",""event_id"":""EV_034"",""date"":""2025-05-02"",""due_date"":"""",""status"":""completed"",""completion_pct"":100,""score"":"""",""feedback_rating"":""5"",""assigned_by"":""self""}"
history,R000757,"{""record_id"":""R000757"",""employee_id"":""E0149"",""event_id"":""EV_036"",""date"":""2025-05-02"",""due_date"":"""",""status"":""completed"",""completion_pct"":100,""score"":"""",""feedback_rating"":""4"",""assigned_by"":""self""}"
history,R000758,"{""record_id"":""R000758"",""employee_id"":""E0180"",""event_id"":""EV_008"",""date"":""2025-05-02"",""due_date"":"""",""status"":""completed"",""completion_pct"":100,""score"":"""",""feedback_rating"":""5"",""assigned_by"":""manager""}"
history,R000759,"{""record_id"":""R000759"",""employee_id"":""E0091"",""event_id"":""EV_019"",""date"":""2025-05-05"",""due_date"":"""",""status"":""completed"",""completion_pct"":100,""score"":"""",""feedback_rating"":""5"",""assigned_by"":""manager""}"
history,R000760,"{""record_id"":""R000760"",""employee_id"":""E0003"",""event_id"":""EV_037"",""date"":""2025-05-07"",""due_date"":"""",""status"":""completed"",""completion_pct"":100,""score"":"""",""feedback_rating"":"""",""assigned_by"":""self""}"
history,R000761,"{""record_id"":""R000761"",""employee_id"":""E0160"",""event_id"":""EV_035"",""date"":""2025-05-07"",""due_date"":"""",""status"":""completed"",""completion_pct"":100,""score"":""62"",""feedback_rating"":""3"",""assigned_by"":""self""}"
history,R000762,"{""record_id"":""R000762"",""employee_id"":""E0162"",""event_id"":""EV_036"",""date"":""2025-05-07"",""due_date"":"""",""status"":""no_show"",""completion_pct"":0,""score"":"""",""feedback_rating"":"""",""assigned_by"":""self""}"
history,R000763,"{""record_id"":""R000763"",""employee_id"":""E0199"",""event_id"":""EV_008"",""date"":""2025-05-08"",""due_date"":"""",""status"":""completed"",""completion_pct"":100,""score"":"""",""feedback_rating"":"""",""assigned_by"":""hr""}"
history,R000764,"{""record_id"":""R000764"",""employee_id"":""E0047"",""event_id"":""EV_010"",""date"":""2025-05-12"",""due_date"":"""",""status"":""completed"",""completion_pct"":100,""score"":""93"",""feedback_rating"":"""",""assigned_by"":""manager""}"
history,R000765,"{""record_id"":""R000765"",""employee_id"":""E0067"",""event_id"":""EV_036"",""date"":""2025-05-12"",""due_date"":"""",""status"":""completed"",""completion_pct"":100,""score"":"""",""feedback_rating"":""5"",""assigned_by"":""self""}"
history,R000766,"{""record_id"":""R000766"",""employee_id"":""E0046"",""event_id"":""EV_032"",""date"":""2025-05-13"",""due_date"":"""",""status"":""dropped"",""completion_pct"":55,""score"":"""",""feedback_rating"":"""",""assigned_by"":""hr""}"
history,R000767,"{""record_id"":""R000767"",""employee_id"":""E0081"",""event_id"":""EV_035"",""date"":""2025-05-13"",""due_date"":"""",""status"":""dropped"",""completion_pct"":30,""score"":"""",""feedback_rating"":""3"",""assigned_by"":""manager""}"
history,R000768,"{""record_id"":""R000768"",""employee_id"":""E0102"",""event_id"":""EV_013"",""date"":""2025-05-14"",""due_date"":"""",""status"":""no_show"",""completion_pct"":0,""score"":"""",""feedback_rating"":"""",""assigned_by"":""self""}"
history,R000769,"{""record_id"":""R000769"",""employee_id"":""E0112"",""event_id"":""EV_008"",""date"":""2025-05-14"",""due_date"":"""",""status"":""completed"",""completion_pct"":100,""score"":"""",""feedback_rating"":""4"",""assigned_by"":""self""}"
history,R000770,"{""record_id"":""R000770"",""employee_id"":""E0098"",""event_id"":""EV_009"",""date"":""2025-05-15"",""due_date"":"""",""status"":""dropped"",""completion_pct"":85,""score"":"""",""feedback_rating"":""1"",""assigned_by"":""self""}"
history,R000771,"{""record_id"":""R000771"",""employee_id"":""E0197"",""event_id"":""EV_008"",""date"":""2025-05-15"",""due_date"":"""",""status"":""completed"",""completion_pct"":100,""score"":"""",""feedback_rating"":""4"",""assigned_by"":""self""}"
history,R000772,"{""record_id"":""R000772"",""employee_id"":""E0021"",""event_id"":""EV_036"",""date"":""2025-05-16"",""due_date"":"""",""status"":""completed"",""completion_pct"":100,""score"":"""",""feedback_rating"":""2"",""assigned_by"":""self""}"
history,R000773,"{""record_id"":""R000773"",""employee_id"":""E0062"",""event_id"":""EV_039"",""date"":""2025-05-16"",""due_date"":"""",""status"":""completed"",""completion_pct"":100,""score"":"""",""feedback_rating"":""4"",""assigned_by"":""manager""}"
history,R000774,"{""record_id"":""R000774"",""employee_id"":""E0075"",""event_id"":""EV_036"",""date"":""2025-05-16"",""due_date"":"""",""status"":""no_show"",""completion_pct"":0,""score"":"""",""feedback_rating"":"""",""assigned_by"":""self""}"
history,R000775,"{""record_id"":""R000775"",""employee_id"":""E0111"",""event_id"":""EV_037"",""date"":""2025-05-16"",""due_date"":"""",""status"":""completed"",""completion_pct"":100,""score"":"""",""feedback_rating"":""5"",""assigned_by"":""self""}"
history,R000776,"{""record_id"":""R000776"",""employee_id"":""E0038"",""event_id"":""EV_026"",""date"":""2025-05-19"",""due_date"":"""",""status"":""completed"",""completion_pct"":100,""score"":"""",""feedback_rating"":""3"",""assigned_by"":""self""}"
history,R000777,"{""record_id"":""R000777"",""employee_id"":""E0087"",""event_id"":""EV_006"",""date"":""2025-05-19"",""due_date"":"""",""status"":""dropped"",""completion_pct"":70,""score"":"""",""feedback_rating"":""3"",""assigned_by"":""self""}"
history,R000778,"{""record_id"":""R000778"",""employee_id"":""E0111"",""event_id"":""EV_040"",""date"":""2025-05-19"",""due_date"":"""",""status"":""completed"",""completion_pct"":100,""score"":"""",""feedback_rating"":""5"",""assigned_by"":""self""}"
history,R000779,"{""record_id"":""R000779"",""employee_id"":""E0170"",""event_id"":""EV_004"",""date"":""2025-05-19"",""due_date"":""2025-05-24"",""status"":""completed"",""completion_pct"":100,""score"":"""",""feedback_rating"":"""",""assigned_by"":""hr""}"
history,R000780,"{""record_id"":""R000780"",""employee_id"":""E0008"",""event_id"":""EV_005"",""date"":""2025-05-21"",""due_date"":"""",""status"":""completed"",""completion_pct"":100,""score"":""79"",""feedback_rating"":""4"",""assigned_by"":""manager""}"
history,R000781,"{""record_id"":""R000781"",""employee_id"":""E0149"",""event_id"":""EV_032"",""date"":""2025-05-21"",""due_date"":"""",""status"":""completed"",""completion_pct"":100,""score"":"""",""feedback_rating"":""5"",""assigned_by"":""self""}"
history,R000782,"{""record_id"":""R000782"",""employee_id"":""E0192"",""event_id"":""EV_040"",""date"":""2025-05-21"",""due_date"":"""",""status"":""completed"",""completion_pct"":100,""score"":"""",""feedback_rating"":""5"",""assigned_by"":""hr""}"
history,R000783,"{""record_id"":""R000783"",""employee_id"":""E0075"",""event_id"":""EV_013"",""date"":""2025-05-22"",""due_date"":"""",""status"":""completed"",""completion_pct"":100,""score"":""96"",""feedback_rating"":""3"",""assigned_by"":""manager""}"
history,R000784,"{""record_id"":""R000784"",""employee_id"":""E0144"",""event_id"":""EV_035"",""date"":""2025-05-22"",""due_date"":"""",""status"":""completed"",""completion_pct"":100,""score"":""77"",""feedback_rating"":""4"",""assigned_by"":""self""}"
history,R000785,"{""record_id"":""R000785"",""employee_id"":""E0149"",""event_id"":""EV_036"",""date"":""2025-05-22"",""due_date"":"""",""status"":""completed"",""completion_pct"":100,""score"":"""",""feedback_rating"":"""",""assigned_by"":""self""}"
history,R000786,"{""record_id"":""R000786"",""employee_id"":""E0017"",""event_id"":""EV_038"",""date"":""2025-05-23"",""due_date"":"""",""status"":""completed"",""completion_pct"":100,""score"":""67"",""feedback_rating"":""3"",""assigned_by"":""self""}"
history,R000787,"{""record_id"":""R000787"",""employee_id"":""E0031"",""event_id"":""EV_001"",""date"":""2025-05-26"",""due_date"":""2025-06-25"",""status"":""completed"",""completion_pct"":100,""score"":""76"",""feedback_rating"":"""",""assigned_by"":""hr""}"
history,R000788,"{""record_id"":""R000788"",""employee_id"":""E0031"",""event_id"":""EV_002"",""date"":""2025-05-26"",""due_date"":""2025-06-25"",""status"":""completed"",""completion_pct"":100,""score"":""73"",""feedback_rating"":"""",""assigned_by"":""hr""}"
history,R000789,"{""record_id"":""R000789"",""employee_id"":""E0031"",""event_id"":""EV_003"",""date"":""2025-05-26"",""due_date"":""2025-06-25"",""status"":""completed"",""completion_pct"":100,""score"":""86"",""feedback_rating"":"""",""assigned_by"":""hr""}"
history,R000790,"{""record_id"":""R000790"",""employee_id"":""E0133"",""event_id"":""EV_034"",""date"":""2025-05-26"",""due_date"":"""",""status"":""dropped"",""completion_pct"":45,""score"":"""",""feedback_rating"":""3"",""assigned_by"":""self""}"
history,R000791,"{""record_id"":""R000791"",""employee_id"":""E0188"",""event_id"":""EV_001"",""date"":""2025-05-26"",""due_date"":""2025-06-25"",""status"":""completed"",""completion_pct"":100,""score"":""86"",""feedback_rating"":"""",""assigned_by"":""hr""}"
history,R000792,"{""record_id"":""R000792"",""employee_id"":""E0188"",""event_id"":""EV_002"",""date"":""2025-05-26"",""due_date"":""2025-06-25"",""status"":""completed"",""completion_pct"":100,""score"":""96"",""feedback_rating"":"""",""assigned_by"":""hr""}"
history,R000793,"{""record_id"":""R000793"",""employee_id"":""E0188"",""event_id"":""EV_003"",""date"":""2025-05-26"",""due_date"":""2025-06-25"",""status"":""completed"",""completion_pct"":100,""score"":""87"",""feedback_rating"":"""",""assigned_by"":""hr""}"
history,R000794,"{""record_id"":""R000794"",""employee_id"":""E0093"",""event_id"":""EV_034"",""date"":""2025-05-27"",""due_date"":"""",""status"":""completed"",""completion_pct"":100,""score"":"""",""feedback_rating"":"""",""assigned_by"":""self""}"
history,R000795,"{""record_id"":""R000795"",""employee_id"":""E0038"",""event_id"":""EV_027"",""date"":""2025-05-28"",""due_date"":"""",""status"":""completed"",""completion_pct"":100,""score"":"""",""feedback_rating"":""4"",""assigned_by"":""manager""}"
history,R000796,"{""record_id"":""R000796"",""employee_id"":""E0075"",""event_id"":""EV_009"",""date"":""2025-05-28"",""due_date"":"""",""status"":""completed"",""completion_pct"":100,""score"":""87"",""feedback_rating"":"""",""assigned_by"":""manager""}"
history,R000797,"{""record_id"":""R000797"",""employee_id"":""E0080"",""event_id"":""EV_038"",""date"":""2025-05-28"",""due_date"":"""",""status"":""no_show"",""completion_pct"":0,""score"":"""",""feedback_rating"":"""",""assigned_by"":""self""}"
history,R000798,"{""record_id"":""R000798"",""employee_id"":""E0163"",""event_id"":""EV_032"",""date"":""2025-05-28"",""due_date"":"""",""status"":""completed"",""completion_pct"":100,""score"":"""",""feedback_rating"":""5"",""assigned_by"":""self""}"
history,R000799,"{""record_id"":""R000799"",""employee_id"":""E0179"",""event_id"":""EV_037"",""date"":""2025-05-28"",""due_date"":"""",""status"":""completed"",""completion_pct"":100,""score"":"""",""feedback_rating"":""3"",""assigned_by"":""manager""}"
history,R000800,"{""record_id"":""R000800"",""employee_id"":""E0005"",""event_id"":""EV_037"",""date"":""2025-05-29"",""due_date"":"""",""status"":""completed"",""completion_pct"":100,""score"":"""",""feedback_rating"":""4"",""assigned_by"":""self""}"
history,R000801,"{""record_id"":""R000801"",""employee_id"":""E0008"",""event_id"":""EV_009"",""date"":""2025-05-29"",""due_date"":"""",""status"":""dropped"",""completion_pct"":20,""score"":"""",""feedback_rating"":"""",""assigned_by"":""self""}"
history,R000802,"{""record_id"":""R000802"",""employee_id"":""E0042"",""event_id"":""EV_036"",""date"":""2025-05-29"",""due_date"":"""",""status"":""completed"",""completion_pct"":100,""score"":"""",""feedback_rating"":""3"",""assigned_by"":""manager""}"
history,R000803,"{""record_id"":""R000803"",""employee_id"":""E0044"",""event_id"":""EV_016"",""date"":""2025-05-29"",""due_date"":"""",""status"":""completed"",""completion_pct"":100,""score"":"""",""feedback_rating"":"""",""assigned_by"":""self""}"
history,R000804,"{""record_id"":""R000804"",""employee_id"":""E0046"",""event_id"":""EV_034"",""date"":""2025-05-29"",""due_date"":"""",""status"":""dropped"",""completion_pct"":25,""score"":"""",""feedback_rating"":"""",""assigned_by"":""self""}"
history,R000805,"{""record_id"":""R000805"",""employee_id"":""E0086"",""event_id"":""EV_001"",""date"":""2025-05-29"",""due_date"":""2025-06-28"",""status"":""completed"",""completion_pct"":100,""score"":""70"",""feedback_rating"":"""",""assigned_by"":""hr""}"
history,R000806,"{""record_id"":""R000806"",""employee_id"":""E0086"",""event_id"":""EV_002"",""date"":""2025-05-29"",""due_date"":""2025-06-28"",""status"":""completed"",""completion_pct"":100,""score"":""90"",""feedback_rating"":"""",""assigned_by"":""hr""}"
history,R000807,"{""record_id"":""R000807"",""employee_id"":""E0086"",""event_id"":""EV_003"",""date"":""2025-05-29"",""due_date"":""2025-06-28"",""status"":""completed"",""completion_pct"":100,""score"":""70"",""feedback_rating"":"""",""assigned_by"":""hr""}"
history,R000808,"{""record_id"":""R000808"",""employee_id"":""E0170"",""event_id"":""EV_017"",""date"":""2025-05-29"",""due_date"":"""",""status"":""dropped"",""completion_pct"":65,""score"":"""",""feedback_rating"":"""",""assigned_by"":""self""}"
history,R000809,"{""record_id"":""R000809"",""employee_id"":""E0186"",""event_id"":""EV_005"",""date"":""2025-05-29"",""due_date"":"""",""status"":""dropped"",""completion_pct"":45,""score"":"""",""feedback_rating"":"""",""assigned_by"":""self""}"
history,R000810,"{""record_id"":""R000810"",""employee_id"":""E0189"",""event_id"":""EV_018"",""date"":""2025-05-29"",""due_date"":"""",""status"":""completed"",""completion_pct"":100,""score"":""66"",""feedback_rating"":""5"",""assigned_by"":""self""}"
history,R000811,"{""record_id"":""R000811"",""employee_id"":""E0109"",""event_id"":""EV_037"",""date"":""2025-05-30"",""due_date"":"""",""status"":""completed"",""completion_pct"":100,""score"":"""",""feedback_rating"":""5"",""assigned_by"":""self""}"
history,R000812,"{""record_id"":""R000812"",""employee_id"":""E0123"",""event_id"":""EV_005"",""date"":""2025-05-30"",""due_date"":"""",""status"":""dropped"",""completion_pct"":40,""score"":"""",""feedback_rating"":"""",""assigned_by"":""self""}"
history,R000813,"{""record_id"":""R000813"",""employee_id"":""E0002"",""event_id"":""EV_003"",""date"":""2025-06-02"",""due_date"":""2025-07-02"",""status"":""completed"",""completion_pct"":100,""score"":""97"",""feedback_rating"":"""",""assigned_by"":""hr""}"
history,R000814,"{""record_id"":""R000814"",""employee_id"":""E0002"",""event_id"":""EV_012"",""date"":""2025-06-02"",""due_date"":"""",""status"":""completed"",""completion_pct"":100,""score"":""91"",""feedback_rating"":""4"",""assigned_by"":""self""}"
history,R000815,"{""record_id"":""R000815"",""employee_id"":""E0003"",""event_id"":""EV_003"",""date"":""2025-06-02"",""due_date"":""2025-07-02"",""status"":""completed"",""completion_pct"":100,""score"":""82"",""feedback_rating"":"""",""assigned_by"":""hr""}"
history,R000816,"{""record_id"":""R000816"",""employee_id"":""E0004"",""event_id"":""EV_003"",""date"":""2025-06-02"",""due_date"":""2025-07-02"",""status"":""completed"",""completion_pct"":100,""score"":""74"",""feedback_rating"":"""",""assigned_by"":""hr""}"
history,R000817,"{""record_id"":""R000817"",""employee_id"":""E0005"",""event_id"":""EV_003"",""date"":""2025-06-02"",""due_date"":""2025-07-02"",""status"":""completed"",""completion_pct"":100,""score"":""87"",""feedback_rating"":"""",""assigned_by"":""hr""}"
history,R000818,"{""record_id"":""R000818"",""employee_id"":""E0006"",""event_id"":""EV_003"",""date"":""2025-06-02"",""due_date"":""2025-07-02"",""status"":""completed"",""completion_pct"":100,""score"":""95"",""feedback_rating"":"""",""assigned_by"":""hr""}"
history,R000819,"{""record_id"":""R000819"",""employee_id"":""E0007"",""event_id"":""EV_003"",""date"":""2025-06-02"",""due_date"":""2025-07-02"",""status"":""completed"",""completion_pct"":100,""score"":""85"",""feedback_rating"":"""",""assigned_by"":""hr""}"
history,R000820,"{""record_id"":""R000820"",""employee_id"":""E0007"",""event_id"":""EV_038"",""date"":""2025-06-02"",""due_date"":"""",""status"":""no_show"",""completion_pct"":0,""score"":"""",""feedback_rating"":"""",""assigned_by"":""self""}"
history,R000821,"{""record_id"":""R000821"",""employee_id"":""E0008"",""event_id"":""EV_003"",""date"":""2025-06-02"",""due_date"":""2025-07-02"",""status"":""completed"",""completion_pct"":100,""score"":""83"",""feedback_rating"":"""",""assigned_by"":""hr""}"
history,R000822,"{""record_id"":""R000822"",""employee_id"":""E0010"",""event_id"":""EV_003"",""date"":""2025-06-02"",""due_date"":""2025-07-02"",""status"":""completed"",""completion_pct"":100,""score"":""83"",""feedback_rating"":"""",""assigned_by"":""hr""}"
history,R000823,"{""record_id"":""R000823"",""employee_id"":""E0011"",""event_id"":""EV_003"",""date"":""2025-06-02"",""due_date"":""2025-07-02"",""status"":""completed"",""completion_pct"":100,""score"":""89"",""feedback_rating"":"""",""assigned_by"":""hr""}"
history,R000824,"{""record_id"":""R000824"",""employee_id"":""E0012"",""event_id"":""EV_003"",""date"":""2025-06-02"",""due_date"":""2025-07-02"",""status"":""completed"",""completion_pct"":100,""score"":""75"",""feedback_rating"":"""",""assigned_by"":""hr""}"
history,R000825,"{""record_id"":""R000825"",""employee_id"":""E0013"",""event_id"":""EV_003"",""date"":""2025-06-02"",""due_date"":""2025-07-02"",""status"":""completed"",""completion_pct"":100,""score"":""80"",""feedback_rating"":"""",""assigned_by"":""hr""}"
history,R000826,"{""record_id"":""R000826"",""employee_id"":""E0014"",""event_id"":""EV_003"",""date"":""2025-06-02"",""due_date"":""2025-07-02"",""status"":""completed"",""completion_pct"":100,""score"":""95"",""feedback_rating"":"""",""assigned_by"":""hr""}"
history,R000827,"{""record_id"":""R000827"",""employee_id"":""E0015"",""event_id"":""EV_003"",""date"":""2025-06-02"",""due_date"":""2025-07-02"",""status"":""completed"",""completion_pct"":100,""score"":""70"",""feedback_rating"":"""",""assigned_by"":""hr""}"
history,R000828,"{""record_id"":""R000828"",""employee_id"":""E0017"",""event_id"":""EV_003"",""date"":""2025-06-02"",""due_date"":""2025-07-02"",""status"":""completed"",""completion_pct"":100,""score"":""99"",""feedback_rating"":"""",""assigned_by"":""hr""}"
history,R000829,"{""record_id"":""R000829"",""employee_id"":""E0018"",""event_id"":""EV_003"",""date"":""2025-06-02"",""due_date"":""2025-07-02"",""status"":""completed"",""completion_pct"":100,""score"":""79"",""feedback_rating"":"""",""assigned_by"":""hr""}"
history,R000830,"{""record_id"":""R000830"",""employee_id"":""E0020"",""event_id"":""EV_003"",""date"":""2025-06-02"",""due_date"":""2025-07-02"",""status"":""completed"",""completion_pct"":100,""score"":""89"",""feedback_rating"":"""",""assigned_by"":""hr""}"
history,R000831,"{""record_id"":""R000831"",""employee_id"":""E0021"",""event_id"":""EV_003"",""date"":""2025-06-02"",""due_date"":""2025-07-02"",""status"":""completed"",""completion_pct"":100,""score"":""91"",""feedback_rating"":"""",""assigned_by"":""hr""}"
history,R000832,"{""record_id"":""R000832"",""employee_id"":""E0023"",""event_id"":""EV_003"",""date"":""2025-06-02"",""due_date"":""2025-07-02"",""status"":""completed"",""completion_pct"":100,""score"":""85"",""feedback_rating"":"""",""assigned_by"":""hr""}"
history,R000833,"{""record_id"":""R000833"",""employee_id"":""E0025"",""event_id"":""EV_003"",""date"":""2025-06-02"",""due_date"":""2025-07-02"",""status"":""completed"",""completion_pct"":100,""score"":""86"",""feedback_rating"":"""",""assigned_by"":""hr""}"
history,R000834,"{""record_id"":""R000834"",""employee_id"":""E0026"",""event_id"":""EV_003"",""date"":""2025-06-02"",""due_date"":""2025-07-02"",""status"":""completed"",""completion_pct"":100,""score"":""93"",""feedback_rating"":"""",""assigned_by"":""hr""}"
history,R000835,"{""record_id"":""R000835"",""employee_id"":""E0028"",""event_id"":""EV_003"",""date"":""2025-06-02"",""due_date"":""2025-07-02"",""status"":""completed"",""completion_pct"":100,""score"":""80"",""feedback_rating"":"""",""assigned_by"":""hr""}"
history,R000836,"{""record_id"":""R000836"",""employee_id"":""E0030"",""event_id"":""EV_003"",""date"":""2025-06-02"",""due_date"":""2025-07-02"",""status"":""completed"",""completion_pct"":100,""score"":""97"",""feedback_rating"":"""",""assigned_by"":""hr""}"
history,R000837,"{""record_id"":""R000837"",""employee_id"":""E0032"",""event_id"":""EV_003"",""date"":""2025-06-02"",""due_date"":""2025-07-02"",""status"":""completed"",""completion_pct"":100,""score"":""78"",""feedback_rating"":"""",""assigned_by"":""hr""}"
history,R000838,"{""record_id"":""R000838"",""employee_id"":""E0035"",""event_id"":""EV_003"",""date"":""2025-06-02"",""due_date"":""2025-07-02"",""status"":""completed"",""completion_pct"":100,""score"":""88"",""feedback_rating"":"""",""assigned_by"":""hr""}"
history,R000839,"{""record_id"":""R000839"",""employee_id"":""E0037"",""event_id"":""EV_003"",""date"":""2025-06-02"",""due_date"":""2025-07-02"",""status"":""completed"",""completion_pct"":100,""score"":""99"",""feedback_rating"":"""",""assigned_by"":""hr""}"
history,R000840,"{""record_id"":""R000840"",""employee_id"":""E0038"",""event_id"":""EV_003"",""date"":""2025-06-02"",""due_date"":""2025-07-02"",""status"":""completed"",""completion_pct"":100,""score"":""80"",""feedback_rating"":"""",""assigned_by"":""hr""}"
history,R000841,"{""record_id"":""R000841"",""employee_id"":""E0039"",""event_id"":""EV_003"",""date"":""2025-06-02"",""due_date"":""2025-07-02"",""status"":""completed"",""completion_pct"":100,""score"":""75"",""feedback_rating"":"""",""assigned_by"":""hr""}"
history,R000842,"{""record_id"":""R000842"",""employee_id"":""E0041"",""event_id"":""EV_003"",""date"":""2025-06-02"",""due_date"":""2025-07-02"",""status"":""completed"",""completion_pct"":100,""score"":""75"",""feedback_rating"":"""",""assigned_by"":""hr""}"
history,R000843,"{""record_id"":""R000843"",""employee_id"":""E0042"",""event_id"":""EV_003"",""date"":""2025-06-02"",""due_date"":""2025-07-02"",""status"":""completed"",""completion_pct"":100,""score"":""91"",""feedback_rating"":"""",""assigned_by"":""hr""}"
history,R000844,"{""record_id"":""R000844"",""employee_id"":""E0043"",""event_id"":""EV_003"",""date"":""2025-06-02"",""due_date"":""2025-07-02"",""status"":""completed"",""completion_pct"":100,""score"":""83"",""feedback_rating"":"""",""assigned_by"":""hr""}"
history,R000845,"{""record_id"":""R000845"",""employee_id"":""E0044"",""event_id"":""EV_003"",""date"":""2025-06-02"",""due_date"":""2025-07-02"",""status"":""completed"",""completion_pct"":100,""score"":""79"",""feedback_rating"":"""",""assigned_by"":""hr""}"
history,R000846,"{""record_id"":""R000846"",""employee_id"":""E0046"",""event_id"":""EV_003"",""date"":""2025-06-02"",""due_date"":""2025-07-02"",""status"":""completed"",""completion_pct"":100,""score"":""90"",""feedback_rating"":"""",""assigned_by"":""hr""}"
history,R000847,"{""record_id"":""R000847"",""employee_id"":""E0047"",""event_id"":""EV_003"",""date"":""2025-06-02"",""due_date"":""2025-07-02"",""status"":""completed"",""completion_pct"":100,""score"":""73"",""feedback_rating"":"""",""assigned_by"":""hr""}"
history,R000848,"{""record_id"":""R000848"",""employee_id"":""E0048"",""event_id"":""EV_003"",""date"":""2025-06-02"",""due_date"":""2025-07-02"",""status"":""completed"",""completion_pct"":100,""score"":""76"",""feedback_rating"":"""",""assigned_by"":""hr""}"
history,R000849,"{""record_id"":""R000849"",""employee_id"":""E0050"",""event_id"":""EV_003"",""date"":""2025-06-02"",""due_date"":""2025-07-02"",""status"":""completed"",""completion_pct"":100,""score"":""94"",""feedback_rating"":"""",""assigned_by"":""hr""}"
history,R000850,"{""record_id"":""R000850"",""employee_id"":""E0051"",""event_id"":""EV_003"",""date"":""2025-06-02"",""due_date"":""2025-07-02"",""status"":""completed"",""completion_pct"":100,""score"":""98"",""feedback_rating"":"""",""assigned_by"":""hr""}"
history,R000851,"{""record_id"":""R000851"",""employee_id"":""E0052"",""event_id"":""EV_003"",""date"":""2025-06-02"",""due_date"":""2025-07-02"",""status"":""completed"",""completion_pct"":100,""score"":""90"",""feedback_rating"":"""",""assigned_by"":""hr""}"
history,R000852,"{""record_id"":""R000852"",""employee_id"":""E0053"",""event_id"":""EV_003"",""date"":""2025-06-02"",""due_date"":""2025-07-02"",""status"":""completed"",""completion_pct"":100,""score"":""91"",""feedback_rating"":"""",""assigned_by"":""hr""}"
history,R000853,"{""record_id"":""R000853"",""employee_id"":""E0054"",""event_id"":""EV_003"",""date"":""2025-06-02"",""due_date"":""2025-07-02"",""status"":""completed"",""completion_pct"":100,""score"":""90"",""feedback_rating"":"""",""assigned_by"":""hr""}"
history,R000854,"{""record_id"":""R000854"",""employee_id"":""E0055"",""event_id"":""EV_003"",""date"":""2025-06-02"",""due_date"":""2025-07-02"",""status"":""completed"",""completion_pct"":100,""score"":""73"",""feedback_rating"":"""",""assigned_by"":""hr""}"
history,R000855,"{""record_id"":""R000855"",""employee_id"":""E0056"",""event_id"":""EV_003"",""date"":""2025-06-02"",""due_date"":""2025-07-02"",""status"":""completed"",""completion_pct"":100,""score"":""80"",""feedback_rating"":"""",""assigned_by"":""hr""}"
history,R000856,"{""record_id"":""R000856"",""employee_id"":""E0057"",""event_id"":""EV_003"",""date"":""2025-06-02"",""due_date"":""2025-07-02"",""status"":""completed"",""completion_pct"":100,""score"":""70"",""feedback_rating"":"""",""assigned_by"":""hr""}"
history,R000857,"{""record_id"":""R000857"",""employee_id"":""E0059"",""event_id"":""EV_003"",""date"":""2025-06-02"",""due_date"":""2025-07-02"",""status"":""completed"",""completion_pct"":100,""score"":""84"",""feedback_rating"":"""",""assigned_by"":""hr""}"
history,R000858,"{""record_id"":""R000858"",""employee_id"":""E0060"",""event_id"":""EV_003"",""date"":""2025-06-02"",""due_date"":""2025-07-02"",""status"":""completed"",""completion_pct"":100,""score"":""71"",""feedback_rating"":"""",""assigned_by"":""hr""}"
history,R000859,"{""record_id"":""R000859"",""employee_id"":""E0061"",""event_id"":""EV_003"",""date"":""2025-06-02"",""due_date"":""2025-07-02"",""status"":""completed"",""completion_pct"":100,""score"":""93"",""feedback_rating"":"""",""assigned_by"":""hr""}"
history,R000860,"{""record_id"":""R000860"",""employee_id"":""E0062"",""event_id"":""EV_003"",""date"":""2025-06-02"",""due_date"":""2025-07-02"",""status"":""completed"",""completion_pct"":100,""score"":""83"",""feedback_rating"":"""",""assigned_by"":""hr""}"
history,R000861,"{""record_id"":""R000861"",""employee_id"":""E0063"",""event_id"":""EV_003"",""date"":""2025-06-02"",""due_date"":""2025-07-02"",""status"":""completed"",""completion_pct"":100,""score"":""93"",""feedback_rating"":"""",""assigned_by"":""hr""}"
history,R000862,"{""record_id"":""R000862"",""employee_id"":""E0064"",""event_id"":""EV_003"",""date"":""2025-06-02"",""due_date"":""2025-07-02"",""status"":""completed"",""completion_pct"":100,""score"":""70"",""feedback_rating"":"""",""assigned_by"":""hr""}"
history,R000863,"{""record_id"":""R000863"",""employee_id"":""E0065"",""event_id"":""EV_003"",""date"":""2025-06-02"",""due_date"":""2025-07-02"",""status"":""completed"",""completion_pct"":100,""score"":""89"",""feedback_rating"":"""",""assigned_by"":""hr""}"
history,R000864,"{""record_id"":""R000864"",""employee_id"":""E0066"",""event_id"":""EV_003"",""date"":""2025-06-02"",""due_date"":""2025-07-02"",""status"":""completed"",""completion_pct"":100,""score"":""73"",""feedback_rating"":"""",""assigned_by"":""hr""}"
history,R000865,"{""record_id"":""R000865"",""employee_id"":""E0067"",""event_id"":""EV_003"",""date"":""2025-06-02"",""due_date"":""2025-07-02"",""status"":""completed"",""completion_pct"":100,""score"":""83"",""feedback_rating"":"""",""assigned_by"":""hr""}"
history,R000866,"{""record_id"":""R000866"",""employee_id"":""E0069"",""event_id"":""EV_003"",""date"":""2025-06-02"",""due_date"":""2025-07-02"",""status"":""completed"",""completion_pct"":100,""score"":""83"",""feedback_rating"":"""",""assigned_by"":""hr""}"
history,R000867,"{""record_id"":""R000867"",""employee_id"":""E0070"",""event_id"":""EV_003"",""date"":""2025-06-02"",""due_date"":""2025-07-02"",""status"":""completed"",""completion_pct"":100,""score"":""72"",""feedback_rating"":"""",""assigned_by"":""hr""}"
history,R000868,"{""record_id"":""R000868"",""employee_id"":""E0071"",""event_id"":""EV_003"",""date"":""2025-06-02"",""due_date"":""2025-07-02"",""status"":""completed"",""completion_pct"":100,""score"":""74"",""feedback_rating"":"""",""assigned_by"":""hr""}"
history,R000869,"{""record_id"":""R000869"",""employee_id"":""E0072"",""event_id"":""EV_003"",""date"":""2025-06-02"",""due_date"":""2025-07-02"",""status"":""completed"",""completion_pct"":100,""score"":""97"",""feedback_rating"":"""",""assigned_by"":""hr""}"
history,R000870,"{""record_id"":""R000870"",""employee_id"":""E0073"",""event_id"":""EV_003"",""date"":""2025-06-02"",""due_date"":""2025-07-02"",""status"":""completed"",""completion_pct"":100,""score"":""75"",""feedback_rating"":"""",""assigned_by"":""hr""}"
history,R000871,"{""record_id"":""R000871"",""employee_id"":""E0074"",""event_id"":""EV_003"",""date"":""2025-06-02"",""due_date"":""2025-07-02"",""status"":""completed"",""completion_pct"":100,""score"":""84"",""feedback_rating"":"""",""assigned_by"":""hr""}"
history,R000872,"{""record_id"":""R000872"",""employee_id"":""E0075"",""event_id"":""EV_003"",""date"":""2025-06-02"",""due_date"":""2025-07-02"",""status"":""completed"",""completion_pct"":100,""score"":""93"",""feedback_rating"":"""",""assigned_by"":""hr""}"
history,R000873,"{""record_id"":""R000873"",""employee_id"":""E0078"",""event_id"":""EV_003"",""date"":""2025-06-02"",""due_date"":""2025-07-02"",""status"":""completed"",""completion_pct"":100,""score"":""89"",""feedback_rating"":"""",""assigned_by"":""hr""}"
history,R000874,"{""record_id"":""R000874"",""employee_id"":""E0079"",""event_id"":""EV_003"",""date"":""2025-06-02"",""due_date"":""2025-07-02"",""status"":""completed"",""completion_pct"":100,""score"":""78"",""feedback_rating"":"""",""assigned_by"":""hr""}"
history,R000875,"{""record_id"":""R000875"",""employee_id"":""E0080"",""event_id"":""EV_003"",""date"":""2025-06-02"",""due_date"":""2025-07-02"",""status"":""completed"",""completion_pct"":100,""score"":""83"",""feedback_rating"":"""",""assigned_by"":""hr""}"
history,R000876,"{""record_id"":""R000876"",""employee_id"":""E0081"",""event_id"":""EV_003"",""date"":""2025-06-02"",""due_date"":""2025-07-02"",""status"":""completed"",""completion_pct"":100,""score"":""85"",""feedback_rating"":"""",""assigned_by"":""hr""}"
history,R000877,"{""record_id"":""R000877"",""employee_id"":""E0085"",""event_id"":""EV_003"",""date"":""2025-06-02"",""due_date"":""2025-07-02"",""status"":""completed"",""completion_pct"":100,""score"":""99"",""feedback_rating"":"""",""assigned_by"":""hr""}"
history,R000878,"{""record_id"":""R000878"",""employee_id"":""E0088"",""event_id"":""EV_003"",""date"":""2025-06-02"",""due_date"":""2025-07-02"",""status"":""completed"",""completion_pct"":100,""score"":""97"",""feedback_rating"":"""",""assigned_by"":""hr""}"
history,R000879,"{""record_id"":""R000879"",""employee_id"":""E0091"",""event_id"":""EV_003"",""date"":""2025-06-02"",""due_date"":""2025-07-02"",""status"":""completed"",""completion_pct"":100,""score"":""82"",""feedback_rating"":"""",""assigned_by"":""hr""}"
history,R000880,"{""record_id"":""R000880"",""employee_id"":""E0092"",""event_id"":""EV_003"",""date"":""2025-06-02"",""due_date"":""2025-07-02"",""status"":""completed"",""completion_pct"":100,""score"":""87"",""feedback_rating"":"""",""assigned_by"":""hr""}"
history,R000881,"{""record_id"":""R000881"",""employee_id"":""E0093"",""event_id"":""EV_003"",""date"":""2025-06-02"",""due_date"":""2025-07-02"",""status"":""completed"",""completion_pct"":100,""score"":""87"",""feedback_rating"":"""",""assigned_by"":""hr""}"
history,R000882,"{""record_id"":""R000882"",""employee_id"":""E0094"",""event_id"":""EV_003"",""date"":""2025-06-02"",""due_date"":""2025-07-02"",""status"":""completed"",""completion_pct"":100,""score"":""82"",""feedback_rating"":"""",""assigned_by"":""hr""}"
history,R000883,"{""record_id"":""R000883"",""employee_id"":""E0095"",""event_id"":""EV_003"",""date"":""2025-06-02"",""due_date"":""2025-07-02"",""status"":""completed"",""completion_pct"":100,""score"":""90"",""feedback_rating"":"""",""assigned_by"":""hr""}"
history,R000884,"{""record_id"":""R000884"",""employee_id"":""E0097"",""event_id"":""EV_003"",""date"":""2025-06-02"",""due_date"":""2025-07-02"",""status"":""completed"",""completion_pct"":100,""score"":""83"",""feedback_rating"":"""",""assigned_by"":""hr""}"
history,R000885,"{""record_id"":""R000885"",""employee_id"":""E0098"",""event_id"":""EV_003"",""date"":""2025-06-02"",""due_date"":""2025-07-02"",""status"":""completed"",""completion_pct"":100,""score"":""94"",""feedback_rating"":"""",""assigned_by"":""hr""}"
history,R000886,"{""record_id"":""R000886"",""employee_id"":""E0099"",""event_id"":""EV_003"",""date"":""2025-06-02"",""due_date"":""2025-07-02"",""status"":""completed"",""completion_pct"":100,""score"":""72"",""feedback_rating"":"""",""assigned_by"":""hr""}"
history,R000887,"{""record_id"":""R000887"",""employee_id"":""E0100"",""event_id"":""EV_003"",""date"":""2025-06-02"",""due_date"":""2025-07-02"",""status"":""completed"",""completion_pct"":100,""score"":""71"",""feedback_rating"":"""",""assigned_by"":""hr""}"
history,R000888,"{""record_id"":""R000888"",""employee_id"":""E0102"",""event_id"":""EV_003"",""date"":""2025-06-02"",""due_date"":""2025-07-02"",""status"":""completed"",""completion_pct"":100,""score"":""90"",""feedback_rating"":"""",""assigned_by"":""hr""}"
history,R000889,"{""record_id"":""R000889"",""employee_id"":""E0103"",""event_id"":""EV_003"",""date"":""2025-06-02"",""due_date"":""2025-07-02"",""status"":""completed"",""completion_pct"":100,""score"":""100"",""feedback_rating"":"""",""assigned_by"":""hr""}"
history,R000890,"{""record_id"":""R000890"",""employee_id"":""E0105"",""event_id"":""EV_003"",""date"":""2025-06-02"",""due_date"":""2025-07-02"",""status"":""completed"",""completion_pct"":100,""score"":""92"",""feedback_rating"":"""",""assigned_by"":""hr""}"
history,R000891,"{""record_id"":""R000891"",""employee_id"":""E0106"",""event_id"":""EV_003"",""date"":""2025-06-02"",""due_date"":""2025-07-02"",""status"":""completed"",""completion_pct"":100,""score"":""97"",""feedback_rating"":"""",""assigned_by"":""hr""}"
history,R000892,"{""record_id"":""R000892"",""employee_id"":""E0107"",""event_id"":""EV_003"",""date"":""2025-06-02"",""due_date"":""2025-07-02"",""status"":""completed"",""completion_pct"":100,""score"":""84"",""feedback_rating"":"""",""assigned_by"":""hr""}"
history,R000893,"{""record_id"":""R000893"",""employee_id"":""E0108"",""event_id"":""EV_003"",""date"":""2025-06-02"",""due_date"":""2025-07-02"",""status"":""completed"",""completion_pct"":100,""score"":""84"",""feedback_rating"":"""",""assigned_by"":""hr""}"
history,R000894,"{""record_id"":""R000894"",""employee_id"":""E0109"",""event_id"":""EV_003"",""date"":""2025-06-02"",""due_date"":""2025-07-02"",""status"":""completed"",""completion_pct"":100,""score"":""79"",""feedback_rating"":"""",""assigned_by"":""hr""}"
history,R000895,"{""record_id"":""R000895"",""employee_id"":""E0111"",""event_id"":""EV_003"",""date"":""2025-06-02"",""due_date"":""2025-07-02"",""status"":""completed"",""completion_pct"":100,""score"":""95"",""feedback_rating"":"""",""assigned_by"":""hr""}"
history,R000896,"{""record_id"":""R000896"",""employee_id"":""E0112"",""event_id"":""EV_003"",""date"":""2025-06-02"",""due_date"":""2025-07-02"",""status"":""completed"",""completion_pct"":100,""score"":""99"",""feedback_rating"":"""",""assigned_by"":""hr""}"
history,R000897,"{""record_id"":""R000897"",""employee_id"":""E0114"",""event_id"":""EV_003"",""date"":""2025-06-02"",""due_date"":""2025-07-02"",""status"":""completed"",""completion_pct"":100,""score"":""87"",""feedback_rating"":"""",""assigned_by"":""hr""}"
history,R000898,"{""record_id"":""R000898"",""employee_id"":""E0118"",""event_id"":""EV_003"",""date"":""2025-06-02"",""due_date"":""2025-07-02"",""status"":""completed"",""completion_pct"":100,""score"":""70"",""feedback_rating"":"""",""assigned_by"":""hr""}"
history,R000899,"{""record_id"":""R000899"",""employee_id"":""E0120"",""event_id"":""EV_003"",""date"":""2025-06-02"",""due_date"":""2025-07-02"",""status"":""completed"",""completion_pct"":100,""score"":""85"",""feedback_rating"":"""",""assigned_by"":""hr""}"
history,R000900,"{""record_id"":""R000900"",""employee_id"":""E0122"",""event_id"":""EV_003"",""date"":""2025-06-02"",""due_date"":""2025-07-02"",""status"":""completed"",""completion_pct"":100,""score"":""93"",""feedback_rating"":"""",""assigned_by"":""hr""}"
history,R000901,"{""record_id"":""R000901"",""employee_id"":""E0123"",""event_id"":""EV_003"",""date"":""2025-06-02"",""due_date"":""2025-07-02"",""status"":""completed"",""completion_pct"":100,""score"":""77"",""feedback_rating"":"""",""assigned_by"":""hr""}"
history,R000902,"{""record_id"":""R000902"",""employee_id"":""E0127"",""event_id"":""EV_003"",""date"":""2025-06-02"",""due_date"":""2025-07-02"",""status"":""completed"",""completion_pct"":100,""score"":""74"",""feedback_rating"":"""",""assigned_by"":""hr""}"
history,R000903,"{""record_id"":""R000903"",""employee_id"":""E0128"",""event_id"":""EV_003"",""date"":""2025-06-02"",""due_date"":""2025-07-02"",""status"":""completed"",""completion_pct"":100,""score"":""80"",""feedback_rating"":"""",""assigned_by"":""hr""}"
history,R000904,"{""record_id"":""R000904"",""employee_id"":""E0130"",""event_id"":""EV_003"",""date"":""2025-06-02"",""due_date"":""2025-07-02"",""status"":""completed"",""completion_pct"":100,""score"":""96"",""feedback_rating"":"""",""assigned_by"":""hr""}"
history,R000905,"{""record_id"":""R000905"",""employee_id"":""E0131"",""event_id"":""EV_003"",""date"":""2025-06-02"",""due_date"":""2025-07-02"",""status"":""completed"",""completion_pct"":100,""score"":""96"",""feedback_rating"":"""",""assigned_by"":""hr""}"
history,R000906,"{""record_id"":""R000906"",""employee_id"":""E0132"",""event_id"":""EV_003"",""date"":""2025-06-02"",""due_date"":""2025-07-02"",""status"":""completed"",""completion_pct"":100,""score"":""73"",""feedback_rating"":"""",""assigned_by"":""hr""}"
history,R000907,"{""record_id"":""R000907"",""employee_id"":""E0133"",""event_id"":""EV_003"",""date"":""2025-06-02"",""due_date"":""2025-07-02"",""status"":""completed"",""completion_pct"":100,""score"":""100"",""feedback_rating"":"""",""assigned_by"":""hr""}"
history,R000908,"{""record_id"":""R000908"",""employee_id"":""E0134"",""event_id"":""EV_003"",""date"":""2025-06-02"",""due_date"":""2025-07-02"",""status"":""completed"",""completion_pct"":100,""score"":""89"",""feedback_rating"":"""",""assigned_by"":""hr""}"
history,R000909,"{""record_id"":""R000909"",""employee_id"":""E0136"",""event_id"":""EV_003"",""date"":""2025-06-02"",""due_date"":""2025-07-02"",""status"":""completed"",""completion_pct"":100,""score"":""92"",""feedback_rating"":"""",""assigned_by"":""hr""}"
history,R000910,"{""record_id"":""R000910"",""employee_id"":""E0138"",""event_id"":""EV_003"",""date"":""2025-06-02"",""due_date"":""2025-07-02"",""status"":""completed"",""completion_pct"":100,""score"":""89"",""feedback_rating"":"""",""assigned_by"":""hr""}"
history,R000911,"{""record_id"":""R000911"",""employee_id"":""E0140"",""event_id"":""EV_003"",""date"":""2025-06-02"",""due_date"":""2025-07-02"",""status"":""completed"",""completion_pct"":100,""score"":""71"",""feedback_rating"":"""",""assigned_by"":""hr""}"
history,R000912,"{""record_id"":""R000912"",""employee_id"":""E0143"",""event_id"":""EV_003"",""date"":""2025-06-02"",""due_date"":""2025-07-02"",""status"":""completed"",""completion_pct"":100,""score"":""82"",""feedback_rating"":"""",""assigned_by"":""hr""}"
history,R000913,"{""record_id"":""R000913"",""employee_id"":""E0144"",""event_id"":""EV_003"",""date"":""2025-06-02"",""due_date"":""2025-07-02"",""status"":""completed"",""completion_pct"":100,""score"":""96"",""feedback_rating"":"""",""assigned_by"":""hr""}"
history,R000914,"{""record_id"":""R000914"",""employee_id"":""E0145"",""event_id"":""EV_003"",""date"":""2025-06-02"",""due_date"":""2025-07-02"",""status"":""completed"",""completion_pct"":100,""score"":""71"",""feedback_rating"":"""",""assigned_by"":""hr""}"
history,R000915,"{""record_id"":""R000915"",""employee_id"":""E0147"",""event_id"":""EV_003"",""date"":""2025-06-02"",""due_date"":""2025-07-02"",""status"":""completed"",""completion_pct"":100,""score"":""70"",""feedback_rating"":"""",""assigned_by"":""hr""}"
history,R000916,"{""record_id"":""R000916"",""employee_id"":""E0148"",""event_id"":""EV_003"",""date"":""2025-06-02"",""due_date"":""2025-07-02"",""status"":""completed"",""completion_pct"":100,""score"":""73"",""feedback_rating"":"""",""assigned_by"":""hr""}"
history,R000917,"{""record_id"":""R000917"",""employee_id"":""E0149"",""event_id"":""EV_003"",""date"":""2025-06-02"",""due_date"":""2025-07-02"",""status"":""completed"",""completion_pct"":100,""score"":""82"",""feedback_rating"":"""",""assigned_by"":""hr""}"
history,R000918,"{""record_id"":""R000918"",""employee_id"":""E0150"",""event_id"":""EV_003"",""date"":""2025-06-02"",""due_date"":""2025-07-02"",""status"":""completed"",""completion_pct"":100,""score"":""76"",""feedback_rating"":"""",""assigned_by"":""hr""}"
history,R000919,"{""record_id"":""R000919"",""employee_id"":""E0153"",""event_id"":""EV_003"",""date"":""2025-06-02"",""due_date"":""2025-07-02"",""status"":""completed"",""completion_pct"":100,""score"":""98"",""feedback_rating"":"""",""assigned_by"":""hr""}"
history,R000920,"{""record_id"":""R000920"",""employee_id"":""E0154"",""event_id"":""EV_003"",""date"":""2025-06-02"",""due_date"":""2025-07-02"",""status"":""completed"",""completion_pct"":100,""score"":""89"",""feedback_rating"":"""",""assigned_by"":""hr""}"
history,R000921,"{""record_id"":""R000921"",""employee_id"":""E0155"",""event_id"":""EV_003"",""date"":""2025-06-02"",""due_date"":""2025-07-02"",""status"":""completed"",""completion_pct"":100,""score"":""85"",""feedback_rating"":"""",""assigned_by"":""hr""}"
history,R000922,"{""record_id"":""R000922"",""employee_id"":""E0158"",""event_id"":""EV_003"",""date"":""2025-06-02"",""due_date"":""2025-07-02"",""status"":""completed"",""completion_pct"":100,""score"":""75"",""feedback_rating"":"""",""assigned_by"":""hr""}"
history,R000923,"{""record_id"":""R000923"",""employee_id"":""E0160"",""event_id"":""EV_003"",""date"":""2025-06-02"",""due_date"":""2025-07-02"",""status"":""completed"",""completion_pct"":100,""score"":""74"",""feedback_rating"":"""",""assigned_by"":""hr""}"
history,R000924,"{""record_id"":""R000924"",""employee_id"":""E0161"",""event_id"":""EV_003"",""date"":""2025-06-02"",""due_date"":""2025-07-02"",""status"":""completed"",""completion_pct"":100,""score"":""74"",""feedback_rating"":"""",""assigned_by"":""hr""}"
history,R000925,"{""record_id"":""R000925"",""employee_id"":""E0162"",""event_id"":""EV_003"",""date"":""2025-06-02"",""due_date"":""2025-07-02"",""status"":""completed"",""completion_pct"":100,""score"":""100"",""feedback_rating"":"""",""assigned_by"":""hr""}"
history,R000926,"{""record_id"":""R000926"",""employee_id"":""E0163"",""event_id"":""EV_003"",""date"":""2025-06-02"",""due_date"":""2025-07-02"",""status"":""completed"",""completion_pct"":100,""score"":""85"",""feedback_rating"":"""",""assigned_by"":""hr""}"
history,R000927,"{""record_id"":""R000927"",""employee_id"":""E0164"",""event_id"":""EV_003"",""date"":""2025-06-02"",""due_date"":""2025-07-02"",""status"":""completed"",""completion_pct"":100,""score"":""90"",""feedback_rating"":"""",""assigned_by"":""hr""}"
history,R000928,"{""record_id"":""R000928"",""employee_id"":""E0165"",""event_id"":""EV_003"",""date"":""2025-06-02"",""due_date"":""2025-07-02"",""status"":""completed"",""completion_pct"":100,""score"":""75"",""feedback_rating"":"""",""assigned_by"":""hr""}"
history,R000929,"{""record_id"":""R000929"",""employee_id"":""E0168"",""event_id"":""EV_003"",""date"":""2025-06-02"",""due_date"":""2025-07-02"",""status"":""completed"",""completion_pct"":100,""score"":""74"",""feedback_rating"":"""",""assigned_by"":""hr""}"
history,R000930,"{""record_id"":""R000930"",""employee_id"":""E0169"",""event_id"":""EV_003"",""date"":""2025-06-02"",""due_date"":""2025-07-02"",""status"":""completed"",""completion_pct"":100,""score"":""95"",""feedback_rating"":"""",""assigned_by"":""hr""}"
history,R000931,"{""record_id"":""R000931"",""employee_id"":""E0171"",""event_id"":""EV_003"",""date"":""2025-06-02"",""due_date"":""2025-07-02"",""status"":""completed"",""completion_pct"":100,""score"":""95"",""feedback_rating"":"""",""assigned_by"":""hr""}"
history,R000932,"{""record_id"":""R000932"",""employee_id"":""E0172"",""event_id"":""EV_003"",""date"":""2025-06-02"",""due_date"":""2025-07-02"",""status"":""completed"",""completion_pct"":100,""score"":""96"",""feedback_rating"":"""",""assigned_by"":""hr""}"
history,R000933,"{""record_id"":""R000933"",""employee_id"":""E0173"",""event_id"":""EV_003"",""date"":""2025-06-02"",""due_date"":""2025-07-02"",""status"":""completed"",""completion_pct"":100,""score"":""96"",""feedback_rating"":"""",""assigned_by"":""hr""}"
history,R000934,"{""record_id"":""R000934"",""employee_id"":""E0175"",""event_id"":""EV_003"",""date"":""2025-06-02"",""due_date"":""2025-07-02"",""status"":""completed"",""completion_pct"":100,""score"":""82"",""feedback_rating"":"""",""assigned_by"":""hr""}"
history,R000935,"{""record_id"":""R000935"",""employee_id"":""E0176"",""event_id"":""EV_003"",""date"":""2025-06-02"",""due_date"":""2025-07-02"",""status"":""completed"",""completion_pct"":100,""score"":""85"",""feedback_rating"":"""",""assigned_by"":""hr""}"
history,R000936,"{""record_id"":""R000936"",""employee_id"":""E0177"",""event_id"":""EV_003"",""date"":""2025-06-02"",""due_date"":""2025-07-02"",""status"":""completed"",""completion_pct"":100,""score"":""73"",""feedback_rating"":"""",""assigned_by"":""hr""}"
history,R000937,"{""record_id"":""R000937"",""employee_id"":""E0179"",""event_id"":""EV_003"",""date"":""2025-06-02"",""due_date"":""2025-07-02"",""status"":""completed"",""completion_pct"":100,""score"":""76"",""feedback_rating"":"""",""assigned_by"":""hr""}"
history,R000938,"{""record_id"":""R000938"",""employee_id"":""E0180"",""event_id"":""EV_003"",""date"":""2025-06-02"",""due_date"":""2025-07-02"",""status"":""completed"",""completion_pct"":100,""score"":""89"",""feedback_rating"":"""",""assigned_by"":""hr""}"
history,R000939,"{""record_id"":""R000939"",""employee_id"":""E0181"",""event_id"":""EV_003"",""date"":""2025-06-02"",""due_date"":""2025-07-02"",""status"":""completed"",""completion_pct"":100,""score"":""92"",""feedback_rating"":"""",""assigned_by"":""hr""}"
history,R000940,"{""record_id"":""R000940"",""employee_id"":""E0182"",""event_id"":""EV_003"",""date"":""2025-06-02"",""due_date"":""2025-07-02"",""status"":""completed"",""completion_pct"":100,""score"":""94"",""feedback_rating"":"""",""assigned_by"":""hr""}"
history,R000941,"{""record_id"":""R000941"",""employee_id"":""E0184"",""event_id"":""EV_003"",""date"":""2025-06-02"",""due_date"":""2025-07-02"",""status"":""completed"",""completion_pct"":100,""score"":""94"",""feedback_rating"":"""",""assigned_by"":""hr""}"
history,R000942,"{""record_id"":""R000942"",""employee_id"":""E0185"",""event_id"":""EV_003"",""date"":""2025-06-02"",""due_date"":""2025-07-02"",""status"":""completed"",""completion_pct"":100,""score"":""72"",""feedback_rating"":"""",""assigned_by"":""hr""}"
history,R000943,"{""record_id"":""R000943"",""employee_id"":""E0186"",""event_id"":""EV_003"",""date"":""2025-06-02"",""due_date"":""2025-07-02"",""status"":""completed"",""completion_pct"":100,""score"":""86"",""feedback_rating"":"""",""assigned_by"":""hr""}"
history,R000944,"{""record_id"":""R000944"",""employee_id"":""E0187"",""event_id"":""EV_003"",""date"":""2025-06-02"",""due_date"":""2025-07-02"",""status"":""completed"",""completion_pct"":100,""score"":""71"",""feedback_rating"":"""",""assigned_by"":""hr""}"
history,R000945,"{""record_id"":""R000945"",""employee_id"":""E0188"",""event_id"":""EV_004"",""date"":""2025-06-02"",""due_date"":""2025-06-20"",""status"":""completed"",""completion_pct"":100,""score"":"""",""feedback_rating"":""5"",""assigned_by"":""hr""}"
history,R000946,"{""record_id"":""R000946"",""employee_id"":""E0189"",""event_id"":""EV_003"",""date"":""2025-06-02"",""due_date"":""2025-07-02"",""status"":""completed"",""completion_pct"":100,""score"":""84"",""feedback_rating"":"""",""assigned_by"":""hr""}"
history,R000947,"{""record_id"":""R000947"",""employee_id"":""E0190"",""event_id"":""EV_003"",""date"":""2025-06-02"",""due_date"":""2025-07-02"",""status"":""completed"",""completion_pct"":100,""score"":""73"",""feedback_rating"":"""",""assigned_by"":""hr""}"
history,R000948,"{""record_id"":""R000948"",""employee_id"":""E0191"",""event_id"":""EV_003"",""date"":""2025-06-02"",""due_date"":""2025-07-02"",""status"":""completed"",""completion_pct"":100,""score"":""70"",""feedback_rating"":"""",""assigned_by"":""hr""}"
history,R000949,"{""record_id"":""R000949"",""employee_id"":""E0192"",""event_id"":""EV_003"",""date"":""2025-06-02"",""due_date"":""2025-07-02"",""status"":""completed"",""completion_pct"":100,""score"":""73"",""feedback_rating"":"""",""assigned_by"":""hr""}"
history,R000950,"{""record_id"":""R000950"",""employee_id"":""E0193"",""event_id"":""EV_003"",""date"":""2025-06-02"",""due_date"":""2025-07-02"",""status"":""completed"",""completion_pct"":100,""score"":""97"",""feedback_rating"":"""",""assigned_by"":""hr""}"
history,R000951,"{""record_id"":""R000951"",""employee_id"":""E0194"",""event_id"":""EV_003"",""date"":""2025-06-02"",""due_date"":""2025-07-02"",""status"":""completed"",""completion_pct"":100,""score"":""93"",""feedback_rating"":"""",""assigned_by"":""hr""}"
history,R000952,"{""record_id"":""R000952"",""employee_id"":""E0195"",""event_id"":""EV_037"",""date"":""2025-06-02"",""due_date"":"""",""status"":""no_show"",""completion_pct"":0,""score"":"""",""feedback_rating"":"""",""assigned_by"":""manager""}"
history,R000953,"{""record_id"":""R000953"",""employee_id"":""E0197"",""event_id"":""EV_003"",""date"":""2025-06-02"",""due_date"":""2025-07-02"",""status"":""completed"",""completion_pct"":100,""score"":""83"",""feedback_rating"":"""",""assigned_by"":""hr""}"
history,R000954,"{""record_id"":""R000954"",""employee_id"":""E0198"",""event_id"":""EV_003"",""date"":""2025-06-02"",""due_date"":""2025-07-02"",""status"":""completed"",""completion_pct"":100,""score"":""73"",""feedback_rating"":"""",""assigned_by"":""hr""}"
history,R000955,"{""record_id"":""R000955"",""employee_id"":""E0199"",""event_id"":""EV_003"",""date"":""2025-06-02"",""due_date"":""2025-07-02"",""status"":""completed"",""completion_pct"":100,""score"":""100"",""feedback_rating"":"""",""assigned_by"":""hr""}"
history,R000956,"{""record_id"":""R000956"",""employee_id"":""E0066"",""event_id"":""EV_019"",""date"":""2025-06-03"",""due_date"":"""",""status"":""no_show"",""completion_pct"":0,""score"":"""",""feedback_rating"":"""",""assigned_by"":""self""}"
history,R000957,"{""record_id"":""R000957"",""employee_id"":""E0030"",""event_id"":""EV_040"",""date"":""2025-06-04"",""due_date"":"""",""status"":""completed"",""completion_pct"":100,""score"":"""",""feedback_rating"":"""",""assigned_by"":""self""}"
history,R000958,"{""record_id"":""R000958"",""employee_id"":""E0043"",""event_id"":""EV_017"",""date"":""2025-06-04"",""due_date"":"""",""status"":""completed"",""completion_pct"":100,""score"":""84"",""feedback_rating"":""5"",""assigned_by"":""manager""}"
history,R000959,"{""record_id"":""R000959"",""employee_id"":""E0071"",""event_id"":""EV_027"",""date"":""2025-06-04"",""due_date"":"""",""status"":""dropped"",""completion_pct"":35,""score"":"""",""feedback_rating"":"""",""assigned_by"":""manager""}"
history,R000960,"{""record_id"":""R000960"",""employee_id"":""E0098"",""event_id"":""EV_018"",""date"":""2025-06-04"",""due_date"":"""",""status"":""dropped"",""completion_pct"":25,""score"":"""",""feedback_rating"":""2"",""assigned_by"":""self""}"
history,R000961,"{""record_id"":""R000961"",""employee_id"":""E0181"",""event_id"":""EV_008"",""date"":""2025-06-04"",""due_date"":"""",""status"":""completed"",""completion_pct"":100,""score"":"""",""feedback_rating"":"""",""assigned_by"":""manager""}"
history,R000962,"{""record_id"":""R000962"",""employee_id"":""E0019"",""event_id"":""EV_036"",""date"":""2025-06-05"",""due_date"":"""",""status"":""completed"",""completion_pct"":100,""score"":"""",""feedback_rating"":""5"",""assigned_by"":""self""}"
history,R000963,"{""record_id"":""R000963"",""employee_id"":""E0068"",""event_id"":""EV_001"",""date"":""2025-06-05"",""due_date"":""2025-07-05"",""status"":""completed"",""completion_pct"":100,""score"":""77"",""feedback_rating"":"""",""assigned_by"":""hr""}"
history,R000964,"{""record_id"":""R000964"",""employee_id"":""E0068"",""event_id"":""EV_002"",""date"":""2025-06-05"",""due_date"":""2025-07-05"",""status"":""completed"",""completion_pct"":100,""score"":""70"",""feedback_rating"":"""",""assigned_by"":""hr""}"
history,R000965,"{""record_id"":""R000965"",""employee_id"":""E0068"",""event_id"":""EV_003"",""date"":""2025-06-05"",""due_date"":""2025-07-05"",""status"":""completed"",""completion_pct"":100,""score"":""97"",""feedback_rating"":"""",""assigned_by"":""hr""}"
history,R000966,"{""record_id"":""R000966"",""employee_id"":""E0079"",""event_id"":""EV_039"",""date"":""2025-06-05"",""due_date"":"""",""status"":""completed"",""completion_pct"":100,""score"":"""",""feedback_rating"":""1"",""assigned_by"":""self""}"
history,R000967,"{""record_id"":""R000967"",""employee_id"":""E0017"",""event_id"":""EV_036"",""date"":""2025-06-06"",""due_date"":"""",""status"":""completed"",""completion_pct"":100,""score"":"""",""feedback_rating"":""4"",""assigned_by"":""self""}"
history,R000968,"{""record_id"":""R000968"",""employee_id"":""E0092"",""event_id"":""EV_010"",""date"":""2025-06-06"",""due_date"":"""",""status"":""completed"",""completion_pct"":100,""score"":""73"",""feedback_rating"":""3"",""assigned_by"":""self""}"
history,R000969,"{""record_id"":""R000969"",""employee_id"":""E0115"",""event_id"":""EV_016"",""date"":""2025-06-06"",""due_date"":"""",""status"":""dropped"",""completion_pct"":55,""score"":"""",""feedback_rating"":"""",""assigned_by"":""manager""}"
history,R000970,"{""record_id"":""R000970"",""employee_id"":""E0164"",""event_id"":""EV_039"",""date"":""2025-06-06"",""due_date"":"""",""status"":""completed"",""completion_pct"":100,""score"":"""",""feedback_rating"":"""",""assigned_by"":""self""}"
history,R000971,"{""record_id"":""R000971"",""employee_id"":""E0094"",""event_id"":""EV_008"",""date"":""2025-06-09"",""due_date"":"""",""status"":""completed"",""completion_pct"":100,""score"":"""",""feedback_rating"":""4"",""assigned_by"":""manager""}"
history,R000972,"{""record_id"":""R000972"",""employee_id"":""E0105"",""event_id"":""EV_031"",""date"":""2025-06-09"",""due_date"":"""",""status"":""completed"",""completion_pct"":100,""score"":"""",""feedback_rating"":""3"",""assigned_by"":""self""}"
history,R000973,"{""record_id"":""R000973"",""employee_id"":""E0130"",""event_id"":""EV_018"",""date"":""2025-06-09"",""due_date"":"""",""status"":""completed"",""completion_pct"":100,""score"":""98"",""feedback_rating"":""5"",""assigned_by"":""self""}"
history,R000974,"{""record_id"":""R000974"",""employee_id"":""E0064"",""event_id"":""EV_036"",""date"":""2025-06-10"",""due_date"":"""",""status"":""completed"",""completion_pct"":100,""score"":"""",""feedback_rating"":""4"",""assigned_by"":""manager""}"
history,R000975,"{""record_id"":""R000975"",""employee_id"":""E0026"",""event_id"":""EV_010"",""date"":""2025-06-11"",""due_date"":"""",""status"":""completed"",""completion_pct"":100,""score"":""91"",""feedback_rating"":""4"",""assigned_by"":""self""}"
history,R000976,"{""record_id"":""R000976"",""employee_id"":""E0041"",""event_id"":""EV_038"",""date"":""2025-06-11"",""due_date"":"""",""status"":""dropped"",""completion_pct"":15,""score"":"""",""feedback_rating"":"""",""assigned_by"":""manager""}"
history,R000977,"{""record_id"":""R000977"",""employee_id"":""E0115"",""event_id"":""EV_017"",""date"":""2025-06-11"",""due_date"":"""",""status"":""dropped"",""completion_pct"":90,""score"":"""",""feedback_rating"":""3"",""assigned_by"":""manager""}"
history,R000978,"{""record_id"":""R000978"",""employee_id"":""E0181"",""event_id"":""EV_016"",""date"":""2025-06-11"",""due_date"":"""",""status"":""completed"",""completion_pct"":100,""score"":"""",""feedback_rating"":"""",""assigned_by"":""self""}"
history,R000979,"{""record_id"":""R000979"",""employee_id"":""E0031"",""event_id"":""EV_004"",""date"":""2025-06-12"",""due_date"":""2025-06-20"",""status"":""completed"",""completion_pct"":100,""score"":"""",""feedback_rating"":""3"",""assigned_by"":""hr""}"
history,R000980,"{""record_id"":""R000980"",""employee_id"":""E0059"",""event_id"":""EV_032"",""date"":""2025-06-12"",""due_date"":"""",""status"":""no_show"",""completion_pct"":0,""score"":"""",""feedback_rating"":"""",""assigned_by"":""self""}"
history,R000981,"{""record_id"":""R000981"",""employee_id"":""E0099"",""event_id"":""EV_031"",""date"":""2025-06-12"",""due_date"":"""",""status"":""completed"",""completion_pct"":100,""score"":"""",""feedback_rating"":""3"",""assigned_by"":""manager""}"
history,R000982,"{""record_id"":""R000982"",""employee_id"":""E0118"",""event_id"":""EV_015"",""date"":""2025-06-12"",""due_date"":"""",""status"":""completed"",""completion_pct"":100,""score"":""67"",""feedback_rating"":"""",""assigned_by"":""self""}"
history,R000983,"{""record_id"":""R000983"",""employee_id"":""E0023"",""event_id"":""EV_008"",""date"":""2025-06-13"",""due_date"":"""",""status"":""completed"",""completion_pct"":100,""score"":"""",""feedback_rating"":""5"",""assigned_by"":""manager""}"
history,R000984,"{""record_id"":""R000984"",""employee_id"":""E0086"",""event_id"":""EV_004"",""date"":""2025-06-13"",""due_date"":""2025-06-25"",""status"":""completed"",""completion_pct"":100,""score"":"""",""feedback_rating"":"""",""assigned_by"":""hr""}"
history,R000985,"{""record_id"":""R000985"",""employee_id"":""E0173"",""event_id"":""EV_038"",""date"":""2025-06-13"",""due_date"":"""",""status"":""completed"",""completion_pct"":100,""score"":""67"",""feedback_rating"":""4"",""assigned_by"":""self""}"
history,R000986,"{""record_id"":""R000986"",""employee_id"":""E0035"",""event_id"":""EV_038"",""date"":""2025-06-16"",""due_date"":"""",""status"":""no_show"",""completion_pct"":0,""score"":"""",""feedback_rating"":"""",""assigned_by"":""hr""}"
history,R000987,"{""record_id"":""R000987"",""employee_id"":""E0040"",""event_id"":""EV_001"",""date"":""2025-06-16"",""due_date"":""2025-07-16"",""status"":""completed"",""completion_pct"":100,""score"":""81"",""feedback_rating"":"""",""assigned_by"":""hr""}"
history,R000988,"{""record_id"":""R000988"",""employee_id"":""E0040"",""event_id"":""EV_002"",""date"":""2025-06-16"",""due_date"":""2025-07-16"",""status"":""completed"",""completion_pct"":100,""score"":""73"",""feedback_rating"":"""",""assigned_by"":""hr""}"
history,R000989,"{""record_id"":""R000989"",""employee_id"":""E0040"",""event_id"":""EV_003"",""date"":""2025-06-16"",""due_date"":""2025-07-16"",""status"":""completed"",""completion_pct"":100,""score"":""91"",""feedback_rating"":"""",""assigned_by"":""hr""}"
history,R000990,"{""record_id"":""R000990"",""employee_id"":""E0176"",""event_id"":""EV_023"",""date"":""2025-06-16"",""due_date"":"""",""status"":""completed"",""completion_pct"":100,""score"":"""",""feedback_rating"":""5"",""assigned_by"":""self""}"
history,R000991,"{""record_id"":""R000991"",""employee_id"":""E0181"",""event_id"":""EV_026"",""date"":""2025-06-16"",""due_date"":"""",""status"":""completed"",""completion_pct"":100,""score"":"""",""feedback_rating"":"""",""assigned_by"":""self""}"
history,R000992,"{""record_id"":""R000992"",""employee_id"":""E0002"",""event_id"":""EV_008"",""date"":""2025-06-17"",""due_date"":"""",""status"":""completed"",""completion_pct"":100,""score"":"""",""feedback_rating"":""5"",""assigned_by"":""self""}"
history,R000993,"{""record_id"":""R000993"",""employee_id"":""E0085"",""event_id"":""EV_024"",""date"":""2025-06-17"",""due_date"":"""",""status"":""dropped"",""completion_pct"":35,""score"":"""",""feedback_rating"":"""",""assigned_by"":""self""}"
history,R000994,"{""record_id"":""R000994"",""employee_id"":""E0115"",""event_id"":""EV_013"",""date"":""2025-06-17"",""due_date"":"""",""status"":""completed"",""completion_pct"":100,""score"":""89"",""feedback_rating"":"""",""assigned_by"":""self""}"
history,R000995,"{""record_id"":""R000995"",""employee_id"":""E0123"",""event_id"":""EV_036"",""date"":""2025-06-17"",""due_date"":"""",""status"":""completed"",""completion_pct"":100,""score"":"""",""feedback_rating"":""5"",""assigned_by"":""self""}"
history,R000996,"{""record_id"":""R000996"",""employee_id"":""E0176"",""event_id"":""EV_036"",""date"":""2025-06-17"",""due_date"":"""",""status"":""completed"",""completion_pct"":100,""score"":"""",""feedback_rating"":"""",""assigned_by"":""self""}"
history,R000997,"{""record_id"":""R000997"",""employee_id"":""E0080"",""event_id"":""EV_022"",""date"":""2025-06-18"",""due_date"":"""",""status"":""completed"",""completion_pct"":100,""score"":""91"",""feedback_rating"":""4"",""assigned_by"":""manager""}"
history,R000998,"{""record_id"":""R000998"",""employee_id"":""E0085"",""event_id"":""EV_038"",""date"":""2025-06-18"",""due_date"":"""",""status"":""completed"",""completion_pct"":100,""score"":""67"",""feedback_rating"":"""",""assigned_by"":""hr""}"
history,R000999,"{""record_id"":""R000999"",""employee_id"":""E0177"",""event_id"":""EV_040"",""date"":""2025-06-18"",""due_date"":"""",""status"":""no_show"",""completion_pct"":0,""score"":"""",""feedback_rating"":"""",""assigned_by"":""hr""}"
history,R001000,"{""record_id"":""R001000"",""employee_id"":""E0012"",""event_id"":""EV_036"",""date"":""2025-06-19"",""due_date"":"""",""status"":""completed"",""completion_pct"":100,""score"":"""",""feedback_rating"":""5"",""assigned_by"":""self""}"
history,R001001,"{""record_id"":""R001001"",""employee_id"":""E0026"",""event_id"":""EV_009"",""date"":""2025-06-19"",""due_date"":"""",""status"":""dropped"",""completion_pct"":15,""score"":"""",""feedback_rating"":"""",""assigned_by"":""self""}"
history,R001002,"{""record_id"":""R001002"",""employee_id"":""E0068"",""event_id"":""EV_004"",""date"":""2025-06-19"",""due_date"":""2025-07-02"",""status"":""completed"",""completion_pct"":100,""score"":"""",""feedback_rating"":""4"",""assigned_by"":""hr""}"
history,R001003,"{""record_id"":""R001003"",""employee_id"":""E0100"",""event_id"":""EV_026"",""date"":""2025-06-19"",""due_date"":"""",""status"":""dropped"",""completion_pct"":50,""score"":"""",""feedback_rating"":"""",""assigned_by"":""self""}"
history,R001004,"{""record_id"":""R001004"",""employee_id"":""E0107"",""event_id"":""EV_036"",""date"":""2025-06-19"",""due_date"":"""",""status"":""completed"",""completion_pct"":100,""score"":"""",""feedback_rating"":""5"",""assigned_by"":""self""}"
history,R001005,"{""record_id"":""R001005"",""employee_id"":""E0127"",""event_id"":""EV_010"",""date"":""2025-06-19"",""due_date"":"""",""status"":""completed"",""completion_pct"":100,""score"":""75"",""feedback_rating"":""5"",""assigned_by"":""self""}"
history,R001006,"{""record_id"":""R001006"",""employee_id"":""E0147"",""event_id"":""EV_016"",""date"":""2025-06-19"",""due_date"":"""",""status"":""completed"",""completion_pct"":100,""score"":"""",""feedback_rating"":"""",""assigned_by"":""self""}"
history,R001007,"{""record_id"":""R001007"",""employee_id"":""E0189"",""event_id"":""EV_038"",""date"":""2025-06-20"",""due_date"":"""",""status"":""completed"",""completion_pct"":100,""score"":""66"",""feedback_rating"":""5"",""assigned_by"":""manager""}"
history,R001008,"{""record_id"":""R001008"",""employee_id"":""E0037"",""event_id"":""EV_008"",""date"":""2025-06-23"",""due_date"":"""",""status"":""completed"",""completion_pct"":100,""score"":"""",""feedback_rating"":""5"",""assigned_by"":""self""}"
history,R001009,"{""record_id"":""R001009"",""employee_id"":""E0132"",""event_id"":""EV_022"",""date"":""2025-06-23"",""due_date"":"""",""status"":""completed"",""completion_pct"":100,""score"":""85"",""feedback_rating"":""5"",""assigned_by"":""manager""}"
history,R001010,"{""record_id"":""R001010"",""employee_id"":""E0162"",""event_id"":""EV_022"",""date"":""2025-06-23"",""due_date"":"""",""status"":""completed"",""completion_pct"":100,""score"":""95"",""feedback_rating"":""3"",""assigned_by"":""manager""}"
history,R001011,"{""record_id"":""R001011"",""employee_id"":""E0035"",""event_id"":""EV_035"",""date"":""2025-06-24"",""due_date"":"""",""status"":""completed"",""completion_pct"":100,""score"":""99"",""feedback_rating"":""5"",""assigned_by"":""manager""}"
history,R001012,"{""record_id"":""R001012"",""employee_id"":""E0132"",""event_id"":""EV_038"",""date"":""2025-06-24"",""due_date"":"""",""status"":""completed"",""completion_pct"":100,""score"":""68"",""feedback_rating"":""3"",""assigned_by"":""self""}"
history,R001013,"{""record_id"":""R001013"",""employee_id"":""E0164"",""event_id"":""EV_006"",""date"":""2025-06-24"",""due_date"":"""",""status"":""completed"",""completion_pct"":100,""score"":"""",""feedback_rating"":""5"",""assigned_by"":""hr""}"
history,R001014,"{""record_id"":""R001014"",""employee_id"":""E0123"",""event_id"":""EV_036"",""date"":""2025-06-25"",""due_date"":"""",""status"":""no_show"",""completion_pct"":0,""score"":"""",""feedback_rating"":"""",""assigned_by"":""self""}"
history,R001015,"{""record_id"":""R001015"",""employee_id"":""E0023"",""event_id"":""EV_036"",""date"":""2025-06-27"",""due_date"":"""",""status"":""completed"",""completion_pct"":100,""score"":"""",""feedback_rating"":""3"",""assigned_by"":""self""}"
history,R001016,"{""record_id"":""R001016"",""employee_id"":""E0037"",""event_id"":""EV_013"",""date"":""2025-06-27"",""due_date"":"""",""status"":""no_show"",""completion_pct"":0,""score"":"""",""feedback_rating"":"""",""assigned_by"":""self""}"
history,R001017,"{""record_id"":""R001017"",""employee_id"":""E0090"",""event_id"":""EV_001"",""date"":""2025-06-27"",""due_date"":""2025-07-27"",""status"":""completed"",""completion_pct"":100,""score"":""81"",""feedback_rating"":"""",""assigned_by"":""hr""}"
history,R001018,"{""record_id"":""R001018"",""employee_id"":""E0090"",""event_id"":""EV_002"",""date"":""2025-06-27"",""due_date"":""2025-07-27"",""status"":""completed"",""completion_pct"":100,""score"":""78"",""feedback_rating"":"""",""assigned_by"":""hr""}"
history,R001019,"{""record_id"":""R001019"",""employee_id"":""E0090"",""event_id"":""EV_003"",""date"":""2025-06-27"",""due_date"":""2025-07-27"",""status"":""completed"",""completion_pct"":100,""score"":""86"",""feedback_rating"":"""",""assigned_by"":""hr""}"
history,R001020,"{""record_id"":""R001020"",""employee_id"":""E0158"",""event_id"":""EV_038"",""date"":""2025-06-27"",""due_date"":"""",""status"":""completed"",""completion_pct"":100,""score"":""92"",""feedback_rating"":"""",""assigned_by"":""hr""}"
history,R001021,"{""record_id"":""R001021"",""employee_id"":""E0170"",""event_id"":""EV_039"",""date"":""2025-06-27"",""due_date"":"""",""status"":""declined"",""completion_pct"":0,""score"":"""",""feedback_rating"":"""",""assigned_by"":""manager""}"
history,R001022,"{""record_id"":""R001022"",""employee_id"":""E0179"",""event_id"":""EV_019"",""date"":""2025-06-27"",""due_date"":"""",""status"":""completed"",""completion_pct"":100,""score"":"""",""feedback_rating"":""4"",""assigned_by"":""self""}"
history,R001023,"{""record_id"":""R001023"",""employee_id"":""E0194"",""event_id"":""EV_038"",""date"":""2025-06-27"",""due_date"":"""",""status"":""no_show"",""completion_pct"":0,""score"":"""",""feedback_rating"":"""",""assigned_by"":""self""}"
history,R001024,"{""record_id"":""R001024"",""employee_id"":""E0048"",""event_id"":""EV_023"",""date"":""2025-06-30"",""due_date"":"""",""status"":""completed"",""completion_pct"":100,""score"":"""",""feedback_rating"":""4"",""assigned_by"":""manager""}"
history,R001025,"{""record_id"":""R001025"",""employee_id"":""E0070"",""event_id"":""EV_037"",""date"":""2025-06-30"",""due_date"":"""",""status"":""completed"",""completion_pct"":100,""score"":"""",""feedback_rating"":""3"",""assigned_by"":""self""}"
history,R001026,"{""record_id"":""R001026"",""employee_id"":""E0099"",""event_id"":""EV_034"",""date"":""2025-06-30"",""due_date"":"""",""status"":""completed"",""completion_pct"":100,""score"":"""",""feedback_rating"":""3"",""assigned_by"":""self""}"
history,R001027,"{""record_id"":""R001027"",""employee_id"":""E0130"",""event_id"":""EV_035"",""date"":""2025-06-30"",""due_date"":"""",""status"":""completed"",""completion_pct"":100,""score"":""67"",""feedback_rating"":"""",""assigned_by"":""self""}"
history,R001028,"{""record_id"":""R001028"",""employee_id"":""E0133"",""event_id"":""EV_029"",""date"":""2025-06-30"",""due_date"":"""",""status"":""dropped"",""completion_pct"":50,""score"":"""",""feedback_rating"":""1"",""assigned_by"":""manager""}"
history,R001029,"{""record_id"":""R001029"",""employee_id"":""E0148"",""event_id"":""EV_036"",""date"":""2025-06-30"",""due_date"":"""",""status"":""completed"",""completion_pct"":100,""score"":"""",""feedback_rating"":""4"",""assigned_by"":""self""}"
history,R001030,"{""record_id"":""R001030"",""employee_id"":""E0150"",""event_id"":""EV_009"",""date"":""2025-06-30"",""due_date"":"""",""status"":""declined"",""completion_pct"":0,""score"":"""",""feedback_rating"":"""",""assigned_by"":""manager""}"
history,R001031,"{""record_id"":""R001031"",""employee_id"":""E0143"",""event_id"":""EV_036"",""date"":""2025-07-01"",""due_date"":"""",""status"":""no_show"",""completion_pct"":0,""score"":"""",""feedback_rating"":"""",""assigned_by"":""self""}"
history,R001032,"{""record_id"":""R001032"",""employee_id"":""E0165"",""event_id"":""EV_023"",""date"":""2025-07-01"",""due_date"":"""",""status"":""dropped"",""completion_pct"":60,""score"":"""",""feedback_rating"":"""",""assigned_by"":""self""}"
history,R001033,"{""record_id"":""R001033"",""employee_id"":""E0196"",""event_id"":""EV_040"",""date"":""2025-07-01"",""due_date"":"""",""status"":""completed"",""completion_pct"":100,""score"":"""",""feedback_rating"":"""",""assigned_by"":""self""}"
history,R001034,"{""record_id"":""R001034"",""employee_id"":""E0029"",""event_id"":""EV_034"",""date"":""2025-07-02"",""due_date"":"""",""status"":""completed"",""completion_pct"":100,""score"":"""",""feedback_rating"":""4"",""assigned_by"":""self""}"
history,R001035,"{""record_id"":""R001035"",""employee_id"":""E0085"",""event_id"":""EV_025"",""date"":""2025-07-02"",""due_date"":"""",""status"":""completed"",""completion_pct"":100,""score"":""68"",""feedback_rating"":""5"",""assigned_by"":""self""}"
history,R001036,"{""record_id"":""R001036"",""employee_id"":""E0133"",""event_id"":""EV_039"",""date"":""2025-07-02"",""due_date"":"""",""status"":""completed"",""completion_pct"":100,""score"":"""",""feedback_rating"":""4"",""assigned_by"":""self""}"
history,R001037,"{""record_id"":""R001037"",""employee_id"":""E0027"",""event_id"":""EV_037"",""date"":""2025-07-03"",""due_date"":"""",""status"":""completed"",""completion_pct"":100,""score"":"""",""feedback_rating"":"""",""assigned_by"":""self""}"
history,R001038,"{""record_id"":""R001038"",""employee_id"":""E0036"",""event_id"":""EV_001"",""date"":""2025-07-03"",""due_date"":""2025-08-02"",""status"":""completed"",""completion_pct"":100,""score"":""73"",""feedback_rating"":"""",""assigned_by"":""hr""}"
history,R001039,"{""record_id"":""R001039"",""employee_id"":""E0036"",""event_id"":""EV_002"",""date"":""2025-07-03"",""due_date"":""2025-08-02"",""status"":""completed"",""completion_pct"":100,""score"":""84"",""feedback_rating"":"""",""assigned_by"":""hr""}"
history,R001040,"{""record_id"":""R001040"",""employee_id"":""E0036"",""event_id"":""EV_003"",""date"":""2025-07-03"",""due_date"":""2025-08-02"",""status"":""completed"",""completion_pct"":100,""score"":""77"",""feedback_rating"":"""",""assigned_by"":""hr""}"
history,R001041,"{""record_id"":""R001041"",""employee_id"":""E0083"",""event_id"":""EV_034"",""date"":""2025-07-03"",""due_date"":"""",""status"":""completed"",""completion_pct"":100,""score"":"""",""feedback_rating"":""3"",""assigned_by"":""self""}"
history,R001042,"{""record_id"":""R001042"",""employee_id"":""E0173"",""event_id"":""EV_029"",""date"":""2025-07-03"",""due_date"":"""",""status"":""completed"",""completion_pct"":100,""score"":""94"",""feedback_rating"":""4"",""assigned_by"":""self""}"
history,R001043,"{""record_id"":""R001043"",""employee_id"":""E0184"",""event_id"":""EV_010"",""date"":""2025-07-03"",""due_date"":"""",""status"":""dropped"",""completion_pct"":35,""score"":"""",""feedback_rating"":""2"",""assigned_by"":""self""}"
history,R001044,"{""record_id"":""R001044"",""employee_id"":""E0046"",""event_id"":""EV_040"",""date"":""2025-07-04"",""due_date"":"""",""status"":""completed"",""completion_pct"":100,""score"":"""",""feedback_rating"":""3"",""assigned_by"":""self""}"
history,R001045,"{""record_id"":""R001045"",""employee_id"":""E0187"",""event_id"":""EV_008"",""date"":""2025-07-04"",""due_date"":"""",""status"":""completed"",""completion_pct"":100,""score"":"""",""feedback_rating"":""2"",""assigned_by"":""self""}"
history,R001046,"{""record_id"":""R001046"",""employee_id"":""E0195"",""event_id"":""EV_016"",""date"":""2025-07-04"",""due_date"":"""",""status"":""no_show"",""completion_pct"":0,""score"":"""",""feedback_rating"":"""",""assigned_by"":""manager""}"
history,R001047,"{""record_id"":""R001047"",""employee_id"":""E0040"",""event_id"":""EV_004"",""date"":""2025-07-07"",""due_date"":""2025-07-13"",""status"":""completed"",""completion_pct"":100,""score"":"""",""feedback_rating"":"""",""assigned_by"":""hr""}"
history,R001048,"{""record_id"":""R001048"",""employee_id"":""E0090"",""event_id"":""EV_004"",""date"":""2025-07-07"",""due_date"":""2025-07-24"",""status"":""completed"",""completion_pct"":100,""score"":"""",""feedback_rating"":""5"",""assigned_by"":""hr""}"
history,R001049,"{""record_id"":""R001049"",""employee_id"":""E0153"",""event_id"":""EV_036"",""date"":""2025-07-07"",""due_date"":"""",""status"":""no_show"",""completion_pct"":0,""score"":"""",""feedback_rating"":"""",""assigned_by"":""self""}"
history,R001050,"{""record_id"":""R001050"",""employee_id"":""E0042"",""event_id"":""EV_040"",""date"":""2025-07-08"",""due_date"":"""",""status"":""no_show"",""completion_pct"":0,""score"":"""",""feedback_rating"":"""",""assigned_by"":""self""}"
history,R001051,"{""record_id"":""R001051"",""employee_id"":""E0114"",""event_id"":""EV_034"",""date"":""2025-07-08"",""due_date"":"""",""status"":""completed"",""completion_pct"":100,""score"":"""",""feedback_rating"":""4"",""assigned_by"":""self""}"
history,R001052,"{""record_id"":""R001052"",""employee_id"":""E0059"",""event_id"":""EV_036"",""date"":""2025-07-09"",""due_date"":"""",""status"":""completed"",""completion_pct"":100,""score"":"""",""feedback_rating"":"""",""assigned_by"":""self""}"
history,R001053,"{""record_id"":""R001053"",""employee_id"":""E0062"",""event_id"":""EV_033"",""date"":""2025-07-09"",""due_date"":"""",""status"":""completed"",""completion_pct"":100,""score"":""87"",""feedback_rating"":"""",""assigned_by"":""self""}"
history,R001054,"{""record_id"":""R001054"",""employee_id"":""E0139"",""event_id"":""EV_039"",""date"":""2025-07-09"",""due_date"":"""",""status"":""completed"",""completion_pct"":100,""score"":"""",""feedback_rating"":""4"",""assigned_by"":""self""}"
history,R001055,"{""record_id"":""R001055"",""employee_id"":""E0191"",""event_id"":""EV_008"",""date"":""2025-07-10"",""due_date"":"""",""status"":""declined"",""completion_pct"":0,""score"":"""",""feedback_rating"":"""",""assigned_by"":""hr""}"
history,R001056,"{""record_id"":""R001056"",""employee_id"":""E0195"",""event_id"":""EV_027"",""date"":""2025-07-10"",""due_date"":"""",""status"":""dropped"",""completion_pct"":40,""score"":"""",""feedback_rating"":""3"",""assigned_by"":""self""}"
history,R001057,"{""record_id"":""R001057"",""employee_id"":""E0067"",""event_id"":""EV_013"",""date"":""2025-07-11"",""due_date"":"""",""status"":""completed"",""completion_pct"":100,""score"":""80"",""feedback_rating"":""2"",""assigned_by"":""self""}"
history,R001058,"{""record_id"":""R001058"",""employee_id"":""E0088"",""event_id"":""EV_038"",""date"":""2025-07-11"",""due_date"":"""",""status"":""completed"",""completion_pct"":100,""score"":""87"",""feedback_rating"":""4"",""assigned_by"":""self""}"
history,R001059,"{""record_id"":""R001059"",""employee_id"":""E0011"",""event_id"":""EV_025"",""date"":""2025-07-14"",""due_date"":"""",""status"":""no_show"",""completion_pct"":0,""score"":"""",""feedback_rating"":"""",""assigned_by"":""self""}"
history,R001060,"{""record_id"":""R001060"",""employee_id"":""E0180"",""event_id"":""EV_040"",""date"":""2025-07-14"",""due_date"":"""",""status"":""completed"",""completion_pct"":100,""score"":"""",""feedback_rating"":""4"",""assigned_by"":""manager""}"
history,R001061,"{""record_id"":""R001061"",""employee_id"":""E0037"",""event_id"":""EV_040"",""date"":""2025-07-15"",""due_date"":"""",""status"":""no_show"",""completion_pct"":0,""score"":"""",""feedback_rating"":"""",""assigned_by"":""manager""}"
history,R001062,"{""record_id"":""R001062"",""employee_id"":""E0054"",""event_id"":""EV_037"",""date"":""2025-07-15"",""due_date"":"""",""status"":""completed"",""completion_pct"":100,""score"":"""",""feedback_rating"":"""",""assigned_by"":""self""}"
history,R001063,"{""record_id"":""R001063"",""employee_id"":""E0176"",""event_id"":""EV_027"",""date"":""2025-07-15"",""due_date"":"""",""status"":""completed"",""completion_pct"":100,""score"":"""",""feedback_rating"":"""",""assigned_by"":""self""}"
history,R001064,"{""record_id"":""R001064"",""employee_id"":""E0017"",""event_id"":""EV_037"",""date"":""2025-07-16"",""due_date"":"""",""status"":""completed"",""completion_pct"":100,""score"":"""",""feedback_rating"":""5"",""assigned_by"":""self""}"
history,R001065,"{""record_id"":""R001065"",""employee_id"":""E0041"",""event_id"":""EV_020"",""date"":""2025-07-16"",""due_date"":"""",""status"":""declined"",""completion_pct"":0,""score"":"""",""feedback_rating"":"""",""assigned_by"":""hr""}"
history,R001066,"{""record_id"":""R001066"",""employee_id"":""E0005"",""event_id"":""EV_036"",""date"":""2025-07-17"",""due_date"":"""",""status"":""completed"",""completion_pct"":100,""score"":"""",""feedback_rating"":""4"",""assigned_by"":""manager""}"
history,R001067,"{""record_id"":""R001067"",""employee_id"":""E0150"",""event_id"":""EV_009"",""date"":""2025-07-17"",""due_date"":"""",""status"":""completed"",""completion_pct"":100,""score"":""74"",""feedback_rating"":""4"",""assigned_by"":""self""}"
history,R001068,"{""record_id"":""R001068"",""employee_id"":""E0197"",""event_id"":""EV_018"",""date"":""2025-07-17"",""due_date"":"""",""status"":""completed"",""completion_pct"":100,""score"":""78"",""feedback_rating"":""5"",""assigned_by"":""self""}"
history,R001069,"{""record_id"":""R001069"",""employee_id"":""E0200"",""event_id"":""EV_001"",""date"":""2025-07-17"",""due_date"":""2025-08-16"",""status"":""completed"",""completion_pct"":100,""score"":""73"",""feedback_rating"":"""",""assigned_by"":""hr""}"
history,R001070,"{""record_id"":""R001070"",""employee_id"":""E0200"",""event_id"":""EV_002"",""date"":""2025-07-17"",""due_date"":""2025-08-16"",""status"":""completed"",""completion_pct"":100,""score"":""86"",""feedback_rating"":"""",""assigned_by"":""hr""}"
history,R001071,"{""record_id"":""R001071"",""employee_id"":""E0200"",""event_id"":""EV_003"",""date"":""2025-07-17"",""due_date"":""2025-08-16"",""status"":""completed"",""completion_pct"":100,""score"":""77"",""feedback_rating"":"""",""assigned_by"":""hr""}"
history,R001072,"{""record_id"":""R001072"",""employee_id"":""E0081"",""event_id"":""EV_034"",""date"":""2025-07-18"",""due_date"":"""",""status"":""completed"",""completion_pct"":100,""score"":"""",""feedback_rating"":""4"",""assigned_by"":""hr""}"
history,R001073,"{""record_id"":""R001073"",""employee_id"":""E0036"",""event_id"":""EV_004"",""date"":""2025-07-21"",""due_date"":""2025-07-30"",""status"":""completed"",""completion_pct"":100,""score"":"""",""feedback_rating"":""4"",""assigned_by"":""hr""}"
history,R001074,"{""record_id"":""R001074"",""employee_id"":""E0040"",""event_id"":""EV_005"",""date"":""2025-07-21"",""due_date"":"""",""status"":""completed"",""completion_pct"":100,""score"":""90"",""feedback_rating"":""4"",""assigned_by"":""self""}"
history,R001075,"{""record_id"":""R001075"",""employee_id"":""E0057"",""event_id"":""EV_038"",""date"":""2025-07-21"",""due_date"":"""",""status"":""completed"",""completion_pct"":100,""score"":""97"",""feedback_rating"":""1"",""assigned_by"":""self""}"
history,R001076,"{""record_id"":""R001076"",""employee_id"":""E0015"",""event_id"":""EV_009"",""date"":""2025-07-22"",""due_date"":"""",""status"":""completed"",""completion_pct"":100,""score"":""64"",""feedback_rating"":""5"",""assigned_by"":""manager""}"
history,R001077,"{""record_id"":""R001077"",""employee_id"":""E0032"",""event_id"":""EV_008"",""date"":""2025-07-22"",""due_date"":"""",""status"":""completed"",""completion_pct"":100,""score"":"""",""feedback_rating"":""3"",""assigned_by"":""self""}"
history,R001078,"{""record_id"":""R001078"",""employee_id"":""E0043"",""event_id"":""EV_013"",""date"":""2025-07-22"",""due_date"":"""",""status"":""completed"",""completion_pct"":100,""score"":""90"",""feedback_rating"":"""",""assigned_by"":""self""}"
history,R001079,"{""record_id"":""R001079"",""employee_id"":""E0048"",""event_id"":""EV_021"",""date"":""2025-07-22"",""due_date"":"""",""status"":""declined"",""completion_pct"":0,""score"":"""",""feedback_rating"":"""",""assigned_by"":""manager""}"
history,R001080,"{""record_id"":""R001080"",""employee_id"":""E0083"",""event_id"":""EV_008"",""date"":""2025-07-22"",""due_date"":"""",""status"":""dropped"",""completion_pct"":60,""score"":"""",""feedback_rating"":"""",""assigned_by"":""self""}"
history,R001081,"{""record_id"":""R001081"",""employee_id"":""E0133"",""event_id"":""EV_040"",""date"":""2025-07-22"",""due_date"":"""",""status"":""completed"",""completion_pct"":100,""score"":"""",""feedback_rating"":""4"",""assigned_by"":""self""}"
history,R001082,"{""record_id"":""R001082"",""employee_id"":""E0197"",""event_id"":""EV_039"",""date"":""2025-07-22"",""due_date"":"""",""status"":""no_show"",""completion_pct"":0,""score"":"""",""feedback_rating"":"""",""assigned_by"":""self""}"
history,R001083,"{""record_id"":""R001083"",""employee_id"":""E0044"",""event_id"":""EV_038"",""date"":""2025-07-23"",""due_date"":"""",""status"":""no_show"",""completion_pct"":0,""score"":"""",""feedback_rating"":"""",""assigned_by"":""manager""}"
history,R001084,"{""record_id"":""R001084"",""employee_id"":""E0148"",""event_id"":""EV_034"",""date"":""2025-07-23"",""due_date"":"""",""status"":""completed"",""completion_pct"":100,""score"":"""",""feedback_rating"":""5"",""assigned_by"":""self""}"
history,R001085,"{""record_id"":""R001085"",""employee_id"":""E0169"",""event_id"":""EV_038"",""date"":""2025-07-23"",""due_date"":"""",""status"":""dropped"",""completion_pct"":45,""score"":"""",""feedback_rating"":"""",""assigned_by"":""self""}"
history,R001086,"{""record_id"":""R001086"",""employee_id"":""E0172"",""event_id"":""EV_030"",""date"":""2025-07-23"",""due_date"":"""",""status"":""completed"",""completion_pct"":100,""score"":"""",""feedback_rating"":"""",""assigned_by"":""self""}"
history,R001087,"{""record_id"":""R001087"",""employee_id"":""E0025"",""event_id"":""EV_021"",""date"":""2025-07-24"",""due_date"":"""",""status"":""completed"",""completion_pct"":100,""score"":"""",""feedback_rating"":""1"",""assigned_by"":""self""}"
history,R001088,"{""record_id"":""R001088"",""employee_id"":""E0029"",""event_id"":""EV_039"",""date"":""2025-07-24"",""due_date"":"""",""status"":""completed"",""completion_pct"":100,""score"":"""",""feedback_rating"":"""",""assigned_by"":""self""}"
history,R001089,"{""record_id"":""R001089"",""employee_id"":""E0107"",""event_id"":""EV_026"",""date"":""2025-07-24"",""due_date"":"""",""status"":""dropped"",""completion_pct"":25,""score"":"""",""feedback_rating"":"""",""assigned_by"":""hr""}"
history,R001090,"{""record_id"":""R001090"",""employee_id"":""E0150"",""event_id"":""EV_006"",""date"":""2025-07-24"",""due_date"":"""",""status"":""completed"",""completion_pct"":100,""score"":"""",""feedback_rating"":"""",""assigned_by"":""self""}"
history,R001091,"{""record_id"":""R001091"",""employee_id"":""E0140"",""event_id"":""EV_007"",""date"":""2025-07-25"",""due_date"":"""",""status"":""completed"",""completion_pct"":100,""score"":"""",""feedback_rating"":"""",""assigned_by"":""self""}"
history,R001092,"{""record_id"":""R001092"",""employee_id"":""E0196"",""event_id"":""EV_012"",""date"":""2025-07-25"",""due_date"":"""",""status"":""declined"",""completion_pct"":0,""score"":"""",""feedback_rating"":"""",""assigned_by"":""hr""}"
history,R001093,"{""record_id"":""R001093"",""employee_id"":""E0047"",""event_id"":""EV_039"",""date"":""2025-07-28"",""due_date"":"""",""status"":""completed"",""completion_pct"":100,""score"":"""",""feedback_rating"":"""",""assigned_by"":""self""}"
history,R001094,"{""record_id"":""R001094"",""employee_id"":""E0060"",""event_id"":""EV_027"",""date"":""2025-07-28"",""due_date"":"""",""status"":""declined"",""completion_pct"":0,""score"":"""",""feedback_rating"":"""",""assigned_by"":""manager""}"
history,R001095,"{""record_id"":""R001095"",""employee_id"":""E0160"",""event_id"":""EV_034"",""date"":""2025-07-28"",""due_date"":"""",""status"":""completed"",""completion_pct"":100,""score"":"""",""feedback_rating"":""5"",""assigned_by"":""self""}"
history,R001096,"{""record_id"":""R001096"",""employee_id"":""E0166"",""event_id"":""EV_039"",""date"":""2025-07-28"",""due_date"":"""",""status"":""completed"",""completion_pct"":100,""score"":"""",""feedback_rating"":""5"",""assigned_by"":""self""}"
history,R001097,"{""record_id"":""R001097"",""employee_id"":""E0028"",""event_id"":""EV_007"",""date"":""2025-07-29"",""due_date"":"""",""status"":""completed"",""completion_pct"":100,""score"":"""",""feedback_rating"":""3"",""assigned_by"":""self""}"
history,R001098,"{""record_id"":""R001098"",""employee_id"":""E0114"",""event_id"":""EV_008"",""date"":""2025-07-29"",""due_date"":"""",""status"":""declined"",""completion_pct"":0,""score"":"""",""feedback_rating"":"""",""assigned_by"":""manager""}"
history,R001099,"{""record_id"":""R001099"",""employee_id"":""E0007"",""event_id"":""EV_040"",""date"":""2025-07-30"",""due_date"":"""",""status"":""completed"",""completion_pct"":100,""score"":"""",""feedback_rating"":""4"",""assigned_by"":""self""}"
history,R001100,"{""record_id"":""R001100"",""employee_id"":""E0165"",""event_id"":""EV_040"",""date"":""2025-07-30"",""due_date"":"""",""status"":""dropped"",""completion_pct"":45,""score"":"""",""feedback_rating"":"""",""assigned_by"":""manager""}"
history,R001101,"{""record_id"":""R001101"",""employee_id"":""E0189"",""event_id"":""EV_040"",""date"":""2025-07-30"",""due_date"":"""",""status"":""completed"",""completion_pct"":100,""score"":"""",""feedback_rating"":"""",""assigned_by"":""hr""}"
history,R001102,"{""record_id"":""R001102"",""employee_id"":""E0017"",""event_id"":""EV_023"",""date"":""2025-07-31"",""due_date"":"""",""status"":""completed"",""completion_pct"":100,""score"":"""",""feedback_rating"":""3"",""assigned_by"":""manager""}"
history,R001103,"{""record_id"":""R001103"",""employee_id"":""E0059"",""event_id"":""EV_036"",""date"":""2025-07-31"",""due_date"":"""",""status"":""completed"",""completion_pct"":100,""score"":"""",""feedback_rating"":""3"",""assigned_by"":""manager""}"
history,R001104,"{""record_id"":""R001104"",""employee_id"":""E0195"",""event_id"":""EV_027"",""date"":""2025-08-01"",""due_date"":"""",""status"":""dropped"",""completion_pct"":30,""score"":"""",""feedback_rating"":""1"",""assigned_by"":""self""}"
history,R001105,"{""record_id"":""R001105"",""employee_id"":""E0034"",""event_id"":""EV_001"",""date"":""2025-08-04"",""due_date"":""2025-09-03"",""status"":""completed"",""completion_pct"":100,""score"":""75"",""feedback_rating"":"""",""assigned_by"":""hr""}"
history,R001106,"{""record_id"":""R001106"",""employee_id"":""E0034"",""event_id"":""EV_002"",""date"":""2025-08-04"",""due_date"":""2025-09-03"",""status"":""completed"",""completion_pct"":100,""score"":""79"",""feedback_rating"":"""",""assigned_by"":""hr""}"
history,R001107,"{""record_id"":""R001107"",""employee_id"":""E0034"",""event_id"":""EV_003"",""date"":""2025-08-04"",""due_date"":""2025-09-03"",""status"":""completed"",""completion_pct"":100,""score"":""89"",""feedback_rating"":"""",""assigned_by"":""hr""}"
history,R001108,"{""record_id"":""R001108"",""employee_id"":""E0140"",""event_id"":""EV_012"",""date"":""2025-08-04"",""due_date"":"""",""status"":""declined"",""completion_pct"":0,""score"":"""",""feedback_rating"":"""",""assigned_by"":""manager""}"
history,R001109,"{""record_id"":""R001109"",""employee_id"":""E0042"",""event_id"":""EV_013"",""date"":""2025-08-05"",""due_date"":"""",""status"":""dropped"",""completion_pct"":40,""score"":"""",""feedback_rating"":""2"",""assigned_by"":""hr""}"
history,R001110,"{""record_id"":""R001110"",""employee_id"":""E0200"",""event_id"":""EV_004"",""date"":""2025-08-05"",""due_date"":""2025-08-13"",""status"":""completed"",""completion_pct"":100,""score"":"""",""feedback_rating"":"""",""assigned_by"":""hr""}"
history,R001111,"{""record_id"":""R001111"",""employee_id"":""E0006"",""event_id"":""EV_014"",""date"":""2025-08-06"",""due_date"":"""",""status"":""completed"",""completion_pct"":100,""score"":"""",""feedback_rating"":"""",""assigned_by"":""manager""}"
history,R001112,"{""record_id"":""R001112"",""employee_id"":""E0023"",""event_id"":""EV_019"",""date"":""2025-08-06"",""due_date"":"""",""status"":""dropped"",""completion_pct"":20,""score"":"""",""feedback_rating"":"""",""assigned_by"":""hr""}"
history,R001113,"{""record_id"":""R001113"",""employee_id"":""E0047"",""event_id"":""EV_005"",""date"":""2025-08-06"",""due_date"":"""",""status"":""completed"",""completion_pct"":100,""score"":""61"",""feedback_rating"":""5"",""assigned_by"":""self""}"
history,R001114,"{""record_id"":""R001114"",""employee_id"":""E0088"",""event_id"":""EV_005"",""date"":""2025-08-06"",""due_date"":"""",""status"":""completed"",""completion_pct"":100,""score"":""74"",""feedback_rating"":""3"",""assigned_by"":""self""}"
history,R001115,"{""record_id"":""R001115"",""employee_id"":""E0041"",""event_id"":""EV_032"",""date"":""2025-08-07"",""due_date"":"""",""status"":""completed"",""completion_pct"":100,""score"":"""",""feedback_rating"":"""",""assigned_by"":""self""}"
history,R001116,"{""record_id"":""R001116"",""employee_id"":""E0045"",""event_id"":""EV_039"",""date"":""2025-08-07"",""due_date"":"""",""status"":""completed"",""completion_pct"":100,""score"":"""",""feedback_rating"":"""",""assigned_by"":""self""}"
history,R001117,"{""record_id"":""R001117"",""employee_id"":""E0093"",""event_id"":""EV_039"",""date"":""2025-08-07"",""due_date"":"""",""status"":""completed"",""completion_pct"":100,""score"":"""",""feedback_rating"":""3"",""assigned_by"":""hr""}"
history,R001118,"{""record_id"":""R001118"",""employee_id"":""E0120"",""event_id"":""EV_036"",""date"":""2025-08-07"",""due_date"":"""",""status"":""completed"",""completion_pct"":100,""score"":"""",""feedback_rating"":""5"",""assigned_by"":""hr""}"
history,R001119,"{""record_id"":""R001119"",""employee_id"":""E0013"",""event_id"":""EV_036"",""date"":""2025-08-08"",""due_date"":"""",""status"":""completed"",""completion_pct"":100,""score"":"""",""feedback_rating"":""4"",""assigned_by"":""self""}"
history,R001120,"{""record_id"":""R001120"",""employee_id"":""E0051"",""event_id"":""EV_040"",""date"":""2025-08-08"",""due_date"":"""",""status"":""dropped"",""completion_pct"":90,""score"":"""",""feedback_rating"":""2"",""assigned_by"":""self""}"
history,R001121,"{""record_id"":""R001121"",""employee_id"":""E0055"",""event_id"":""EV_036"",""date"":""2025-08-08"",""due_date"":"""",""status"":""completed"",""completion_pct"":100,""score"":"""",""feedback_rating"":"""",""assigned_by"":""self""}"
history,R001122,"{""record_id"":""R001122"",""employee_id"":""E0062"",""event_id"":""EV_037"",""date"":""2025-08-08"",""due_date"":"""",""status"":""completed"",""completion_pct"":100,""score"":"""",""feedback_rating"":""4"",""assigned_by"":""self""}"
history,R001123,"{""record_id"":""R001123"",""employee_id"":""E0075"",""event_id"":""EV_040"",""date"":""2025-08-08"",""due_date"":"""",""status"":""completed"",""completion_pct"":100,""score"":"""",""feedback_rating"":""3"",""assigned_by"":""self""}"
history,R001124,"{""record_id"":""R001124"",""employee_id"":""E0137"",""event_id"":""EV_037"",""date"":""2025-08-08"",""due_date"":"""",""status"":""completed"",""completion_pct"":100,""score"":"""",""feedback_rating"":"""",""assigned_by"":""self""}"
history,R001125,"{""record_id"":""R001125"",""employee_id"":""E0155"",""event_id"":""EV_005"",""date"":""2025-08-08"",""due_date"":"""",""status"":""dropped"",""completion_pct"":20,""score"":"""",""feedback_rating"":"""",""assigned_by"":""self""}"
history,R001126,"{""record_id"":""R001126"",""employee_id"":""E0098"",""event_id"":""EV_019"",""date"":""2025-08-11"",""due_date"":"""",""status"":""dropped"",""completion_pct"":90,""score"":"""",""feedback_rating"":"""",""assigned_by"":""self""}"
history,R001127,"{""record_id"":""R001127"",""employee_id"":""E0143"",""event_id"":""EV_034"",""date"":""2025-08-11"",""due_date"":"""",""status"":""completed"",""completion_pct"":100,""score"":"""",""feedback_rating"":""5"",""assigned_by"":""self""}"
history,R001128,"{""record_id"":""R001128"",""employee_id"":""E0192"",""event_id"":""EV_039"",""date"":""2025-08-11"",""due_date"":"""",""status"":""completed"",""completion_pct"":100,""score"":"""",""feedback_rating"":""4"",""assigned_by"":""self""}"
history,R001129,"{""record_id"":""R001129"",""employee_id"":""E0071"",""event_id"":""EV_027"",""date"":""2025-08-12"",""due_date"":"""",""status"":""completed"",""completion_pct"":100,""score"":"""",""feedback_rating"":"""",""assigned_by"":""self""}"
history,R001130,"{""record_id"":""R001130"",""employee_id"":""E0079"",""event_id"":""EV_008"",""date"":""2025-08-12"",""due_date"":"""",""status"":""completed"",""completion_pct"":100,""score"":"""",""feedback_rating"":""4"",""assigned_by"":""self""}"
history,R001131,"{""record_id"":""R001131"",""employee_id"":""E0124"",""event_id"":""EV_022"",""date"":""2025-08-12"",""due_date"":"""",""status"":""declined"",""completion_pct"":0,""score"":"""",""feedback_rating"":"""",""assigned_by"":""manager""}"
history,R001132,"{""record_id"":""R001132"",""employee_id"":""E0127"",""event_id"":""EV_005"",""date"":""2025-08-12"",""due_date"":"""",""status"":""dropped"",""completion_pct"":80,""score"":"""",""feedback_rating"":"""",""assigned_by"":""manager""}"
history,R001133,"{""record_id"":""R001133"",""employee_id"":""E0185"",""event_id"":""EV_035"",""date"":""2025-08-12"",""due_date"":"""",""status"":""completed"",""completion_pct"":100,""score"":""80"",""feedback_rating"":""3"",""assigned_by"":""self""}"
history,R001134,"{""record_id"":""R001134"",""employee_id"":""E0052"",""event_id"":""EV_037"",""date"":""2025-08-13"",""due_date"":"""",""status"":""no_show"",""completion_pct"":0,""score"":"""",""feedback_rating"":"""",""assigned_by"":""manager""}"
history,R001135,"{""record_id"":""R001135"",""employee_id"":""E0137"",""event_id"":""EV_009"",""date"":""2025-08-13"",""due_date"":"""",""status"":""dropped"",""completion_pct"":10,""score"":"""",""feedback_rating"":""1"",""assigned_by"":""manager""}"
history,R001136,"{""record_id"":""R001136"",""employee_id"":""E0145"",""event_id"":""EV_040"",""date"":""2025-08-13"",""due_date"":"""",""status"":""completed"",""completion_pct"":100,""score"":"""",""feedback_rating"":""3"",""assigned_by"":""self""}"
history,R001137,"{""record_id"":""R001137"",""employee_id"":""E0034"",""event_id"":""EV_004"",""date"":""2025-08-14"",""due_date"":""2025-08-31"",""status"":""completed"",""completion_pct"":100,""score"":"""",""feedback_rating"":"""",""assigned_by"":""hr""}"
history,R001138,"{""record_id"":""R001138"",""employee_id"":""E0055"",""event_id"":""EV_023"",""date"":""2025-08-14"",""due_date"":"""",""status"":""completed"",""completion_pct"":100,""score"":"""",""feedback_rating"":"""",""assigned_by"":""self""}"
history,R001139,"{""record_id"":""R001139"",""employee_id"":""E0031"",""event_id"":""EV_037"",""date"":""2025-08-15"",""due_date"":"""",""status"":""completed"",""completion_pct"":100,""score"":"""",""feedback_rating"":""3"",""assigned_by"":""self""}"
history,R001140,"{""record_id"":""R001140"",""employee_id"":""E0048"",""event_id"":""EV_040"",""date"":""2025-08-18"",""due_date"":"""",""status"":""completed"",""completion_pct"":100,""score"":"""",""feedback_rating"":""3"",""assigned_by"":""manager""}"
history,R001141,"{""record_id"":""R001141"",""employee_id"":""E0080"",""event_id"":""EV_021"",""date"":""2025-08-19"",""due_date"":"""",""status"":""completed"",""completion_pct"":100,""score"":"""",""feedback_rating"":""4"",""assigned_by"":""self""}"
history,R001142,"{""record_id"":""R001142"",""employee_id"":""E0197"",""event_id"":""EV_040"",""date"":""2025-08-19"",""due_date"":"""",""status"":""declined"",""completion_pct"":0,""score"":"""",""feedback_rating"":"""",""assigned_by"":""manager""}"
history,R001143,"{""record_id"":""R001143"",""employee_id"":""E0192"",""event_id"":""EV_019"",""date"":""2025-08-20"",""due_date"":"""",""status"":""completed"",""completion_pct"":100,""score"":"""",""feedback_rating"":""2"",""assigned_by"":""self""}"
history,R001144,"{""record_id"":""R001144"",""employee_id"":""E0074"",""event_id"":""EV_027"",""date"":""2025-08-21"",""due_date"":"""",""status"":""declined"",""completion_pct"":0,""score"":"""",""feedback_rating"":"""",""assigned_by"":""manager""}"
history,R001145,"{""record_id"":""R001145"",""employee_id"":""E0142"",""event_id"":""EV_001"",""date"":""2025-08-21"",""due_date"":""2025-09-20"",""status"":""overdue"",""completion_pct"":60,""score"":"""",""feedback_rating"":"""",""assigned_by"":""hr""}"
history,R001146,"{""record_id"":""R001146"",""employee_id"":""E0142"",""event_id"":""EV_002"",""date"":""2025-08-21"",""due_date"":""2025-09-20"",""status"":""completed"",""completion_pct"":100,""score"":""78"",""feedback_rating"":"""",""assigned_by"":""hr""}"
history,R001147,"{""record_id"":""R001147"",""employee_id"":""E0142"",""event_id"":""EV_003"",""date"":""2025-08-21"",""due_date"":""2025-09-20"",""status"":""completed"",""completion_pct"":100,""score"":""88"",""feedback_rating"":"""",""assigned_by"":""hr""}"
history,R001148,"{""record_id"":""R001148"",""employee_id"":""E0166"",""event_id"":""EV_033"",""date"":""2025-08-21"",""due_date"":"""",""status"":""completed"",""completion_pct"":100,""score"":""81"",""feedback_rating"":""3"",""assigned_by"":""self""}"
history,R001149,"{""record_id"":""R001149"",""employee_id"":""E0184"",""event_id"":""EV_009"",""date"":""2025-08-21"",""due_date"":"""",""status"":""dropped"",""completion_pct"":40,""score"":"""",""feedback_rating"":""2"",""assigned_by"":""self""}"
history,R001150,"{""record_id"":""R001150"",""employee_id"":""E0011"",""event_id"":""EV_020"",""date"":""2025-08-22"",""due_date"":"""",""status"":""completed"",""completion_pct"":100,""score"":""99"",""feedback_rating"":""3"",""assigned_by"":""self""}"
history,R001151,"{""record_id"":""R001151"",""employee_id"":""E0160"",""event_id"":""EV_036"",""date"":""2025-08-22"",""due_date"":"""",""status"":""no_show"",""completion_pct"":0,""score"":"""",""feedback_rating"":"""",""assigned_by"":""manager""}"
history,R001152,"{""record_id"":""R001152"",""employee_id"":""E0162"",""event_id"":""EV_009"",""date"":""2025-08-22"",""due_date"":"""",""status"":""completed"",""completion_pct"":100,""score"":""83"",""feedback_rating"":""4"",""assigned_by"":""self""}"
history,R001153,"{""record_id"":""R001153"",""employee_id"":""E0012"",""event_id"":""EV_032"",""date"":""2025-08-25"",""due_date"":"""",""status"":""completed"",""completion_pct"":100,""score"":"""",""feedback_rating"":""4"",""assigned_by"":""self""}"
history,R001154,"{""record_id"":""R001154"",""employee_id"":""E0029"",""event_id"":""EV_040"",""date"":""2025-08-25"",""due_date"":"""",""status"":""completed"",""completion_pct"":100,""score"":"""",""feedback_rating"":""3"",""assigned_by"":""self""}"
history,R001155,"{""record_id"":""R001155"",""employee_id"":""E0042"",""event_id"":""EV_015"",""date"":""2025-08-25"",""due_date"":"""",""status"":""completed"",""completion_pct"":100,""score"":""75"",""feedback_rating"":""4"",""assigned_by"":""manager""}"
history,R001156,"{""record_id"":""R001156"",""employee_id"":""E0051"",""event_id"":""EV_034"",""date"":""2025-08-25"",""due_date"":"""",""status"":""no_show"",""completion_pct"":0,""score"":"""",""feedback_rating"":"""",""assigned_by"":""manager""}"
history,R001157,"{""record_id"":""R001157"",""employee_id"":""E0055"",""event_id"":""EV_040"",""date"":""2025-08-25"",""due_date"":"""",""status"":""completed"",""completion_pct"":100,""score"":"""",""feedback_rating"":""4"",""assigned_by"":""manager""}"
history,R001158,"{""record_id"":""R001158"",""employee_id"":""E0165"",""event_id"":""EV_027"",""date"":""2025-08-26"",""due_date"":"""",""status"":""completed"",""completion_pct"":100,""score"":"""",""feedback_rating"":""2"",""assigned_by"":""self""}"
history,R001159,"{""record_id"":""R001159"",""employee_id"":""E0180"",""event_id"":""EV_035"",""date"":""2025-08-26"",""due_date"":"""",""status"":""completed"",""completion_pct"":100,""score"":""87"",""feedback_rating"":"""",""assigned_by"":""manager""}"
history,R001160,"{""record_id"":""R001160"",""employee_id"":""E0007"",""event_id"":""EV_006"",""date"":""2025-08-27"",""due_date"":"""",""status"":""declined"",""completion_pct"":0,""score"":"""",""feedback_rating"":"""",""assigned_by"":""hr""}"
history,R001161,"{""record_id"":""R001161"",""employee_id"":""E0047"",""event_id"":""EV_011"",""date"":""2025-08-27"",""due_date"":"""",""status"":""no_show"",""completion_pct"":0,""score"":"""",""feedback_rating"":"""",""assigned_by"":""self""}"
history,R001162,"{""record_id"":""R001162"",""employee_id"":""E0113"",""event_id"":""EV_027"",""date"":""2025-08-27"",""due_date"":"""",""status"":""completed"",""completion_pct"":100,""score"":"""",""feedback_rating"":"""",""assigned_by"":""manager""}"
history,R001163,"{""record_id"":""R001163"",""employee_id"":""E0142"",""event_id"":""EV_004"",""date"":""2025-08-27"",""due_date"":""2025-09-17"",""status"":""completed"",""completion_pct"":100,""score"":"""",""feedback_rating"":""5"",""assigned_by"":""hr""}"
history,R001164,"{""record_id"":""R001164"",""employee_id"":""E0170"",""event_id"":""EV_036"",""date"":""2025-08-27"",""due_date"":"""",""status"":""no_show"",""completion_pct"":0,""score"":"""",""feedback_rating"":"""",""assigned_by"":""manager""}"
history,R001165,"{""record_id"":""R001165"",""employee_id"":""E0027"",""event_id"":""EV_029"",""date"":""2025-08-28"",""due_date"":"""",""status"":""completed"",""completion_pct"":100,""score"":""87"",""feedback_rating"":""4"",""assigned_by"":""hr""}"
history,R001166,"{""record_id"":""R001166"",""employee_id"":""E0028"",""event_id"":""EV_040"",""date"":""2025-08-28"",""due_date"":"""",""status"":""completed"",""completion_pct"":100,""score"":"""",""feedback_rating"":"""",""assigned_by"":""self""}"
history,R001167,"{""record_id"":""R001167"",""employee_id"":""E0039"",""event_id"":""EV_036"",""date"":""2025-08-28"",""due_date"":"""",""status"":""no_show"",""completion_pct"":0,""score"":"""",""feedback_rating"":"""",""assigned_by"":""manager""}"
history,R001168,"{""record_id"":""R001168"",""employee_id"":""E0186"",""event_id"":""EV_005"",""date"":""2025-08-28"",""due_date"":"""",""status"":""dropped"",""completion_pct"":75,""score"":"""",""feedback_rating"":""1"",""assigned_by"":""self""}"
history,R001169,"{""record_id"":""R001169"",""employee_id"":""E0189"",""event_id"":""EV_019"",""date"":""2025-08-28"",""due_date"":"""",""status"":""completed"",""completion_pct"":100,""score"":"""",""feedback_rating"":""4"",""assigned_by"":""self""}"
history,R001170,"{""record_id"":""R001170"",""employee_id"":""E0044"",""event_id"":""EV_037"",""date"":""2025-09-01"",""due_date"":"""",""status"":""completed"",""completion_pct"":100,""score"":"""",""feedback_rating"":""4"",""assigned_by"":""self""}"
history,R001171,"{""record_id"":""R001171"",""employee_id"":""E0107"",""event_id"":""EV_026"",""date"":""2025-09-01"",""due_date"":"""",""status"":""completed"",""completion_pct"":100,""score"":"""",""feedback_rating"":""5"",""assigned_by"":""manager""}"
history,R001172,"{""record_id"":""R001172"",""employee_id"":""E0195"",""event_id"":""EV_026"",""date"":""2025-09-01"",""due_date"":"""",""status"":""completed"",""completion_pct"":100,""score"":"""",""feedback_rating"":""4"",""assigned_by"":""manager""}"
history,R001173,"{""record_id"":""R001173"",""employee_id"":""E0032"",""event_id"":""EV_036"",""date"":""2025-09-02"",""due_date"":"""",""status"":""no_show"",""completion_pct"":0,""score"":"""",""feedback_rating"":"""",""assigned_by"":""manager""}"
history,R001174,"{""record_id"":""R001174"",""employee_id"":""E0068"",""event_id"":""EV_017"",""date"":""2025-09-02"",""due_date"":"""",""status"":""no_show"",""completion_pct"":0,""score"":"""",""feedback_rating"":"""",""assigned_by"":""self""}"
history,R001175,"{""record_id"":""R001175"",""employee_id"":""E0118"",""event_id"":""EV_013"",""date"":""2025-09-02"",""due_date"":"""",""status"":""completed"",""completion_pct"":100,""score"":""63"",""feedback_rating"":"""",""assigned_by"":""self""}"
history,R001176,"{""record_id"":""R001176"",""employee_id"":""E0200"",""event_id"":""EV_012"",""date"":""2025-09-02"",""due_date"":"""",""status"":""dropped"",""completion_pct"":25,""score"":"""",""feedback_rating"":""2"",""assigned_by"":""self""}"
history,R001177,"{""record_id"":""R001177"",""employee_id"":""E0098"",""event_id"":""EV_005"",""date"":""2025-09-03"",""due_date"":"""",""status"":""completed"",""completion_pct"":100,""score"":""71"",""feedback_rating"":"""",""assigned_by"":""manager""}"
history,R001178,"{""record_id"":""R001178"",""employee_id"":""E0123"",""event_id"":""EV_014"",""date"":""2025-09-03"",""due_date"":"""",""status"":""completed"",""completion_pct"":100,""score"":"""",""feedback_rating"":"""",""assigned_by"":""self""}"
history,R001179,"{""record_id"":""R001179"",""employee_id"":""E0086"",""event_id"":""EV_039"",""date"":""2025-09-04"",""due_date"":"""",""status"":""declined"",""completion_pct"":0,""score"":"""",""feedback_rating"":"""",""assigned_by"":""manager""}"
history,R001180,"{""record_id"":""R001180"",""employee_id"":""E0109"",""event_id"":""EV_014"",""date"":""2025-09-05"",""due_date"":"""",""status"":""no_show"",""completion_pct"":0,""score"":"""",""feedback_rating"":"""",""assigned_by"":""self""}"
history,R001181,"{""record_id"":""R001181"",""employee_id"":""E0005"",""event_id"":""EV_039"",""date"":""2025-09-08"",""due_date"":"""",""status"":""declined"",""completion_pct"":0,""score"":"""",""feedback_rating"":"""",""assigned_by"":""hr""}"
history,R001182,"{""record_id"":""R001182"",""employee_id"":""E0111"",""event_id"":""EV_005"",""date"":""2025-09-08"",""due_date"":"""",""status"":""completed"",""completion_pct"":100,""score"":""73"",""feedback_rating"":""4"",""assigned_by"":""self""}"
history,R001183,"{""record_id"":""R001183"",""employee_id"":""E0134"",""event_id"":""EV_008"",""date"":""2025-09-08"",""due_date"":"""",""status"":""dropped"",""completion_pct"":15,""score"":"""",""feedback_rating"":"""",""assigned_by"":""self""}"
history,R001184,"{""record_id"":""R001184"",""employee_id"":""E0169"",""event_id"":""EV_036"",""date"":""2025-09-08"",""due_date"":"""",""status"":""completed"",""completion_pct"":100,""score"":"""",""feedback_rating"":""3"",""assigned_by"":""self""}"
history,R001185,"{""record_id"":""R001185"",""employee_id"":""E0035"",""event_id"":""EV_038"",""date"":""2025-09-09"",""due_date"":"""",""status"":""completed"",""completion_pct"":100,""score"":""85"",""feedback_rating"":"""",""assigned_by"":""manager""}"
history,R001186,"{""record_id"":""R001186"",""employee_id"":""E0067"",""event_id"":""EV_040"",""date"":""2025-09-09"",""due_date"":"""",""status"":""completed"",""completion_pct"":100,""score"":"""",""feedback_rating"":""5"",""assigned_by"":""self""}"
history,R001187,"{""record_id"":""R001187"",""employee_id"":""E0122"",""event_id"":""EV_013"",""date"":""2025-09-09"",""due_date"":"""",""status"":""dropped"",""completion_pct"":15,""score"":"""",""feedback_rating"":"""",""assigned_by"":""manager""}"
history,R001188,"{""record_id"":""R001188"",""employee_id"":""E0079"",""event_id"":""EV_040"",""date"":""2025-09-10"",""due_date"":"""",""status"":""completed"",""completion_pct"":100,""score"":"""",""feedback_rating"":""5"",""assigned_by"":""manager""}"
history,R001189,"{""record_id"":""R001189"",""employee_id"":""E0154"",""event_id"":""EV_011"",""date"":""2025-09-10"",""due_date"":"""",""status"":""completed"",""completion_pct"":100,""score"":"""",""feedback_rating"":""3"",""assigned_by"":""manager""}"
history,R001190,"{""record_id"":""R001190"",""employee_id"":""E0182"",""event_id"":""EV_036"",""date"":""2025-09-10"",""due_date"":"""",""status"":""no_show"",""completion_pct"":0,""score"":"""",""feedback_rating"":"""",""assigned_by"":""manager""}"
history,R001191,"{""record_id"":""R001191"",""employee_id"":""E0181"",""event_id"":""EV_023"",""date"":""2025-09-11"",""due_date"":"""",""status"":""completed"",""completion_pct"":100,""score"":"""",""feedback_rating"":""4"",""assigned_by"":""self""}"
history,R001192,"{""record_id"":""R001192"",""employee_id"":""E0098"",""event_id"":""EV_009"",""date"":""2025-09-12"",""due_date"":"""",""status"":""dropped"",""completion_pct"":50,""score"":"""",""feedback_rating"":"""",""assigned_by"":""hr""}"
history,R001193,"{""record_id"":""R001193"",""employee_id"":""E0169"",""event_id"":""EV_039"",""date"":""2025-09-12"",""due_date"":"""",""status"":""completed"",""completion_pct"":100,""score"":"""",""feedback_rating"":""4"",""assigned_by"":""self""}"
history,R001194,"{""record_id"":""R001194"",""employee_id"":""E0067"",""event_id"":""EV_016"",""date"":""2025-09-15"",""due_date"":"""",""status"":""completed"",""completion_pct"":100,""score"":"""",""feedback_rating"":""4"",""assigned_by"":""self""}"
history,R001195,"{""record_id"":""R001195"",""employee_id"":""E0151"",""event_id"":""EV_001"",""date"":""2025-09-15"",""due_date"":""2025-10-15"",""status"":""completed"",""completion_pct"":100,""score"":""73"",""feedback_rating"":"""",""assigned_by"":""hr""}"
history,R001196,"{""record_id"":""R001196"",""employee_id"":""E0151"",""event_id"":""EV_002"",""date"":""2025-09-15"",""due_date"":""2025-10-15"",""status"":""completed"",""completion_pct"":100,""score"":""92"",""feedback_rating"":"""",""assigned_by"":""hr""}"
history,R001197,"{""record_id"":""R001197"",""employee_id"":""E0151"",""event_id"":""EV_003"",""date"":""2025-09-15"",""due_date"":""2025-10-15"",""status"":""completed"",""completion_pct"":100,""score"":""89"",""feedback_rating"":"""",""assigned_by"":""hr""}"
history,R001198,"{""record_id"":""R001198"",""employee_id"":""E0192"",""event_id"":""EV_011"",""date"":""2025-09-15"",""due_date"":"""",""status"":""completed"",""completion_pct"":100,""score"":"""",""feedback_rating"":""4"",""assigned_by"":""self""}"
history,R001199,"{""record_id"":""R001199"",""employee_id"":""E0102"",""event_id"":""EV_008"",""date"":""2025-09-16"",""due_date"":"""",""status"":""completed"",""completion_pct"":100,""score"":"""",""feedback_rating"":""4"",""assigned_by"":""self""}"
history,R001200,"{""record_id"":""R001200"",""employee_id"":""E0153"",""event_id"":""EV_036"",""date"":""2025-09-16"",""due_date"":"""",""status"":""completed"",""completion_pct"":100,""score"":"""",""feedback_rating"":""3"",""assigned_by"":""self""}"
history,R001201,"{""record_id"":""R001201"",""employee_id"":""E0041"",""event_id"":""EV_036"",""date"":""2025-09-17"",""due_date"":"""",""status"":""completed"",""completion_pct"":100,""score"":"""",""feedback_rating"":"""",""assigned_by"":""self""}"
history,R001202,"{""record_id"":""R001202"",""employee_id"":""E0102"",""event_id"":""EV_013"",""date"":""2025-09-17"",""due_date"":"""",""status"":""declined"",""completion_pct"":0,""score"":"""",""feedback_rating"":"""",""assigned_by"":""manager""}"
history,R001203,"{""record_id"":""R001203"",""employee_id"":""E0105"",""event_id"":""EV_038"",""date"":""2025-09-17"",""due_date"":"""",""status"":""completed"",""completion_pct"":100,""score"":""94"",""feedback_rating"":""2"",""assigned_by"":""manager""}"
history,R001204,"{""record_id"":""R001204"",""employee_id"":""E0151"",""event_id"":""EV_004"",""date"":""2025-09-17"",""due_date"":""2025-10-11"",""status"":""completed"",""completion_pct"":100,""score"":"""",""feedback_rating"":"""",""assigned_by"":""hr""}"
history,R001205,"{""record_id"":""R001205"",""employee_id"":""E0017"",""event_id"":""EV_039"",""date"":""2025-09-18"",""due_date"":"""",""status"":""completed"",""completion_pct"":100,""score"":"""",""feedback_rating"":""2"",""assigned_by"":""self""}"
history,R001206,"{""record_id"":""R001206"",""employee_id"":""E0031"",""event_id"":""EV_034"",""date"":""2025-09-18"",""due_date"":"""",""status"":""completed"",""completion_pct"":100,""score"":"""",""feedback_rating"":""4"",""assigned_by"":""self""}"
history,R001207,"{""record_id"":""R001207"",""employee_id"":""E0077"",""event_id"":""EV_001"",""date"":""2025-09-18"",""due_date"":""2025-10-18"",""status"":""overdue"",""completion_pct"":25,""score"":"""",""feedback_rating"":"""",""assigned_by"":""hr""}"
history,R001208,"{""record_id"":""R001208"",""employee_id"":""E0077"",""event_id"":""EV_002"",""date"":""2025-09-18"",""due_date"":""2025-10-18"",""status"":""completed"",""completion_pct"":100,""score"":""99"",""feedback_rating"":"""",""assigned_by"":""hr""}"
history,R001209,"{""record_id"":""R001209"",""employee_id"":""E0077"",""event_id"":""EV_003"",""date"":""2025-09-18"",""due_date"":""2025-10-18"",""status"":""completed"",""completion_pct"":100,""score"":""88"",""feedback_rating"":"""",""assigned_by"":""hr""}"
history,R001210,"{""record_id"":""R001210"",""employee_id"":""E0121"",""event_id"":""EV_001"",""date"":""2025-09-18"",""due_date"":""2025-10-18"",""status"":""completed"",""completion_pct"":100,""score"":""79"",""feedback_rating"":"""",""assigned_by"":""hr""}"
history,R001211,"{""record_id"":""R001211"",""employee_id"":""E0121"",""event_id"":""EV_002"",""date"":""2025-09-18"",""due_date"":""2025-10-18"",""status"":""completed"",""completion_pct"":100,""score"":""99"",""feedback_rating"":"""",""assigned_by"":""hr""}"
history,R001212,"{""record_id"":""R001212"",""employee_id"":""E0121"",""event_id"":""EV_003"",""date"":""2025-09-18"",""due_date"":""2025-10-18"",""status"":""completed"",""completion_pct"":100,""score"":""73"",""feedback_rating"":"""",""assigned_by"":""hr""}"
history,R001213,"{""record_id"":""R001213"",""employee_id"":""E0140"",""event_id"":""EV_037"",""date"":""2025-09-18"",""due_date"":"""",""status"":""completed"",""completion_pct"":100,""score"":"""",""feedback_rating"":""5"",""assigned_by"":""self""}"
history,R001214,"{""record_id"":""R001214"",""employee_id"":""E0148"",""event_id"":""EV_040"",""date"":""2025-09-18"",""due_date"":"""",""status"":""completed"",""completion_pct"":100,""score"":"""",""feedback_rating"":""5"",""assigned_by"":""self""}"
history,R001215,"{""record_id"":""R001215"",""employee_id"":""E0149"",""event_id"":""EV_033"",""date"":""2025-09-18"",""due_date"":"""",""status"":""completed"",""completion_pct"":100,""score"":""74"",""feedback_rating"":""5"",""assigned_by"":""hr""}"
history,R001216,"{""record_id"":""R001216"",""employee_id"":""E0193"",""event_id"":""EV_023"",""date"":""2025-09-18"",""due_date"":"""",""status"":""completed"",""completion_pct"":100,""score"":"""",""feedback_rating"":""5"",""assigned_by"":""manager""}"
history,R001217,"{""record_id"":""R001217"",""employee_id"":""E0038"",""event_id"":""EV_008"",""date"":""2025-09-19"",""due_date"":"""",""status"":""declined"",""completion_pct"":0,""score"":"""",""feedback_rating"":"""",""assigned_by"":""manager""}"
history,R001218,"{""record_id"":""R001218"",""employee_id"":""E0068"",""event_id"":""EV_013"",""date"":""2025-09-19"",""due_date"":"""",""status"":""completed"",""completion_pct"":100,""score"":""97"",""feedback_rating"":""4"",""assigned_by"":""self""}"
history,R001219,"{""record_id"":""R001219"",""employee_id"":""E0075"",""event_id"":""EV_036"",""date"":""2025-09-19"",""due_date"":"""",""status"":""completed"",""completion_pct"":100,""score"":"""",""feedback_rating"":""2"",""assigned_by"":""hr""}"
history,R001220,"{""record_id"":""R001220"",""employee_id"":""E0094"",""event_id"":""EV_037"",""date"":""2025-09-19"",""due_date"":"""",""status"":""completed"",""completion_pct"":100,""score"":"""",""feedback_rating"":"""",""assigned_by"":""self""}"
history,R001221,"{""record_id"":""R001221"",""employee_id"":""E0132"",""event_id"":""EV_008"",""date"":""2025-09-19"",""due_date"":"""",""status"":""completed"",""completion_pct"":100,""score"":"""",""feedback_rating"":""3"",""assigned_by"":""self""}"
history,R001222,"{""record_id"":""R001222"",""employee_id"":""E0040"",""event_id"":""EV_040"",""date"":""2025-09-22"",""due_date"":"""",""status"":""no_show"",""completion_pct"":0,""score"":"""",""feedback_rating"":"""",""assigned_by"":""self""}"
history,R001223,"{""record_id"":""R001223"",""employee_id"":""E0131"",""event_id"":""EV_008"",""date"":""2025-09-22"",""due_date"":"""",""status"":""no_show"",""completion_pct"":0,""score"":"""",""feedback_rating"":"""",""assigned_by"":""self""}"
history,R001224,"{""record_id"":""R001224"",""employee_id"":""E0133"",""event_id"":""EV_030"",""date"":""2025-09-22"",""due_date"":"""",""status"":""completed"",""completion_pct"":100,""score"":"""",""feedback_rating"":""5"",""assigned_by"":""self""}"
history,R001225,"{""record_id"":""R001225"",""employee_id"":""E0142"",""event_id"":""EV_039"",""date"":""2025-09-22"",""due_date"":"""",""status"":""completed"",""completion_pct"":100,""score"":"""",""feedback_rating"":"""",""assigned_by"":""manager""}"
history,R001226,"{""record_id"":""R001226"",""employee_id"":""E0190"",""event_id"":""EV_010"",""date"":""2025-09-22"",""due_date"":"""",""status"":""completed"",""completion_pct"":100,""score"":""72"",""feedback_rating"":""3"",""assigned_by"":""manager""}"
history,R001227,"{""record_id"":""R001227"",""employee_id"":""E0199"",""event_id"":""EV_022"",""date"":""2025-09-22"",""due_date"":"""",""status"":""no_show"",""completion_pct"":0,""score"":"""",""feedback_rating"":"""",""assigned_by"":""hr""}"
history,R001228,"{""record_id"":""R001228"",""employee_id"":""E0029"",""event_id"":""EV_038"",""date"":""2025-09-23"",""due_date"":"""",""status"":""completed"",""completion_pct"":100,""score"":""84"",""feedback_rating"":""4"",""assigned_by"":""hr""}"
history,R001229,"{""record_id"":""R001229"",""employee_id"":""E0042"",""event_id"":""EV_040"",""date"":""2025-09-23"",""due_date"":"""",""status"":""completed"",""completion_pct"":100,""score"":"""",""feedback_rating"":""4"",""assigned_by"":""self""}"
history,R001230,"{""record_id"":""R001230"",""employee_id"":""E0068"",""event_id"":""EV_037"",""date"":""2025-09-23"",""due_date"":"""",""status"":""no_show"",""completion_pct"":0,""score"":"""",""feedback_rating"":"""",""assigned_by"":""self""}"
history,R001231,"{""record_id"":""R001231"",""employee_id"":""E0182"",""event_id"":""EV_016"",""date"":""2025-09-23"",""due_date"":"""",""status"":""completed"",""completion_pct"":100,""score"":"""",""feedback_rating"":""4"",""assigned_by"":""manager""}"
history,R001232,"{""record_id"":""R001232"",""employee_id"":""E0127"",""event_id"":""EV_009"",""date"":""2025-09-24"",""due_date"":"""",""status"":""completed"",""completion_pct"":100,""score"":""75"",""feedback_rating"":""5"",""assigned_by"":""self""}"
history,R001233,"{""record_id"":""R001233"",""employee_id"":""E0036"",""event_id"":""EV_016"",""date"":""2025-09-25"",""due_date"":"""",""status"":""completed"",""completion_pct"":100,""score"":"""",""feedback_rating"":""5"",""assigned_by"":""self""}"
history,R001234,"{""record_id"":""R001234"",""employee_id"":""E0055"",""event_id"":""EV_026"",""date"":""2025-09-25"",""due_date"":"""",""status"":""completed"",""completion_pct"":100,""score"":"""",""feedback_rating"":""4"",""assigned_by"":""hr""}"
history,R001235,"{""record_id"":""R001235"",""employee_id"":""E0078"",""event_id"":""EV_034"",""date"":""2025-09-25"",""due_date"":"""",""status"":""completed"",""completion_pct"":100,""score"":"""",""feedback_rating"":""4"",""assigned_by"":""self""}"
history,R001236,"{""record_id"":""R001236"",""employee_id"":""E0105"",""event_id"":""EV_037"",""date"":""2025-09-25"",""due_date"":"""",""status"":""completed"",""completion_pct"":100,""score"":"""",""feedback_rating"":""4"",""assigned_by"":""self""}"
history,R001237,"{""record_id"":""R001237"",""employee_id"":""E0128"",""event_id"":""EV_037"",""date"":""2025-09-25"",""due_date"":"""",""status"":""completed"",""completion_pct"":100,""score"":"""",""feedback_rating"":""4"",""assigned_by"":""self""}"
history,R001238,"{""record_id"":""R001238"",""employee_id"":""E0160"",""event_id"":""EV_036"",""date"":""2025-09-25"",""due_date"":"""",""status"":""completed"",""completion_pct"":100,""score"":"""",""feedback_rating"":""5"",""assigned_by"":""self""}"
history,R001239,"{""record_id"":""R001239"",""employee_id"":""E0163"",""event_id"":""EV_037"",""date"":""2025-09-25"",""due_date"":"""",""status"":""completed"",""completion_pct"":100,""score"":"""",""feedback_rating"":""4"",""assigned_by"":""self""}"
history,R001240,"{""record_id"":""R001240"",""employee_id"":""E0183"",""event_id"":""EV_001"",""date"":""2025-09-25"",""due_date"":""2025-10-25"",""status"":""completed"",""completion_pct"":100,""score"":""93"",""feedback_rating"":"""",""assigned_by"":""hr""}"
history,R001241,"{""record_id"":""R001241"",""employee_id"":""E0183"",""event_id"":""EV_002"",""date"":""2025-09-25"",""due_date"":""2025-10-25"",""status"":""completed"",""completion_pct"":100,""score"":""84"",""feedback_rating"":"""",""assigned_by"":""hr""}"
history,R001242,"{""record_id"":""R001242"",""employee_id"":""E0183"",""event_id"":""EV_003"",""date"":""2025-09-25"",""due_date"":""2025-10-25"",""status"":""completed"",""completion_pct"":100,""score"":""80"",""feedback_rating"":"""",""assigned_by"":""hr""}"
history,R001243,"{""record_id"":""R001243"",""employee_id"":""E0033"",""event_id"":""EV_001"",""date"":""2025-09-26"",""due_date"":""2025-10-26"",""status"":""completed"",""completion_pct"":100,""score"":""76"",""feedback_rating"":"""",""assigned_by"":""hr""}"
history,R001244,"{""record_id"":""R001244"",""employee_id"":""E0033"",""event_id"":""EV_002"",""date"":""2025-09-26"",""due_date"":""2025-10-26"",""status"":""completed"",""completion_pct"":100,""score"":""79"",""feedback_rating"":"""",""assigned_by"":""hr""}"
history,R001245,"{""record_id"":""R001245"",""employee_id"":""E0033"",""event_id"":""EV_003"",""date"":""2025-09-26"",""due_date"":""2025-10-26"",""status"":""completed"",""completion_pct"":100,""score"":""82"",""feedback_rating"":"""",""assigned_by"":""hr""}"
history,R001246,"{""record_id"":""R001246"",""employee_id"":""E0046"",""event_id"":""EV_039"",""date"":""2025-09-26"",""due_date"":"""",""status"":""completed"",""completion_pct"":100,""score"":"""",""feedback_rating"":"""",""assigned_by"":""manager""}"
history,R001247,"{""record_id"":""R001247"",""employee_id"":""E0098"",""event_id"":""EV_018"",""date"":""2025-09-26"",""due_date"":"""",""status"":""completed"",""completion_pct"":100,""score"":""61"",""feedback_rating"":""2"",""assigned_by"":""self""}"
history,R001248,"{""record_id"":""R001248"",""employee_id"":""E0103"",""event_id"":""EV_019"",""date"":""2025-09-26"",""due_date"":"""",""status"":""no_show"",""completion_pct"":0,""score"":"""",""feedback_rating"":"""",""assigned_by"":""manager""}"
history,R001249,"{""record_id"":""R001249"",""employee_id"":""E0131"",""event_id"":""EV_031"",""date"":""2025-09-26"",""due_date"":"""",""status"":""no_show"",""completion_pct"":0,""score"":"""",""feedback_rating"":"""",""assigned_by"":""manager""}"
history,R001250,"{""record_id"":""R001250"",""employee_id"":""E0147"",""event_id"":""EV_036"",""date"":""2025-09-26"",""due_date"":"""",""status"":""no_show"",""completion_pct"":0,""score"":"""",""feedback_rating"":"""",""assigned_by"":""manager""}"
history,R001251,"{""record_id"":""R001251"",""employee_id"":""E0153"",""event_id"":""EV_040"",""date"":""2025-09-26"",""due_date"":"""",""status"":""completed"",""completion_pct"":100,""score"":"""",""feedback_rating"":""5"",""assigned_by"":""self""}"
history,R001252,"{""record_id"":""R001252"",""employee_id"":""E0052"",""event_id"":""EV_036"",""date"":""2025-09-29"",""due_date"":"""",""status"":""completed"",""completion_pct"":100,""score"":"""",""feedback_rating"":""5"",""assigned_by"":""manager""}"
history,R001253,"{""record_id"":""R001253"",""employee_id"":""E0121"",""event_id"":""EV_004"",""date"":""2025-09-29"",""due_date"":""2025-10-15"",""status"":""completed"",""completion_pct"":100,""score"":"""",""feedback_rating"":""4"",""assigned_by"":""hr""}"
history,R001254,"{""record_id"":""R001254"",""employee_id"":""E0123"",""event_id"":""EV_009"",""date"":""2025-09-29"",""due_date"":"""",""status"":""completed"",""completion_pct"":100,""score"":""71"",""feedback_rating"":""4"",""assigned_by"":""manager""}"
history,R001255,"{""record_id"":""R001255"",""employee_id"":""E0183"",""event_id"":""EV_004"",""date"":""2025-09-29"",""due_date"":""2025-10-22"",""status"":""completed"",""completion_pct"":100,""score"":"""",""feedback_rating"":"""",""assigned_by"":""hr""}"
history,R001256,"{""record_id"":""R001256"",""employee_id"":""E0198"",""event_id"":""EV_034"",""date"":""2025-09-29"",""due_date"":"""",""status"":""completed"",""completion_pct"":100,""score"":"""",""feedback_rating"":""4"",""assigned_by"":""self""}"
history,R001257,"{""record_id"":""R001257"",""employee_id"":""E0072"",""event_id"":""EV_018"",""date"":""2025-09-30"",""due_date"":"""",""status"":""dropped"",""completion_pct"":55,""score"":"""",""feedback_rating"":""2"",""assigned_by"":""self""}"
history,R001258,"{""record_id"":""R001258"",""employee_id"":""E0074"",""event_id"":""EV_027"",""date"":""2025-09-30"",""due_date"":"""",""status"":""completed"",""completion_pct"":100,""score"":"""",""feedback_rating"":"""",""assigned_by"":""self""}"
history,R001259,"{""record_id"":""R001259"",""employee_id"":""E0105"",""event_id"":""EV_030"",""date"":""2025-09-30"",""due_date"":"""",""status"":""dropped"",""completion_pct"":10,""score"":"""",""feedback_rating"":""2"",""assigned_by"":""self""}"
history,R001260,"{""record_id"":""R001260"",""employee_id"":""E0189"",""event_id"":""EV_037"",""date"":""2025-09-30"",""due_date"":"""",""status"":""no_show"",""completion_pct"":0,""score"":"""",""feedback_rating"":"""",""assigned_by"":""self""}"
history,R001261,"{""record_id"":""R001261"",""employee_id"":""E0050"",""event_id"":""EV_036"",""date"":""2025-10-01"",""due_date"":"""",""status"":""declined"",""completion_pct"":0,""score"":"""",""feedback_rating"":"""",""assigned_by"":""manager""}"
history,R001262,"{""record_id"":""R001262"",""employee_id"":""E0105"",""event_id"":""EV_028"",""date"":""2025-10-01"",""due_date"":"""",""status"":""completed"",""completion_pct"":100,""score"":"""",""feedback_rating"":"""",""assigned_by"":""self""}"
history,R001263,"{""record_id"":""R001263"",""employee_id"":""E0195"",""event_id"":""EV_027"",""date"":""2025-10-01"",""due_date"":"""",""status"":""completed"",""completion_pct"":100,""score"":"""",""feedback_rating"":"""",""assigned_by"":""self""}"
history,R001264,"{""record_id"":""R001264"",""employee_id"":""E0033"",""event_id"":""EV_004"",""date"":""2025-10-02"",""due_date"":""2025-10-23"",""status"":""completed"",""completion_pct"":100,""score"":"""",""feedback_rating"":"""",""assigned_by"":""hr""}"
history,R001265,"{""record_id"":""R001265"",""employee_id"":""E0067"",""event_id"":""EV_009"",""date"":""2025-10-02"",""due_date"":"""",""status"":""completed"",""completion_pct"":100,""score"":""73"",""feedback_rating"":""5"",""assigned_by"":""self""}"
history,R001266,"{""record_id"":""R001266"",""employee_id"":""E0122"",""event_id"":""EV_013"",""date"":""2025-10-02"",""due_date"":"""",""status"":""completed"",""completion_pct"":100,""score"":""77"",""feedback_rating"":""4"",""assigned_by"":""self""}"
history,R001267,"{""record_id"":""R001267"",""employee_id"":""E0195"",""event_id"":""EV_008"",""date"":""2025-10-02"",""due_date"":"""",""status"":""completed"",""completion_pct"":100,""score"":"""",""feedback_rating"":""5"",""assigned_by"":""manager""}"
history,R001268,"{""record_id"":""R001268"",""employee_id"":""E0021"",""event_id"":""EV_035"",""date"":""2025-10-03"",""due_date"":"""",""status"":""completed"",""completion_pct"":100,""score"":""95"",""feedback_rating"":"""",""assigned_by"":""self""}"
history,R001269,"{""record_id"":""R001269"",""employee_id"":""E0188"",""event_id"":""EV_020"",""date"":""2025-10-03"",""due_date"":"""",""status"":""completed"",""completion_pct"":100,""score"":""96"",""feedback_rating"":""5"",""assigned_by"":""self""}"
history,R001270,"{""record_id"":""R001270"",""employee_id"":""E0039"",""event_id"":""EV_039"",""date"":""2025-10-06"",""due_date"":"""",""status"":""completed"",""completion_pct"":100,""score"":"""",""feedback_rating"":""5"",""assigned_by"":""self""}"
history,R001271,"{""record_id"":""R001271"",""employee_id"":""E0065"",""event_id"":""EV_008"",""date"":""2025-10-06"",""due_date"":"""",""status"":""dropped"",""completion_pct"":15,""score"":"""",""feedback_rating"":"""",""assigned_by"":""self""}"
history,R001272,"{""record_id"":""R001272"",""employee_id"":""E0127"",""event_id"":""EV_036"",""date"":""2025-10-06"",""due_date"":"""",""status"":""no_show"",""completion_pct"":0,""score"":"""",""feedback_rating"":"""",""assigned_by"":""manager""}"
history,R001273,"{""record_id"":""R001273"",""employee_id"":""E0192"",""event_id"":""EV_008"",""date"":""2025-10-06"",""due_date"":"""",""status"":""completed"",""completion_pct"":100,""score"":"""",""feedback_rating"":""5"",""assigned_by"":""self""}"
history,R001274,"{""record_id"":""R001274"",""employee_id"":""E0069"",""event_id"":""EV_009"",""date"":""2025-10-07"",""due_date"":"""",""status"":""dropped"",""completion_pct"":50,""score"":"""",""feedback_rating"":""2"",""assigned_by"":""self""}"
history,R001275,"{""record_id"":""R001275"",""employee_id"":""E0077"",""event_id"":""EV_004"",""date"":""2025-10-07"",""due_date"":""2025-10-15"",""status"":""completed"",""completion_pct"":100,""score"":"""",""feedback_rating"":""5"",""assigned_by"":""hr""}"
history,R001276,"{""record_id"":""R001276"",""employee_id"":""E0103"",""event_id"":""EV_039"",""date"":""2025-10-07"",""due_date"":"""",""status"":""completed"",""completion_pct"":100,""score"":"""",""feedback_rating"":"""",""assigned_by"":""self""}"
history,R001277,"{""record_id"":""R001277"",""employee_id"":""E0150"",""event_id"":""EV_036"",""date"":""2025-10-07"",""due_date"":"""",""status"":""no_show"",""completion_pct"":0,""score"":"""",""feedback_rating"":"""",""assigned_by"":""self""}"
history,R001278,"{""record_id"":""R001278"",""employee_id"":""E0161"",""event_id"":""EV_033"",""date"":""2025-10-07"",""due_date"":"""",""status"":""no_show"",""completion_pct"":0,""score"":"""",""feedback_rating"":"""",""assigned_by"":""manager""}"
history,R001279,"{""record_id"":""R001279"",""employee_id"":""E0191"",""event_id"":""EV_008"",""date"":""2025-10-07"",""due_date"":"""",""status"":""completed"",""completion_pct"":100,""score"":"""",""feedback_rating"":""4"",""assigned_by"":""self""}"
history,R001280,"{""record_id"":""R001280"",""employee_id"":""E0006"",""event_id"":""EV_036"",""date"":""2025-10-08"",""due_date"":"""",""status"":""declined"",""completion_pct"":0,""score"":"""",""feedback_rating"":"""",""assigned_by"":""manager""}"
history,R001281,"{""record_id"":""R001281"",""employee_id"":""E0015"",""event_id"":""EV_040"",""date"":""2025-10-08"",""due_date"":"""",""status"":""completed"",""completion_pct"":100,""score"":"""",""feedback_rating"":""2"",""assigned_by"":""manager""}"
history,R001282,"{""record_id"":""R001282"",""employee_id"":""E0031"",""event_id"":""EV_035"",""date"":""2025-10-09"",""due_date"":"""",""status"":""completed"",""completion_pct"":100,""score"":""86"",""feedback_rating"":""5"",""assigned_by"":""self""}"
history,R001283,"{""record_id"":""R001283"",""employee_id"":""E0051"",""event_id"":""EV_038"",""date"":""2025-10-09"",""due_date"":"""",""status"":""completed"",""completion_pct"":100,""score"":""60"",""feedback_rating"":"""",""assigned_by"":""self""}"
history,R001284,"{""record_id"":""R001284"",""employee_id"":""E0068"",""event_id"":""EV_037"",""date"":""2025-10-09"",""due_date"":"""",""status"":""completed"",""completion_pct"":100,""score"":"""",""feedback_rating"":""5"",""assigned_by"":""self""}"
history,R001285,"{""record_id"":""R001285"",""employee_id"":""E0075"",""event_id"":""EV_036"",""date"":""2025-10-09"",""due_date"":"""",""status"":""completed"",""completion_pct"":100,""score"":"""",""feedback_rating"":""5"",""assigned_by"":""self""}"
history,R001286,"{""record_id"":""R001286"",""employee_id"":""E0079"",""event_id"":""EV_036"",""date"":""2025-10-09"",""due_date"":"""",""status"":""completed"",""completion_pct"":100,""score"":"""",""feedback_rating"":""3"",""assigned_by"":""self""}"
history,R001287,"{""record_id"":""R001287"",""employee_id"":""E0097"",""event_id"":""EV_012"",""date"":""2025-10-09"",""due_date"":"""",""status"":""dropped"",""completion_pct"":15,""score"":"""",""feedback_rating"":"""",""assigned_by"":""manager""}"
history,R001288,"{""record_id"":""R001288"",""employee_id"":""E0032"",""event_id"":""EV_012"",""date"":""2025-10-10"",""due_date"":"""",""status"":""dropped"",""completion_pct"":55,""score"":"""",""feedback_rating"":"""",""assigned_by"":""self""}"
history,R001289,"{""record_id"":""R001289"",""employee_id"":""E0034"",""event_id"":""EV_023"",""date"":""2025-10-10"",""due_date"":"""",""status"":""completed"",""completion_pct"":100,""score"":"""",""feedback_rating"":""5"",""assigned_by"":""manager""}"
history,R001290,"{""record_id"":""R001290"",""employee_id"":""E0041"",""event_id"":""EV_020"",""date"":""2025-10-10"",""due_date"":"""",""status"":""completed"",""completion_pct"":100,""score"":""66"",""feedback_rating"":"""",""assigned_by"":""manager""}"
history,R001291,"{""record_id"":""R001291"",""employee_id"":""E0059"",""event_id"":""EV_032"",""date"":""2025-10-10"",""due_date"":"""",""status"":""no_show"",""completion_pct"":0,""score"":"""",""feedback_rating"":"""",""assigned_by"":""hr""}"
history,R001292,"{""record_id"":""R001292"",""employee_id"":""E0061"",""event_id"":""EV_036"",""date"":""2025-10-10"",""due_date"":"""",""status"":""no_show"",""completion_pct"":0,""score"":"""",""feedback_rating"":"""",""assigned_by"":""self""}"
history,R001293,"{""record_id"":""R001293"",""employee_id"":""E0023"",""event_id"":""EV_019"",""date"":""2025-10-13"",""due_date"":"""",""status"":""completed"",""completion_pct"":100,""score"":"""",""feedback_rating"":""3"",""assigned_by"":""self""}"
history,R001294,"{""record_id"":""R001294"",""employee_id"":""E0047"",""event_id"":""EV_006"",""date"":""2025-10-13"",""due_date"":"""",""status"":""completed"",""completion_pct"":100,""score"":"""",""feedback_rating"":""5"",""assigned_by"":""self""}"
history,R001295,"{""record_id"":""R001295"",""employee_id"":""E0048"",""event_id"":""EV_008"",""date"":""2025-10-13"",""due_date"":"""",""status"":""completed"",""completion_pct"":100,""score"":"""",""feedback_rating"":"""",""assigned_by"":""self""}"
history,R001296,"{""record_id"":""R001296"",""employee_id"":""E0080"",""event_id"":""EV_038"",""date"":""2025-10-13"",""due_date"":"""",""status"":""completed"",""completion_pct"":100,""score"":""73"",""feedback_rating"":""4"",""assigned_by"":""manager""}"
history,R001297,"{""record_id"":""R001297"",""employee_id"":""E0065"",""event_id"":""EV_040"",""date"":""2025-10-14"",""due_date"":"""",""status"":""completed"",""completion_pct"":100,""score"":"""",""feedback_rating"":"""",""assigned_by"":""manager""}"
history,R001298,"{""record_id"":""R001298"",""employee_id"":""E0091"",""event_id"":""EV_035"",""date"":""2025-10-14"",""due_date"":"""",""status"":""completed"",""completion_pct"":100,""score"":""82"",""feedback_rating"":""5"",""assigned_by"":""self""}"
history,R001299,"{""record_id"":""R001299"",""employee_id"":""E0011"",""event_id"":""EV_012"",""date"":""2025-10-15"",""due_date"":"""",""status"":""dropped"",""completion_pct"":35,""score"":"""",""feedback_rating"":""3"",""assigned_by"":""manager""}"
history,R001300,"{""record_id"":""R001300"",""employee_id"":""E0052"",""event_id"":""EV_037"",""date"":""2025-10-15"",""due_date"":"""",""status"":""completed"",""completion_pct"":100,""score"":"""",""feedback_rating"":"""",""assigned_by"":""self""}"
history,R001301,"{""record_id"":""R001301"",""employee_id"":""E0140"",""event_id"":""EV_011"",""date"":""2025-10-15"",""due_date"":"""",""status"":""completed"",""completion_pct"":100,""score"":"""",""feedback_rating"":""3"",""assigned_by"":""self""}"
history,R001302,"{""record_id"":""R001302"",""employee_id"":""E0062"",""event_id"":""EV_040"",""date"":""2025-10-16"",""due_date"":"""",""status"":""completed"",""completion_pct"":100,""score"":"""",""feedback_rating"":""5"",""assigned_by"":""self""}"
history,R001303,"{""record_id"":""R001303"",""employee_id"":""E0095"",""event_id"":""EV_029"",""date"":""2025-10-16"",""due_date"":"""",""status"":""completed"",""completion_pct"":100,""score"":""73"",""feedback_rating"":""5"",""assigned_by"":""self""}"
history,R001304,"{""record_id"":""R001304"",""employee_id"":""E0149"",""event_id"":""EV_036"",""date"":""2025-10-16"",""due_date"":"""",""status"":""completed"",""completion_pct"":100,""score"":"""",""feedback_rating"":""4"",""assigned_by"":""self""}"
history,R001305,"{""record_id"":""R001305"",""employee_id"":""E0157"",""event_id"":""EV_001"",""date"":""2025-10-16"",""due_date"":""2025-11-15"",""status"":""completed"",""completion_pct"":100,""score"":""95"",""feedback_rating"":"""",""assigned_by"":""hr""}"
history,R001306,"{""record_id"":""R001306"",""employee_id"":""E0157"",""event_id"":""EV_002"",""date"":""2025-10-16"",""due_date"":""2025-11-15"",""status"":""completed"",""completion_pct"":100,""score"":""92"",""feedback_rating"":"""",""assigned_by"":""hr""}"
history,R001307,"{""record_id"":""R001307"",""employee_id"":""E0157"",""event_id"":""EV_003"",""date"":""2025-10-16"",""due_date"":""2025-11-15"",""status"":""completed"",""completion_pct"":100,""score"":""77"",""feedback_rating"":"""",""assigned_by"":""hr""}"
history,R001308,"{""record_id"":""R001308"",""employee_id"":""E0175"",""event_id"":""EV_011"",""date"":""2025-10-16"",""due_date"":"""",""status"":""no_show"",""completion_pct"":0,""score"":"""",""feedback_rating"":"""",""assigned_by"":""self""}"
history,R001309,"{""record_id"":""R001309"",""employee_id"":""E0045"",""event_id"":""EV_036"",""date"":""2025-10-17"",""due_date"":"""",""status"":""completed"",""completion_pct"":100,""score"":"""",""feedback_rating"":"""",""assigned_by"":""manager""}"
history,R001310,"{""record_id"":""R001310"",""employee_id"":""E0081"",""event_id"":""EV_037"",""date"":""2025-10-17"",""due_date"":"""",""status"":""dropped"",""completion_pct"":20,""score"":"""",""feedback_rating"":""3"",""assigned_by"":""manager""}"
history,R001311,"{""record_id"":""R001311"",""employee_id"":""E0086"",""event_id"":""EV_008"",""date"":""2025-10-17"",""due_date"":"""",""status"":""completed"",""completion_pct"":100,""score"":"""",""feedback_rating"":"""",""assigned_by"":""self""}"
history,R001312,"{""record_id"":""R001312"",""employee_id"":""E0093"",""event_id"":""EV_040"",""date"":""2025-10-17"",""due_date"":"""",""status"":""completed"",""completion_pct"":100,""score"":"""",""feedback_rating"":"""",""assigned_by"":""self""}"
history,R001313,"{""record_id"":""R001313"",""employee_id"":""E0102"",""event_id"":""EV_036"",""date"":""2025-10-17"",""due_date"":"""",""status"":""completed"",""completion_pct"":100,""score"":"""",""feedback_rating"":""5"",""assigned_by"":""self""}"
history,R001314,"{""record_id"":""R001314"",""employee_id"":""E0127"",""event_id"":""EV_007"",""date"":""2025-10-17"",""due_date"":"""",""status"":""completed"",""completion_pct"":100,""score"":"""",""feedback_rating"":""5"",""assigned_by"":""self""}"
history,R001315,"{""record_id"":""R001315"",""employee_id"":""E0170"",""event_id"":""EV_015"",""date"":""2025-10-17"",""due_date"":"""",""status"":""completed"",""completion_pct"":100,""score"":""92"",""feedback_rating"":""4"",""assigned_by"":""manager""}"
history,R001316,"{""record_id"":""R001316"",""employee_id"":""E0191"",""event_id"":""EV_039"",""date"":""2025-10-17"",""due_date"":"""",""status"":""completed"",""completion_pct"":100,""score"":"""",""feedback_rating"":""5"",""assigned_by"":""self""}"
history,R001317,"{""record_id"":""R001317"",""employee_id"":""E0043"",""event_id"":""EV_016"",""date"":""2025-10-20"",""due_date"":"""",""status"":""completed"",""completion_pct"":100,""score"":"""",""feedback_rating"":""3"",""assigned_by"":""self""}"
history,R001318,"{""record_id"":""R001318"",""employee_id"":""E0053"",""event_id"":""EV_018"",""date"":""2025-10-20"",""due_date"":"""",""status"":""completed"",""completion_pct"":100,""score"":""78"",""feedback_rating"":""1"",""assigned_by"":""manager""}"
history,R001319,"{""record_id"":""R001319"",""employee_id"":""E0093"",""event_id"":""EV_035"",""date"":""2025-10-20"",""due_date"":"""",""status"":""declined"",""completion_pct"":0,""score"":"""",""feedback_rating"":"""",""assigned_by"":""hr""}"
history,R001320,"{""record_id"":""R001320"",""employee_id"":""E0081"",""event_id"":""EV_037"",""date"":""2025-10-21"",""due_date"":"""",""status"":""completed"",""completion_pct"":100,""score"":"""",""feedback_rating"":""5"",""assigned_by"":""self""}"
history,R001321,"{""record_id"":""R001321"",""employee_id"":""E0112"",""event_id"":""EV_037"",""date"":""2025-10-21"",""due_date"":"""",""status"":""completed"",""completion_pct"":100,""score"":"""",""feedback_rating"":""4"",""assigned_by"":""self""}"
history,R001322,"{""record_id"":""R001322"",""employee_id"":""E0144"",""event_id"":""EV_036"",""date"":""2025-10-21"",""due_date"":"""",""status"":""completed"",""completion_pct"":100,""score"":"""",""feedback_rating"":""4"",""assigned_by"":""manager""}"
history,R001323,"{""record_id"":""R001323"",""employee_id"":""E0191"",""event_id"":""EV_032"",""date"":""2025-10-21"",""due_date"":"""",""status"":""no_show"",""completion_pct"":0,""score"":"""",""feedback_rating"":"""",""assigned_by"":""hr""}"
history,R001324,"{""record_id"":""R001324"",""employee_id"":""E0053"",""event_id"":""EV_019"",""date"":""2025-10-22"",""due_date"":"""",""status"":""no_show"",""completion_pct"":0,""score"":"""",""feedback_rating"":"""",""assigned_by"":""manager""}"
history,R001325,"{""record_id"":""R001325"",""employee_id"":""E0080"",""event_id"":""EV_024"",""date"":""2025-10-22"",""due_date"":"""",""status"":""dropped"",""completion_pct"":85,""score"":"""",""feedback_rating"":""1"",""assigned_by"":""self""}"
history,R001326,"{""record_id"":""R001326"",""employee_id"":""E0180"",""event_id"":""EV_036"",""date"":""2025-10-23"",""due_date"":"""",""status"":""completed"",""completion_pct"":100,""score"":"""",""feedback_rating"":""5"",""assigned_by"":""self""}"
history,R001327,"{""record_id"":""R001327"",""employee_id"":""E0198"",""event_id"":""EV_036"",""date"":""2025-10-23"",""due_date"":"""",""status"":""no_show"",""completion_pct"":0,""score"":"""",""feedback_rating"":"""",""assigned_by"":""self""}"
history,R001328,"{""record_id"":""R001328"",""employee_id"":""E0056"",""event_id"":""EV_037"",""date"":""2025-10-24"",""due_date"":"""",""status"":""completed"",""completion_pct"":100,""score"":"""",""feedback_rating"":""3"",""assigned_by"":""manager""}"
history,R001329,"{""record_id"":""R001329"",""employee_id"":""E0125"",""event_id"":""EV_001"",""date"":""2025-10-24"",""due_date"":""2025-11-23"",""status"":""overdue"",""completion_pct"":60,""score"":"""",""feedback_rating"":"""",""assigned_by"":""hr""}"
history,R001330,"{""record_id"":""R001330"",""employee_id"":""E0125"",""event_id"":""EV_002"",""date"":""2025-10-24"",""due_date"":""2025-11-23"",""status"":""completed"",""completion_pct"":100,""score"":""73"",""feedback_rating"":"""",""assigned_by"":""hr""}"
history,R001331,"{""record_id"":""R001331"",""employee_id"":""E0125"",""event_id"":""EV_003"",""date"":""2025-10-24"",""due_date"":""2025-11-23"",""status"":""completed"",""completion_pct"":100,""score"":""75"",""feedback_rating"":"""",""assigned_by"":""hr""}"
history,R001332,"{""record_id"":""R001332"",""employee_id"":""E0035"",""event_id"":""EV_037"",""date"":""2025-10-27"",""due_date"":"""",""status"":""no_show"",""completion_pct"":0,""score"":"""",""feedback_rating"":"""",""assigned_by"":""manager""}"
history,R001333,"{""record_id"":""R001333"",""employee_id"":""E0173"",""event_id"":""EV_034"",""date"":""2025-10-27"",""due_date"":"""",""status"":""no_show"",""completion_pct"":0,""score"":"""",""feedback_rating"":"""",""assigned_by"":""self""}"
history,R001334,"{""record_id"":""R001334"",""employee_id"":""E0007"",""event_id"":""EV_038"",""date"":""2025-10-28"",""due_date"":"""",""status"":""completed"",""completion_pct"":100,""score"":""71"",""feedback_rating"":"""",""assigned_by"":""self""}"
history,R001335,"{""record_id"":""R001335"",""employee_id"":""E0093"",""event_id"":""EV_035"",""date"":""2025-10-28"",""due_date"":"""",""status"":""completed"",""completion_pct"":100,""score"":""88"",""feedback_rating"":""5"",""assigned_by"":""hr""}"
history,R001336,"{""record_id"":""R001336"",""employee_id"":""E0116"",""event_id"":""EV_026"",""date"":""2025-10-28"",""due_date"":"""",""status"":""completed"",""completion_pct"":100,""score"":"""",""feedback_rating"":""3"",""assigned_by"":""self""}"
history,R001337,"{""record_id"":""R001337"",""employee_id"":""E0020"",""event_id"":""EV_039"",""date"":""2025-10-29"",""due_date"":"""",""status"":""no_show"",""completion_pct"":0,""score"":"""",""feedback_rating"":"""",""assigned_by"":""self""}"
history,R001338,"{""record_id"":""R001338"",""employee_id"":""E0027"",""event_id"":""EV_028"",""date"":""2025-10-29"",""due_date"":"""",""status"":""dropped"",""completion_pct"":20,""score"":"""",""feedback_rating"":"""",""assigned_by"":""self""}"
history,R001339,"{""record_id"":""R001339"",""employee_id"":""E0122"",""event_id"":""EV_037"",""date"":""2025-10-29"",""due_date"":"""",""status"":""completed"",""completion_pct"":100,""score"":"""",""feedback_rating"":""3"",""assigned_by"":""hr""}"
history,R001340,"{""record_id"":""R001340"",""employee_id"":""E0197"",""event_id"":""EV_040"",""date"":""2025-10-29"",""due_date"":"""",""status"":""completed"",""completion_pct"":100,""score"":"""",""feedback_rating"":""4"",""assigned_by"":""manager""}"
history,R001341,"{""record_id"":""R001341"",""employee_id"":""E0011"",""event_id"":""EV_038"",""date"":""2025-10-30"",""due_date"":"""",""status"":""completed"",""completion_pct"":100,""score"":""96"",""feedback_rating"":"""",""assigned_by"":""self""}"
history,R001342,"{""record_id"":""R001342"",""employee_id"":""E0125"",""event_id"":""EV_004"",""date"":""2025-10-30"",""due_date"":""2025-11-20"",""status"":""completed"",""completion_pct"":100,""score"":"""",""feedback_rating"":"""",""assigned_by"":""hr""}"
history,R001343,"{""record_id"":""R001343"",""employee_id"":""E0162"",""event_id"":""EV_008"",""date"":""2025-10-30"",""due_date"":"""",""status"":""completed"",""completion_pct"":100,""score"":"""",""feedback_rating"":""4"",""assigned_by"":""self""}"
history,R001344,"{""record_id"":""R001344"",""employee_id"":""E0163"",""event_id"":""EV_034"",""date"":""2025-10-31"",""due_date"":"""",""status"":""completed"",""completion_pct"":100,""score"":"""",""feedback_rating"":""5"",""assigned_by"":""self""}"
history,R001345,"{""record_id"":""R001345"",""employee_id"":""E0198"",""event_id"":""EV_039"",""date"":""2025-10-31"",""due_date"":"""",""status"":""no_show"",""completion_pct"":0,""score"":"""",""feedback_rating"":"""",""assigned_by"":""self""}"
history,R001346,"{""record_id"":""R001346"",""employee_id"":""E0002"",""event_id"":""EV_001"",""date"":""2025-11-03"",""due_date"":""2025-12-03"",""status"":""completed"",""completion_pct"":100,""score"":""82"",""feedback_rating"":"""",""assigned_by"":""hr""}"
history,R001347,"{""record_id"":""R001347"",""employee_id"":""E0003"",""event_id"":""EV_001"",""date"":""2025-11-03"",""due_date"":""2025-12-03"",""status"":""overdue"",""completion_pct"":0,""score"":"""",""feedback_rating"":"""",""assigned_by"":""hr""}"
history,R001348,"{""record_id"":""R001348"",""employee_id"":""E0004"",""event_id"":""EV_001"",""date"":""2025-11-03"",""due_date"":""2025-12-03"",""status"":""completed"",""completion_pct"":100,""score"":""85"",""feedback_rating"":"""",""assigned_by"":""hr""}"
history,R001349,"{""record_id"":""R001349"",""employee_id"":""E0005"",""event_id"":""EV_001"",""date"":""2025-11-03"",""due_date"":""2025-12-03"",""status"":""completed"",""completion_pct"":100,""score"":""80"",""feedback_rating"":"""",""assigned_by"":""hr""}"
history,R001350,"{""record_id"":""R001350"",""employee_id"":""E0006"",""event_id"":""EV_001"",""date"":""2025-11-03"",""due_date"":""2025-12-03"",""status"":""completed"",""completion_pct"":100,""score"":""89"",""feedback_rating"":"""",""assigned_by"":""hr""}"
history,R001351,"{""record_id"":""R001351"",""employee_id"":""E0007"",""event_id"":""EV_001"",""date"":""2025-11-03"",""due_date"":""2025-12-03"",""status"":""completed"",""completion_pct"":100,""score"":""86"",""feedback_rating"":"""",""assigned_by"":""hr""}"
history,R001352,"{""record_id"":""R001352"",""employee_id"":""E0008"",""event_id"":""EV_001"",""date"":""2025-11-03"",""due_date"":""2025-12-03"",""status"":""completed"",""completion_pct"":100,""score"":""72"",""feedback_rating"":"""",""assigned_by"":""hr""}"
history,R001353,"{""record_id"":""R001353"",""employee_id"":""E0010"",""event_id"":""EV_001"",""date"":""2025-11-03"",""due_date"":""2025-12-03"",""status"":""completed"",""completion_pct"":100,""score"":""100"",""feedback_rating"":"""",""assigned_by"":""hr""}"
history,R001354,"{""record_id"":""R001354"",""employee_id"":""E0011"",""event_id"":""EV_001"",""date"":""2025-11-03"",""due_date"":""2025-12-03"",""status"":""overdue"",""completion_pct"":25,""score"":"""",""feedback_rating"":"""",""assigned_by"":""hr""}"
history,R001355,"{""record_id"":""R001355"",""employee_id"":""E0012"",""event_id"":""EV_001"",""date"":""2025-11-03"",""due_date"":""2025-12-03"",""status"":""completed"",""completion_pct"":100,""score"":""71"",""feedback_rating"":"""",""assigned_by"":""hr""}"
history,R001356,"{""record_id"":""R001356"",""employee_id"":""E0013"",""event_id"":""EV_001"",""date"":""2025-11-03"",""due_date"":""2025-12-03"",""status"":""completed"",""completion_pct"":100,""score"":""90"",""feedback_rating"":"""",""assigned_by"":""hr""}"
history,R001357,"{""record_id"":""R001357"",""employee_id"":""E0014"",""event_id"":""EV_001"",""date"":""2025-11-03"",""due_date"":""2025-12-03"",""status"":""completed"",""completion_pct"":100,""score"":""87"",""feedback_rating"":"""",""assigned_by"":""hr""}"
history,R001358,"{""record_id"":""R001358"",""employee_id"":""E0015"",""event_id"":""EV_001"",""date"":""2025-11-03"",""due_date"":""2025-12-03"",""status"":""completed"",""completion_pct"":100,""score"":""81"",""feedback_rating"":"""",""assigned_by"":""hr""}"
history,R001359,"{""record_id"":""R001359"",""employee_id"":""E0017"",""event_id"":""EV_001"",""date"":""2025-11-03"",""due_date"":""2025-12-03"",""status"":""completed"",""completion_pct"":100,""score"":""92"",""feedback_rating"":"""",""assigned_by"":""hr""}"
history,R001360,"{""record_id"":""R001360"",""employee_id"":""E0018"",""event_id"":""EV_001"",""date"":""2025-11-03"",""due_date"":""2025-12-03"",""status"":""completed"",""completion_pct"":100,""score"":""98"",""feedback_rating"":"""",""assigned_by"":""hr""}"
history,R001361,"{""record_id"":""R001361"",""employee_id"":""E0019"",""event_id"":""EV_001"",""date"":""2025-11-03"",""due_date"":""2025-12-03"",""status"":""completed"",""completion_pct"":100,""score"":""91"",""feedback_rating"":"""",""assigned_by"":""hr""}"
history,R001362,"{""record_id"":""R001362"",""employee_id"":""E0020"",""event_id"":""EV_001"",""date"":""2025-11-03"",""due_date"":""2025-12-03"",""status"":""completed"",""completion_pct"":100,""score"":""84"",""feedback_rating"":"""",""assigned_by"":""hr""}"
history,R001363,"{""record_id"":""R001363"",""employee_id"":""E0021"",""event_id"":""EV_001"",""date"":""2025-11-03"",""due_date"":""2025-12-03"",""status"":""completed"",""completion_pct"":100,""score"":""78"",""feedback_rating"":"""",""assigned_by"":""hr""}"
history,R001364,"{""record_id"":""R001364"",""employee_id"":""E0023"",""event_id"":""EV_001"",""date"":""2025-11-03"",""due_date"":""2025-12-03"",""status"":""completed"",""completion_pct"":100,""score"":""85"",""feedback_rating"":"""",""assigned_by"":""hr""}"
history,R001365,"{""record_id"":""R001365"",""employee_id"":""E0025"",""event_id"":""EV_001"",""date"":""2025-11-03"",""due_date"":""2025-12-03"",""status"":""overdue"",""completion_pct"":40,""score"":"""",""feedback_rating"":"""",""assigned_by"":""hr""}"
history,R001366,"{""record_id"":""R001366"",""employee_id"":""E0026"",""event_id"":""EV_001"",""date"":""2025-11-03"",""due_date"":""2025-12-03"",""status"":""overdue"",""completion_pct"":0,""score"":"""",""feedback_rating"":"""",""assigned_by"":""hr""}"
history,R001367,"{""record_id"":""R001367"",""employee_id"":""E0027"",""event_id"":""EV_001"",""date"":""2025-11-03"",""due_date"":""2025-12-03"",""status"":""completed"",""completion_pct"":100,""score"":""85"",""feedback_rating"":"""",""assigned_by"":""hr""}"
history,R001368,"{""record_id"":""R001368"",""employee_id"":""E0028"",""event_id"":""EV_001"",""date"":""2025-11-03"",""due_date"":""2025-12-03"",""status"":""completed"",""completion_pct"":100,""score"":""91"",""feedback_rating"":"""",""assigned_by"":""hr""}"
history,R001369,"{""record_id"":""R001369"",""employee_id"":""E0029"",""event_id"":""EV_001"",""date"":""2025-11-03"",""due_date"":""2025-12-03"",""status"":""completed"",""completion_pct"":100,""score"":""79"",""feedback_rating"":"""",""assigned_by"":""hr""}"
history,R001370,"{""record_id"":""R001370"",""employee_id"":""E0030"",""event_id"":""EV_001"",""date"":""2025-11-03"",""due_date"":""2025-12-03"",""status"":""completed"",""completion_pct"":100,""score"":""100"",""feedback_rating"":"""",""assigned_by"":""hr""}"
history,R001371,"{""record_id"":""R001371"",""employee_id"":""E0031"",""event_id"":""EV_001"",""date"":""2025-11-03"",""due_date"":""2025-12-03"",""status"":""completed"",""completion_pct"":100,""score"":""76"",""feedback_rating"":"""",""assigned_by"":""hr""}"
history,R001372,"{""record_id"":""R001372"",""employee_id"":""E0032"",""event_id"":""EV_001"",""date"":""2025-11-03"",""due_date"":""2025-12-03"",""status"":""completed"",""completion_pct"":100,""score"":""93"",""feedback_rating"":"""",""assigned_by"":""hr""}"
history,R001373,"{""record_id"":""R001373"",""employee_id"":""E0035"",""event_id"":""EV_001"",""date"":""2025-11-03"",""due_date"":""2025-12-03"",""status"":""completed"",""completion_pct"":100,""score"":""98"",""feedback_rating"":"""",""assigned_by"":""hr""}"
history,R001374,"{""record_id"":""R001374"",""employee_id"":""E0036"",""event_id"":""EV_001"",""date"":""2025-11-03"",""due_date"":""2025-12-03"",""status"":""completed"",""completion_pct"":100,""score"":""100"",""feedback_rating"":"""",""assigned_by"":""hr""}"
history,R001375,"{""record_id"":""R001375"",""employee_id"":""E0037"",""event_id"":""EV_001"",""date"":""2025-11-03"",""due_date"":""2025-12-03"",""status"":""completed"",""completion_pct"":100,""score"":""85"",""feedback_rating"":"""",""assigned_by"":""hr""}"
history,R001376,"{""record_id"":""R001376"",""employee_id"":""E0038"",""event_id"":""EV_001"",""date"":""2025-11-03"",""due_date"":""2025-12-03"",""status"":""completed"",""completion_pct"":100,""score"":""92"",""feedback_rating"":"""",""assigned_by"":""hr""}"
history,R001377,"{""record_id"":""R001377"",""employee_id"":""E0039"",""event_id"":""EV_001"",""date"":""2025-11-03"",""due_date"":""2025-12-03"",""status"":""overdue"",""completion_pct"":40,""score"":"""",""feedback_rating"":"""",""assigned_by"":""hr""}"
history,R001378,"{""record_id"":""R001378"",""employee_id"":""E0040"",""event_id"":""EV_001"",""date"":""2025-11-03"",""due_date"":""2025-12-03"",""status"":""completed"",""completion_pct"":100,""score"":""80"",""feedback_rating"":"""",""assigned_by"":""hr""}"
history,R001379,"{""record_id"":""R001379"",""employee_id"":""E0041"",""event_id"":""EV_001"",""date"":""2025-11-03"",""due_date"":""2025-12-03"",""status"":""completed"",""completion_pct"":100,""score"":""75"",""feedback_rating"":"""",""assigned_by"":""hr""}"
history,R001380,"{""record_id"":""R001380"",""employee_id"":""E0042"",""event_id"":""EV_001"",""date"":""2025-11-03"",""due_date"":""2025-12-03"",""status"":""completed"",""completion_pct"":100,""score"":""83"",""feedback_rating"":"""",""assigned_by"":""hr""}"
history,R001381,"{""record_id"":""R001381"",""employee_id"":""E0043"",""event_id"":""EV_001"",""date"":""2025-11-03"",""due_date"":""2025-12-03"",""status"":""completed"",""completion_pct"":100,""score"":""79"",""feedback_rating"":"""",""assigned_by"":""hr""}"
history,R001382,"{""record_id"":""R001382"",""employee_id"":""E0044"",""event_id"":""EV_001"",""date"":""2025-11-03"",""due_date"":""2025-12-03"",""status"":""completed"",""completion_pct"":100,""score"":""97"",""feedback_rating"":"""",""assigned_by"":""hr""}"
history,R001383,"{""record_id"":""R001383"",""employee_id"":""E0045"",""event_id"":""EV_001"",""date"":""2025-11-03"",""due_date"":""2025-12-03"",""status"":""completed"",""completion_pct"":100,""score"":""95"",""feedback_rating"":"""",""assigned_by"":""hr""}"
history,R001384,"{""record_id"":""R001384"",""employee_id"":""E0046"",""event_id"":""EV_001"",""date"":""2025-11-03"",""due_date"":""2025-12-03"",""status"":""completed"",""completion_pct"":100,""score"":""71"",""feedback_rating"":"""",""assigned_by"":""hr""}"
history,R001385,"{""record_id"":""R001385"",""employee_id"":""E0047"",""event_id"":""EV_001"",""date"":""2025-11-03"",""due_date"":""2025-12-03"",""status"":""completed"",""completion_pct"":100,""score"":""84"",""feedback_rating"":"""",""assigned_by"":""hr""}"
history,R001386,"{""record_id"":""R001386"",""employee_id"":""E0048"",""event_id"":""EV_001"",""date"":""2025-11-03"",""due_date"":""2025-12-03"",""status"":""completed"",""completion_pct"":100,""score"":""83"",""feedback_rating"":"""",""assigned_by"":""hr""}"
history,R001387,"{""record_id"":""R001387"",""employee_id"":""E0050"",""event_id"":""EV_001"",""date"":""2025-11-03"",""due_date"":""2025-12-03"",""status"":""completed"",""completion_pct"":100,""score"":""98"",""feedback_rating"":"""",""assigned_by"":""hr""}"
history,R001388,"{""record_id"":""R001388"",""employee_id"":""E0051"",""event_id"":""EV_001"",""date"":""2025-11-03"",""due_date"":""2025-12-03"",""status"":""overdue"",""completion_pct"":0,""score"":"""",""feedback_rating"":"""",""assigned_by"":""hr""}"
history,R001389,"{""record_id"":""R001389"",""employee_id"":""E0052"",""event_id"":""EV_001"",""date"":""2025-11-03"",""due_date"":""2025-12-03"",""status"":""completed"",""completion_pct"":100,""score"":""72"",""feedback_rating"":"""",""assigned_by"":""hr""}"
history,R001390,"{""record_id"":""R001390"",""employee_id"":""E0053"",""event_id"":""EV_001"",""date"":""2025-11-03"",""due_date"":""2025-12-03"",""status"":""overdue"",""completion_pct"":0,""score"":"""",""feedback_rating"":"""",""assigned_by"":""hr""}"
history,R001391,"{""record_id"":""R001391"",""employee_id"":""E0054"",""event_id"":""EV_001"",""date"":""2025-11-03"",""due_date"":""2025-12-03"",""status"":""completed"",""completion_pct"":100,""score"":""99"",""feedback_rating"":"""",""assigned_by"":""hr""}"
history,R001392,"{""record_id"":""R001392"",""employee_id"":""E0055"",""event_id"":""EV_001"",""date"":""2025-11-03"",""due_date"":""2025-12-03"",""status"":""completed"",""completion_pct"":100,""score"":""95"",""feedback_rating"":"""",""assigned_by"":""hr""}"
history,R001393,"{""record_id"":""R001393"",""employee_id"":""E0056"",""event_id"":""EV_001"",""date"":""2025-11-03"",""due_date"":""2025-12-03"",""status"":""completed"",""completion_pct"":100,""score"":""90"",""feedback_rating"":"""",""assigned_by"":""hr""}"
history,R001394,"{""record_id"":""R001394"",""employee_id"":""E0057"",""event_id"":""EV_001"",""date"":""2025-11-03"",""due_date"":""2025-12-03"",""status"":""completed"",""completion_pct"":100,""score"":""83"",""feedback_rating"":"""",""assigned_by"":""hr""}"
history,R001395,"{""record_id"":""R001395"",""employee_id"":""E0059"",""event_id"":""EV_001"",""date"":""2025-11-03"",""due_date"":""2025-12-03"",""status"":""completed"",""completion_pct"":100,""score"":""73"",""feedback_rating"":"""",""assigned_by"":""hr""}"
history,R001396,"{""record_id"":""R001396"",""employee_id"":""E0060"",""event_id"":""EV_001"",""date"":""2025-11-03"",""due_date"":""2025-12-03"",""status"":""overdue"",""completion_pct"":10,""score"":"""",""feedback_rating"":"""",""assigned_by"":""hr""}"
history,R001397,"{""record_id"":""R001397"",""employee_id"":""E0061"",""event_id"":""EV_001"",""date"":""2025-11-03"",""due_date"":""2025-12-03"",""status"":""completed"",""completion_pct"":100,""score"":""71"",""feedback_rating"":"""",""assigned_by"":""hr""}"
history,R001398,"{""record_id"":""R001398"",""employee_id"":""E0062"",""event_id"":""EV_001"",""date"":""2025-11-03"",""due_date"":""2025-12-03"",""status"":""completed"",""completion_pct"":100,""score"":""93"",""feedback_rating"":"""",""assigned_by"":""hr""}"
history,R001399,"{""record_id"":""R001399"",""employee_id"":""E0063"",""event_id"":""EV_001"",""date"":""2025-11-03"",""due_date"":""2025-12-03"",""status"":""completed"",""completion_pct"":100,""score"":""81"",""feedback_rating"":"""",""assigned_by"":""hr""}"
history,R001400,"{""record_id"":""R001400"",""employee_id"":""E0064"",""event_id"":""EV_001"",""date"":""2025-11-03"",""due_date"":""2025-12-03"",""status"":""overdue"",""completion_pct"":60,""score"":"""",""feedback_rating"":"""",""assigned_by"":""hr""}"
history,R001401,"{""record_id"":""R001401"",""employee_id"":""E0065"",""event_id"":""EV_001"",""date"":""2025-11-03"",""due_date"":""2025-12-03"",""status"":""completed"",""completion_pct"":100,""score"":""90"",""feedback_rating"":"""",""assigned_by"":""hr""}"
history,R001402,"{""record_id"":""R001402"",""employee_id"":""E0066"",""event_id"":""EV_001"",""date"":""2025-11-03"",""due_date"":""2025-12-03"",""status"":""completed"",""completion_pct"":100,""score"":""89"",""feedback_rating"":"""",""assigned_by"":""hr""}"
history,R001403,"{""record_id"":""R001403"",""employee_id"":""E0067"",""event_id"":""EV_001"",""date"":""2025-11-03"",""due_date"":""2025-12-03"",""status"":""completed"",""completion_pct"":100,""score"":""98"",""feedback_rating"":"""",""assigned_by"":""hr""}"
history,R001404,"{""record_id"":""R001404"",""employee_id"":""E0068"",""event_id"":""EV_001"",""date"":""2025-11-03"",""due_date"":""2025-12-03"",""status"":""completed"",""completion_pct"":100,""score"":""80"",""feedback_rating"":"""",""assigned_by"":""hr""}"
history,R001405,"{""record_id"":""R001405"",""employee_id"":""E0069"",""event_id"":""EV_001"",""date"":""2025-11-03"",""due_date"":""2025-12-03"",""status"":""completed"",""completion_pct"":100,""score"":""90"",""feedback_rating"":"""",""assigned_by"":""hr""}"
history,R001406,"{""record_id"":""R001406"",""employee_id"":""E0070"",""event_id"":""EV_001"",""date"":""2025-11-03"",""due_date"":""2025-12-03"",""status"":""completed"",""completion_pct"":100,""score"":""78"",""feedback_rating"":"""",""assigned_by"":""hr""}"
history,R001407,"{""record_id"":""R001407"",""employee_id"":""E0071"",""event_id"":""EV_001"",""date"":""2025-11-03"",""due_date"":""2025-12-03"",""status"":""completed"",""completion_pct"":100,""score"":""89"",""feedback_rating"":"""",""assigned_by"":""hr""}"
history,R001408,"{""record_id"":""R001408"",""employee_id"":""E0072"",""event_id"":""EV_001"",""date"":""2025-11-03"",""due_date"":""2025-12-03"",""status"":""completed"",""completion_pct"":100,""score"":""99"",""feedback_rating"":"""",""assigned_by"":""hr""}"
history,R001409,"{""record_id"":""R001409"",""employee_id"":""E0073"",""event_id"":""EV_001"",""date"":""2025-11-03"",""due_date"":""2025-12-03"",""status"":""completed"",""completion_pct"":100,""score"":""84"",""feedback_rating"":"""",""assigned_by"":""hr""}"
history,R001410,"{""record_id"":""R001410"",""employee_id"":""E0074"",""event_id"":""EV_001"",""date"":""2025-11-03"",""due_date"":""2025-12-03"",""status"":""completed"",""completion_pct"":100,""score"":""94"",""feedback_rating"":"""",""assigned_by"":""hr""}"
history,R001411,"{""record_id"":""R001411"",""employee_id"":""E0075"",""event_id"":""EV_001"",""date"":""2025-11-03"",""due_date"":""2025-12-03"",""status"":""overdue"",""completion_pct"":0,""score"":"""",""feedback_rating"":"""",""assigned_by"":""hr""}"
history,R001412,"{""record_id"":""R001412"",""employee_id"":""E0078"",""event_id"":""EV_001"",""date"":""2025-11-03"",""due_date"":""2025-12-03"",""status"":""completed"",""completion_pct"":100,""score"":""84"",""feedback_rating"":"""",""assigned_by"":""hr""}"
history,R001413,"{""record_id"":""R001413"",""employee_id"":""E0079"",""event_id"":""EV_001"",""date"":""2025-11-03"",""due_date"":""2025-12-03"",""status"":""completed"",""completion_pct"":100,""score"":""79"",""feedback_rating"":"""",""assigned_by"":""hr""}"
history,R001414,"{""record_id"":""R001414"",""employee_id"":""E0080"",""event_id"":""EV_001"",""date"":""2025-11-03"",""due_date"":""2025-12-03"",""status"":""completed"",""completion_pct"":100,""score"":""90"",""feedback_rating"":"""",""assigned_by"":""hr""}"
history,R001415,"{""record_id"":""R001415"",""employee_id"":""E0081"",""event_id"":""EV_001"",""date"":""2025-11-03"",""due_date"":""2025-12-03"",""status"":""overdue"",""completion_pct"":60,""score"":"""",""feedback_rating"":"""",""assigned_by"":""hr""}"
history,R001416,"{""record_id"":""R001416"",""employee_id"":""E0082"",""event_id"":""EV_001"",""date"":""2025-11-03"",""due_date"":""2025-12-03"",""status"":""overdue"",""completion_pct"":60,""score"":"""",""feedback_rating"":"""",""assigned_by"":""hr""}"
history,R001417,"{""record_id"":""R001417"",""employee_id"":""E0082"",""event_id"":""EV_009"",""date"":""2025-11-03"",""due_date"":"""",""status"":""completed"",""completion_pct"":100,""score"":""80"",""feedback_rating"":"""",""assigned_by"":""manager""}"
history,R001418,"{""record_id"":""R001418"",""employee_id"":""E0083"",""event_id"":""EV_001"",""date"":""2025-11-03"",""due_date"":""2025-12-03"",""status"":""completed"",""completion_pct"":100,""score"":""78"",""feedback_rating"":"""",""assigned_by"":""hr""}"
history,R001419,"{""record_id"":""R001419"",""employee_id"":""E0085"",""event_id"":""EV_001"",""date"":""2025-11-03"",""due_date"":""2025-12-03"",""status"":""completed"",""completion_pct"":100,""score"":""97"",""feedback_rating"":"""",""assigned_by"":""hr""}"
history,R001420,"{""record_id"":""R001420"",""employee_id"":""E0086"",""event_id"":""EV_001"",""date"":""2025-11-03"",""due_date"":""2025-12-03"",""status"":""completed"",""completion_pct"":100,""score"":""77"",""feedback_rating"":"""",""assigned_by"":""hr""}"
history,R001421,"{""record_id"":""R001421"",""employee_id"":""E0087"",""event_id"":""EV_001"",""date"":""2025-11-03"",""due_date"":""2025-12-03"",""status"":""completed"",""completion_pct"":100,""score"":""97"",""feedback_rating"":"""",""assigned_by"":""hr""}"
history,R001422,"{""record_id"":""R001422"",""employee_id"":""E0088"",""event_id"":""EV_001"",""date"":""2025-11-03"",""due_date"":""2025-12-03"",""status"":""completed"",""completion_pct"":100,""score"":""84"",""feedback_rating"":"""",""assigned_by"":""hr""}"
history,R001423,"{""record_id"":""R001423"",""employee_id"":""E0090"",""event_id"":""EV_001"",""date"":""2025-11-03"",""due_date"":""2025-12-03"",""status"":""overdue"",""completion_pct"":10,""score"":"""",""feedback_rating"":"""",""assigned_by"":""hr""}"
history,R001424,"{""record_id"":""R001424"",""employee_id"":""E0091"",""event_id"":""EV_001"",""date"":""2025-11-03"",""due_date"":""2025-12-03"",""status"":""completed"",""completion_pct"":100,""score"":""86"",""feedback_rating"":"""",""assigned_by"":""hr""}"
history,R001425,"{""record_id"":""R001425"",""employee_id"":""E0092"",""event_id"":""EV_001"",""date"":""2025-11-03"",""due_date"":""2025-12-03"",""status"":""completed"",""completion_pct"":100,""score"":""81"",""feedback_rating"":"""",""assigned_by"":""hr""}"
history,R001426,"{""record_id"":""R001426"",""employee_id"":""E0093"",""event_id"":""EV_001"",""date"":""2025-11-03"",""due_date"":""2025-12-03"",""status"":""completed"",""completion_pct"":100,""score"":""99"",""feedback_rating"":"""",""assigned_by"":""hr""}"
history,R001427,"{""record_id"":""R001427"",""employee_id"":""E0094"",""event_id"":""EV_001"",""date"":""2025-11-03"",""due_date"":""2025-12-03"",""status"":""completed"",""completion_pct"":100,""score"":""82"",""feedback_rating"":"""",""assigned_by"":""hr""}"
history,R001428,"{""record_id"":""R001428"",""employee_id"":""E0095"",""event_id"":""EV_001"",""date"":""2025-11-03"",""due_date"":""2025-12-03"",""status"":""completed"",""completion_pct"":100,""score"":""83"",""feedback_rating"":"""",""assigned_by"":""hr""}"
history,R001429,"{""record_id"":""R001429"",""employee_id"":""E0097"",""event_id"":""EV_001"",""date"":""2025-11-03"",""due_date"":""2025-12-03"",""status"":""completed"",""completion_pct"":100,""score"":""87"",""feedback_rating"":"""",""assigned_by"":""hr""}"
history,R001430,"{""record_id"":""R001430"",""employee_id"":""E0098"",""event_id"":""EV_001"",""date"":""2025-11-03"",""due_date"":""2025-12-03"",""status"":""completed"",""completion_pct"":100,""score"":""87"",""feedback_rating"":"""",""assigned_by"":""hr""}"
history,R001431,"{""record_id"":""R001431"",""employee_id"":""E0099"",""event_id"":""EV_001"",""date"":""2025-11-03"",""due_date"":""2025-12-03"",""status"":""completed"",""completion_pct"":100,""score"":""90"",""feedback_rating"":"""",""assigned_by"":""hr""}"
history,R001432,"{""record_id"":""R001432"",""employee_id"":""E0100"",""event_id"":""EV_001"",""date"":""2025-11-03"",""due_date"":""2025-12-03"",""status"":""completed"",""completion_pct"":100,""score"":""78"",""feedback_rating"":"""",""assigned_by"":""hr""}"
history,R001433,"{""record_id"":""R001433"",""employee_id"":""E0102"",""event_id"":""EV_001"",""date"":""2025-11-03"",""due_date"":""2025-12-03"",""status"":""completed"",""completion_pct"":100,""score"":""76"",""feedback_rating"":"""",""assigned_by"":""hr""}"
history,R001434,"{""record_id"":""R001434"",""employee_id"":""E0103"",""event_id"":""EV_001"",""date"":""2025-11-03"",""due_date"":""2025-12-03"",""status"":""completed"",""completion_pct"":100,""score"":""100"",""feedback_rating"":"""",""assigned_by"":""hr""}"
history,R001435,"{""record_id"":""R001435"",""employee_id"":""E0105"",""event_id"":""EV_001"",""date"":""2025-11-03"",""due_date"":""2025-12-03"",""status"":""completed"",""completion_pct"":100,""score"":""80"",""feedback_rating"":"""",""assigned_by"":""hr""}"
history,R001436,"{""record_id"":""R001436"",""employee_id"":""E0106"",""event_id"":""EV_001"",""date"":""2025-11-03"",""due_date"":""2025-12-03"",""status"":""completed"",""completion_pct"":100,""score"":""73"",""feedback_rating"":"""",""assigned_by"":""hr""}"
history,R001437,"{""record_id"":""R001437"",""employee_id"":""E0107"",""event_id"":""EV_001"",""date"":""2025-11-03"",""due_date"":""2025-12-03"",""status"":""completed"",""completion_pct"":100,""score"":""98"",""feedback_rating"":"""",""assigned_by"":""hr""}"
history,R001438,"{""record_id"":""R001438"",""employee_id"":""E0108"",""event_id"":""EV_001"",""date"":""2025-11-03"",""due_date"":""2025-12-03"",""status"":""overdue"",""completion_pct"":25,""score"":"""",""feedback_rating"":"""",""assigned_by"":""hr""}"
history,R001439,"{""record_id"":""R001439"",""employee_id"":""E0109"",""event_id"":""EV_001"",""date"":""2025-11-03"",""due_date"":""2025-12-03"",""status"":""completed"",""completion_pct"":100,""score"":""73"",""feedback_rating"":"""",""assigned_by"":""hr""}"
history,R001440,"{""record_id"":""R001440"",""employee_id"":""E0111"",""event_id"":""EV_001"",""date"":""2025-11-03"",""due_date"":""2025-12-03"",""status"":""completed"",""completion_pct"":100,""score"":""75"",""feedback_rating"":"""",""assigned_by"":""hr""}"
history,R001441,"{""record_id"":""R001441"",""employee_id"":""E0112"",""event_id"":""EV_001"",""date"":""2025-11-03"",""due_date"":""2025-12-03"",""status"":""completed"",""completion_pct"":100,""score"":""83"",""feedback_rating"":"""",""assigned_by"":""hr""}"
history,R001442,"{""record_id"":""R001442"",""employee_id"":""E0113"",""event_id"":""EV_001"",""date"":""2025-11-03"",""due_date"":""2025-12-03"",""status"":""completed"",""completion_pct"":100,""score"":""88"",""feedback_rating"":"""",""assigned_by"":""hr""}"
history,R001443,"{""record_id"":""R001443"",""employee_id"":""E0114"",""event_id"":""EV_001"",""date"":""2025-11-03"",""due_date"":""2025-12-03"",""status"":""completed"",""completion_pct"":100,""score"":""85"",""feedback_rating"":"""",""assigned_by"":""hr""}"
history,R001444,"{""record_id"":""R001444"",""employee_id"":""E0115"",""event_id"":""EV_001"",""date"":""2025-11-03"",""due_date"":""2025-12-03"",""status"":""completed"",""completion_pct"":100,""score"":""73"",""feedback_rating"":"""",""assigned_by"":""hr""}"
history,R001445,"{""record_id"":""R001445"",""employee_id"":""E0116"",""event_id"":""EV_001"",""date"":""2025-11-03"",""due_date"":""2025-12-03"",""status"":""completed"",""completion_pct"":100,""score"":""98"",""feedback_rating"":"""",""assigned_by"":""hr""}"
history,R001446,"{""record_id"":""R001446"",""employee_id"":""E0118"",""event_id"":""EV_001"",""date"":""2025-11-03"",""due_date"":""2025-12-03"",""status"":""completed"",""completion_pct"":100,""score"":""97"",""feedback_rating"":"""",""assigned_by"":""hr""}"
history,R001447,"{""record_id"":""R001447"",""employee_id"":""E0120"",""event_id"":""EV_001"",""date"":""2025-11-03"",""due_date"":""2025-12-03"",""status"":""completed"",""completion_pct"":100,""score"":""79"",""feedback_rating"":"""",""assigned_by"":""hr""}"
history,R001448,"{""record_id"":""R001448"",""employee_id"":""E0122"",""event_id"":""EV_001"",""date"":""2025-11-03"",""due_date"":""2025-12-03"",""status"":""completed"",""completion_pct"":100,""score"":""96"",""feedback_rating"":"""",""assigned_by"":""hr""}"
history,R001449,"{""record_id"":""R001449"",""employee_id"":""E0123"",""event_id"":""EV_001"",""date"":""2025-11-03"",""due_date"":""2025-12-03"",""status"":""completed"",""completion_pct"":100,""score"":""75"",""feedback_rating"":"""",""assigned_by"":""hr""}"
history,R001450,"{""record_id"":""R001450"",""employee_id"":""E0124"",""event_id"":""EV_001"",""date"":""2025-11-03"",""due_date"":""2025-12-03"",""status"":""completed"",""completion_pct"":100,""score"":""80"",""feedback_rating"":"""",""assigned_by"":""hr""}"
history,R001451,"{""record_id"":""R001451"",""employee_id"":""E0127"",""event_id"":""EV_001"",""date"":""2025-11-03"",""due_date"":""2025-12-03"",""status"":""completed"",""completion_pct"":100,""score"":""77"",""feedback_rating"":"""",""assigned_by"":""hr""}"
history,R001452,"{""record_id"":""R001452"",""employee_id"":""E0128"",""event_id"":""EV_001"",""date"":""2025-11-03"",""due_date"":""2025-12-03"",""status"":""completed"",""completion_pct"":100,""score"":""81"",""feedback_rating"":"""",""assigned_by"":""hr""}"
history,R001453,"{""record_id"":""R001453"",""employee_id"":""E0130"",""event_id"":""EV_001"",""date"":""2025-11-03"",""due_date"":""2025-12-03"",""status"":""completed"",""completion_pct"":100,""score"":""89"",""feedback_rating"":"""",""assigned_by"":""hr""}"
history,R001454,"{""record_id"":""R001454"",""employee_id"":""E0131"",""event_id"":""EV_001"",""date"":""2025-11-03"",""due_date"":""2025-12-03"",""status"":""completed"",""completion_pct"":100,""score"":""73"",""feedback_rating"":"""",""assigned_by"":""hr""}"
history,R001455,"{""record_id"":""R001455"",""employee_id"":""E0132"",""event_id"":""EV_001"",""date"":""2025-11-03"",""due_date"":""2025-12-03"",""status"":""completed"",""completion_pct"":100,""score"":""77"",""feedback_rating"":"""",""assigned_by"":""hr""}"
history,R001456,"{""record_id"":""R001456"",""employee_id"":""E0133"",""event_id"":""EV_001"",""date"":""2025-11-03"",""due_date"":""2025-12-03"",""status"":""completed"",""completion_pct"":100,""score"":""77"",""feedback_rating"":"""",""assigned_by"":""hr""}"
history,R001457,"{""record_id"":""R001457"",""employee_id"":""E0134"",""event_id"":""EV_001"",""date"":""2025-11-03"",""due_date"":""2025-12-03"",""status"":""completed"",""completion_pct"":100,""score"":""89"",""feedback_rating"":"""",""assigned_by"":""hr""}"
history,R001458,"{""record_id"":""R001458"",""employee_id"":""E0136"",""event_id"":""EV_001"",""date"":""2025-11-03"",""due_date"":""2025-12-03"",""status"":""completed"",""completion_pct"":100,""score"":""79"",""feedback_rating"":"""",""assigned_by"":""hr""}"
history,R001459,"{""record_id"":""R001459"",""employee_id"":""E0137"",""event_id"":""EV_001"",""date"":""2025-11-03"",""due_date"":""2025-12-03"",""status"":""completed"",""completion_pct"":100,""score"":""74"",""feedback_rating"":"""",""assigned_by"":""hr""}"
history,R001460,"{""record_id"":""R001460"",""employee_id"":""E0138"",""event_id"":""EV_001"",""date"":""2025-11-03"",""due_date"":""2025-12-03"",""status"":""overdue"",""completion_pct"":10,""score"":"""",""feedback_rating"":"""",""assigned_by"":""hr""}"
history,R001461,"{""record_id"":""R001461"",""employee_id"":""E0139"",""event_id"":""EV_001"",""date"":""2025-11-03"",""due_date"":""2025-12-03"",""status"":""completed"",""completion_pct"":100,""score"":""90"",""feedback_rating"":"""",""assigned_by"":""hr""}"
history,R001462,"{""record_id"":""R001462"",""employee_id"":""E0140"",""event_id"":""EV_001"",""date"":""2025-11-03"",""due_date"":""2025-12-03"",""status"":""completed"",""completion_pct"":100,""score"":""79"",""feedback_rating"":"""",""assigned_by"":""hr""}"
history,R001463,"{""record_id"":""R001463"",""employee_id"":""E0143"",""event_id"":""EV_001"",""date"":""2025-11-03"",""due_date"":""2025-12-03"",""status"":""completed"",""completion_pct"":100,""score"":""71"",""feedback_rating"":"""",""assigned_by"":""hr""}"
history,R001464,"{""record_id"":""R001464"",""employee_id"":""E0144"",""event_id"":""EV_001"",""date"":""2025-11-03"",""due_date"":""2025-12-03"",""status"":""completed"",""completion_pct"":100,""score"":""84"",""feedback_rating"":"""",""assigned_by"":""hr""}"
history,R001465,"{""record_id"":""R001465"",""employee_id"":""E0145"",""event_id"":""EV_001"",""date"":""2025-11-03"",""due_date"":""2025-12-03"",""status"":""completed"",""completion_pct"":100,""score"":""94"",""feedback_rating"":"""",""assigned_by"":""hr""}"
history,R001466,"{""record_id"":""R001466"",""employee_id"":""E0147"",""event_id"":""EV_001"",""date"":""2025-11-03"",""due_date"":""2025-12-03"",""status"":""completed"",""completion_pct"":100,""score"":""98"",""feedback_rating"":"""",""assigned_by"":""hr""}"
history,R001467,"{""record_id"":""R001467"",""employee_id"":""E0148"",""event_id"":""EV_001"",""date"":""2025-11-03"",""due_date"":""2025-12-03"",""status"":""completed"",""completion_pct"":100,""score"":""94"",""feedback_rating"":"""",""assigned_by"":""hr""}"
history,R001468,"{""record_id"":""R001468"",""employee_id"":""E0149"",""event_id"":""EV_001"",""date"":""2025-11-03"",""due_date"":""2025-12-03"",""status"":""overdue"",""completion_pct"":0,""score"":"""",""feedback_rating"":"""",""assigned_by"":""hr""}"
history,R001469,"{""record_id"":""R001469"",""employee_id"":""E0150"",""event_id"":""EV_001"",""date"":""2025-11-03"",""due_date"":""2025-12-03"",""status"":""overdue"",""completion_pct"":10,""score"":"""",""feedback_rating"":"""",""assigned_by"":""hr""}"
history,R001470,"{""record_id"":""R001470"",""employee_id"":""E0153"",""event_id"":""EV_001"",""date"":""2025-11-03"",""due_date"":""2025-12-03"",""status"":""completed"",""completion_pct"":100,""score"":""77"",""feedback_rating"":"""",""assigned_by"":""hr""}"
history,R001471,"{""record_id"":""R001471"",""employee_id"":""E0154"",""event_id"":""EV_001"",""date"":""2025-11-03"",""due_date"":""2025-12-03"",""status"":""overdue"",""completion_pct"":0,""score"":"""",""feedback_rating"":"""",""assigned_by"":""hr""}"
history,R001472,"{""record_id"":""R001472"",""employee_id"":""E0155"",""event_id"":""EV_001"",""date"":""2025-11-03"",""due_date"":""2025-12-03"",""status"":""overdue"",""completion_pct"":0,""score"":"""",""feedback_rating"":"""",""assigned_by"":""hr""}"
history,R001473,"{""record_id"":""R001473"",""employee_id"":""E0157"",""event_id"":""EV_004"",""date"":""2025-11-03"",""due_date"":""2025-11-12"",""status"":""completed"",""completion_pct"":100,""score"":"""",""feedback_rating"":"""",""assigned_by"":""hr""}"
history,R001474,"{""record_id"":""R001474"",""employee_id"":""E0158"",""event_id"":""EV_001"",""date"":""2025-11-03"",""due_date"":""2025-12-03"",""status"":""overdue"",""completion_pct"":0,""score"":"""",""feedback_rating"":"""",""assigned_by"":""hr""}"
history,R001475,"{""record_id"":""R001475"",""employee_id"":""E0160"",""event_id"":""EV_001"",""date"":""2025-11-03"",""due_date"":""2025-12-03"",""status"":""completed"",""completion_pct"":100,""score"":""71"",""feedback_rating"":"""",""assigned_by"":""hr""}"
history,R001476,"{""record_id"":""R001476"",""employee_id"":""E0161"",""event_id"":""EV_001"",""date"":""2025-11-03"",""due_date"":""2025-12-03"",""status"":""overdue"",""completion_pct"":0,""score"":"""",""feedback_rating"":"""",""assigned_by"":""hr""}"
history,R001477,"{""record_id"":""R001477"",""employee_id"":""E0162"",""event_id"":""EV_001"",""date"":""2025-11-03"",""due_date"":""2025-12-03"",""status"":""completed"",""completion_pct"":100,""score"":""74"",""feedback_rating"":"""",""assigned_by"":""hr""}"
history,R001478,"{""record_id"":""R001478"",""employee_id"":""E0163"",""event_id"":""EV_001"",""date"":""2025-11-03"",""due_date"":""2025-12-03"",""status"":""overdue"",""completion_pct"":10,""score"":"""",""feedback_rating"":"""",""assigned_by"":""hr""}"
history,R001479,"{""record_id"":""R001479"",""employee_id"":""E0164"",""event_id"":""EV_001"",""date"":""2025-11-03"",""due_date"":""2025-12-03"",""status"":""completed"",""completion_pct"":100,""score"":""83"",""feedback_rating"":"""",""assigned_by"":""hr""}"
history,R001480,"{""record_id"":""R001480"",""employee_id"":""E0165"",""event_id"":""EV_001"",""date"":""2025-11-03"",""due_date"":""2025-12-03"",""status"":""completed"",""completion_pct"":100,""score"":""86"",""feedback_rating"":"""",""assigned_by"":""hr""}"
history,R001481,"{""record_id"":""R001481"",""employee_id"":""E0166"",""event_id"":""EV_001"",""date"":""2025-11-03"",""due_date"":""2025-12-03"",""status"":""completed"",""completion_pct"":100,""score"":""91"",""feedback_rating"":"""",""assigned_by"":""hr""}"
history,R001482,"{""record_id"":""R001482"",""employee_id"":""E0168"",""event_id"":""EV_001"",""date"":""2025-11-03"",""due_date"":""2025-12-03"",""status"":""completed"",""completion_pct"":100,""score"":""97"",""feedback_rating"":"""",""assigned_by"":""hr""}"
history,R001483,"{""record_id"":""R001483"",""employee_id"":""E0169"",""event_id"":""EV_001"",""date"":""2025-11-03"",""due_date"":""2025-12-03"",""status"":""completed"",""completion_pct"":100,""score"":""71"",""feedback_rating"":"""",""assigned_by"":""hr""}"
history,R001484,"{""record_id"":""R001484"",""employee_id"":""E0170"",""event_id"":""EV_001"",""date"":""2025-11-03"",""due_date"":""2025-12-03"",""status"":""completed"",""completion_pct"":100,""score"":""81"",""feedback_rating"":"""",""assigned_by"":""hr""}"
history,R001485,"{""record_id"":""R001485"",""employee_id"":""E0171"",""event_id"":""EV_001"",""date"":""2025-11-03"",""due_date"":""2025-12-03"",""status"":""completed"",""completion_pct"":100,""score"":""76"",""feedback_rating"":"""",""assigned_by"":""hr""}"
history,R001486,"{""record_id"":""R001486"",""employee_id"":""E0172"",""event_id"":""EV_001"",""date"":""2025-11-03"",""due_date"":""2025-12-03"",""status"":""completed"",""completion_pct"":100,""score"":""87"",""feedback_rating"":"""",""assigned_by"":""hr""}"
history,R001487,"{""record_id"":""R001487"",""employee_id"":""E0173"",""event_id"":""EV_001"",""date"":""2025-11-03"",""due_date"":""2025-12-03"",""status"":""completed"",""completion_pct"":100,""score"":""92"",""feedback_rating"":"""",""assigned_by"":""hr""}"
history,R001488,"{""record_id"":""R001488"",""employee_id"":""E0175"",""event_id"":""EV_001"",""date"":""2025-11-03"",""due_date"":""2025-12-03"",""status"":""completed"",""completion_pct"":100,""score"":""98"",""feedback_rating"":"""",""assigned_by"":""hr""}"
history,R001489,"{""record_id"":""R001489"",""employee_id"":""E0176"",""event_id"":""EV_001"",""date"":""2025-11-03"",""due_date"":""2025-12-03"",""status"":""completed"",""completion_pct"":100,""score"":""93"",""feedback_rating"":"""",""assigned_by"":""hr""}"
history,R001490,"{""record_id"":""R001490"",""employee_id"":""E0177"",""event_id"":""EV_001"",""date"":""2025-11-03"",""due_date"":""2025-12-03"",""status"":""completed"",""completion_pct"":100,""score"":""98"",""feedback_rating"":"""",""assigned_by"":""hr""}"
history,R001491,"{""record_id"":""R001491"",""employee_id"":""E0179"",""event_id"":""EV_001"",""date"":""2025-11-03"",""due_date"":""2025-12-03"",""status"":""completed"",""completion_pct"":100,""score"":""86"",""feedback_rating"":"""",""assigned_by"":""hr""}"
history,R001492,"{""record_id"":""R001492"",""employee_id"":""E0180"",""event_id"":""EV_001"",""date"":""2025-11-03"",""due_date"":""2025-12-03"",""status"":""completed"",""completion_pct"":100,""score"":""100"",""feedback_rating"":"""",""assigned_by"":""hr""}"
history,R001493,"{""record_id"":""R001493"",""employee_id"":""E0181"",""event_id"":""EV_001"",""date"":""2025-11-03"",""due_date"":""2025-12-03"",""status"":""completed"",""completion_pct"":100,""score"":""73"",""feedback_rating"":"""",""assigned_by"":""hr""}"
history,R001494,"{""record_id"":""R001494"",""employee_id"":""E0182"",""event_id"":""EV_001"",""date"":""2025-11-03"",""due_date"":""2025-12-03"",""status"":""completed"",""completion_pct"":100,""score"":""76"",""feedback_rating"":"""",""assigned_by"":""hr""}"
history,R001495,"{""record_id"":""R001495"",""employee_id"":""E0184"",""event_id"":""EV_001"",""date"":""2025-11-03"",""due_date"":""2025-12-03"",""status"":""completed"",""completion_pct"":100,""score"":""85"",""feedback_rating"":"""",""assigned_by"":""hr""}"
history,R001496,"{""record_id"":""R001496"",""employee_id"":""E0185"",""event_id"":""EV_001"",""date"":""2025-11-03"",""due_date"":""2025-12-03"",""status"":""completed"",""completion_pct"":100,""score"":""83"",""feedback_rating"":"""",""assigned_by"":""hr""}"
history,R001497,"{""record_id"":""R001497"",""employee_id"":""E0186"",""event_id"":""EV_001"",""date"":""2025-11-03"",""due_date"":""2025-12-03"",""status"":""completed"",""completion_pct"":100,""score"":""70"",""feedback_rating"":"""",""assigned_by"":""hr""}"
history,R001498,"{""record_id"":""R001498"",""employee_id"":""E0187"",""event_id"":""EV_001"",""date"":""2025-11-03"",""due_date"":""2025-12-03"",""status"":""completed"",""completion_pct"":100,""score"":""74"",""feedback_rating"":"""",""assigned_by"":""hr""}"
history,R001499,"{""record_id"":""R001499"",""employee_id"":""E0188"",""event_id"":""EV_001"",""date"":""2025-11-03"",""due_date"":""2025-12-03"",""status"":""overdue"",""completion_pct"":60,""score"":"""",""feedback_rating"":"""",""assigned_by"":""hr""}"
history,R001500,"{""record_id"":""R001500"",""employee_id"":""E0189"",""event_id"":""EV_001"",""date"":""2025-11-03"",""due_date"":""2025-12-03"",""status"":""completed"",""completion_pct"":100,""score"":""74"",""feedback_rating"":"""",""assigned_by"":""hr""}"
history,R001501,"{""record_id"":""R001501"",""employee_id"":""E0190"",""event_id"":""EV_001"",""date"":""2025-11-03"",""due_date"":""2025-12-03"",""status"":""overdue"",""completion_pct"":0,""score"":"""",""feedback_rating"":"""",""assigned_by"":""hr""}"
history,R001502,"{""record_id"":""R001502"",""employee_id"":""E0191"",""event_id"":""EV_001"",""date"":""2025-11-03"",""due_date"":""2025-12-03"",""status"":""completed"",""completion_pct"":100,""score"":""73"",""feedback_rating"":"""",""assigned_by"":""hr""}"
history,R001503,"{""record_id"":""R001503"",""employee_id"":""E0192"",""event_id"":""EV_001"",""date"":""2025-11-03"",""due_date"":""2025-12-03"",""status"":""completed"",""completion_pct"":100,""score"":""100"",""feedback_rating"":"""",""assigned_by"":""hr""}"
history,R001504,"{""record_id"":""R001504"",""employee_id"":""E0193"",""event_id"":""EV_001"",""date"":""2025-11-03"",""due_date"":""2025-12-03"",""status"":""completed"",""completion_pct"":100,""score"":""90"",""feedback_rating"":"""",""assigned_by"":""hr""}"
history,R001505,"{""record_id"":""R001505"",""employee_id"":""E0194"",""event_id"":""EV_001"",""date"":""2025-11-03"",""due_date"":""2025-12-03"",""status"":""completed"",""completion_pct"":100,""score"":""75"",""feedback_rating"":"""",""assigned_by"":""hr""}"
history,R001506,"{""record_id"":""R001506"",""employee_id"":""E0195"",""event_id"":""EV_001"",""date"":""2025-11-03"",""due_date"":""2025-12-03"",""status"":""completed"",""completion_pct"":100,""score"":""89"",""feedback_rating"":"""",""assigned_by"":""hr""}"
history,R001507,"{""record_id"":""R001507"",""employee_id"":""E0196"",""event_id"":""EV_001"",""date"":""2025-11-03"",""due_date"":""2025-12-03"",""status"":""completed"",""completion_pct"":100,""score"":""88"",""feedback_rating"":"""",""assigned_by"":""hr""}"
history,R001508,"{""record_id"":""R001508"",""employee_id"":""E0197"",""event_id"":""EV_001"",""date"":""2025-11-03"",""due_date"":""2025-12-03"",""status"":""completed"",""completion_pct"":100,""score"":""80"",""feedback_rating"":"""",""assigned_by"":""hr""}"
history,R001509,"{""record_id"":""R001509"",""employee_id"":""E0198"",""event_id"":""EV_001"",""date"":""2025-11-03"",""due_date"":""2025-12-03"",""status"":""completed"",""completion_pct"":100,""score"":""92"",""feedback_rating"":"""",""assigned_by"":""hr""}"
history,R001510,"{""record_id"":""R001510"",""employee_id"":""E0199"",""event_id"":""EV_001"",""date"":""2025-11-03"",""due_date"":""2025-12-03"",""status"":""completed"",""completion_pct"":100,""score"":""70"",""feedback_rating"":"""",""assigned_by"":""hr""}"
history,R001511,"{""record_id"":""R001511"",""employee_id"":""E0029"",""event_id"":""EV_035"",""date"":""2025-11-04"",""due_date"":"""",""status"":""completed"",""completion_pct"":100,""score"":""64"",""feedback_rating"":""3"",""assigned_by"":""self""}"
history,R001512,"{""record_id"":""R001512"",""employee_id"":""E0081"",""event_id"":""EV_039"",""date"":""2025-11-04"",""due_date"":"""",""status"":""completed"",""completion_pct"":100,""score"":"""",""feedback_rating"":"""",""assigned_by"":""manager""}"
history,R001513,"{""record_id"":""R001513"",""employee_id"":""E0091"",""event_id"":""EV_009"",""date"":""2025-11-04"",""due_date"":"""",""status"":""completed"",""completion_pct"":100,""score"":""81"",""feedback_rating"":""4"",""assigned_by"":""self""}"
history,R001514,"{""record_id"":""R001514"",""employee_id"":""E0197"",""event_id"":""EV_037"",""date"":""2025-11-04"",""due_date"":"""",""status"":""dropped"",""completion_pct"":70,""score"":"""",""feedback_rating"":"""",""assigned_by"":""self""}"
history,R001515,"{""record_id"":""R001515"",""employee_id"":""E0008"",""event_id"":""EV_017"",""date"":""2025-11-05"",""due_date"":"""",""status"":""no_show"",""completion_pct"":0,""score"":"""",""feedback_rating"":"""",""assigned_by"":""manager""}"
history,R001516,"{""record_id"":""R001516"",""employee_id"":""E0032"",""event_id"":""EV_020"",""date"":""2025-11-05"",""due_date"":"""",""status"":""completed"",""completion_pct"":100,""score"":""97"",""feedback_rating"":""4"",""assigned_by"":""self""}"
history,R001517,"{""record_id"":""R001517"",""employee_id"":""E0182"",""event_id"":""EV_036"",""date"":""2025-11-05"",""due_date"":"""",""status"":""declined"",""completion_pct"":0,""score"":"""",""feedback_rating"":"""",""assigned_by"":""hr""}"
history,R001518,"{""record_id"":""R001518"",""employee_id"":""E0028"",""event_id"":""EV_010"",""date"":""2025-11-06"",""due_date"":"""",""status"":""dropped"",""completion_pct"":60,""score"":"""",""feedback_rating"":"""",""assigned_by"":""manager""}"
history,R001519,"{""record_id"":""R001519"",""employee_id"":""E0049"",""event_id"":""EV_001"",""date"":""2025-11-06"",""due_date"":""2025-12-06"",""status"":""completed"",""completion_pct"":100,""score"":""85"",""feedback_rating"":"""",""assigned_by"":""hr""}"
history,R001520,"{""record_id"":""R001520"",""employee_id"":""E0049"",""event_id"":""EV_002"",""date"":""2025-11-06"",""due_date"":""2025-12-06"",""status"":""overdue"",""completion_pct"":25,""score"":"""",""feedback_rating"":"""",""assigned_by"":""hr""}"
history,R001521,"{""record_id"":""R001521"",""employee_id"":""E0049"",""event_id"":""EV_003"",""date"":""2025-11-06"",""due_date"":""2025-12-06"",""status"":""completed"",""completion_pct"":100,""score"":""87"",""feedback_rating"":"""",""assigned_by"":""hr""}"
history,R001522,"{""record_id"":""R001522"",""employee_id"":""E0077"",""event_id"":""EV_034"",""date"":""2025-11-06"",""due_date"":"""",""status"":""completed"",""completion_pct"":100,""score"":"""",""feedback_rating"":"""",""assigned_by"":""self""}"
history,R001523,"{""record_id"":""R001523"",""employee_id"":""E0005"",""event_id"":""EV_012"",""date"":""2025-11-07"",""due_date"":"""",""status"":""completed"",""completion_pct"":100,""score"":""100"",""feedback_rating"":"""",""assigned_by"":""manager""}"
history,R001524,"{""record_id"":""R001524"",""employee_id"":""E0018"",""event_id"":""EV_040"",""date"":""2025-11-07"",""due_date"":"""",""status"":""completed"",""completion_pct"":100,""score"":"""",""feedback_rating"":"""",""assigned_by"":""manager""}"
history,R001525,"{""record_id"":""R001525"",""employee_id"":""E0044"",""event_id"":""EV_040"",""date"":""2025-11-07"",""due_date"":"""",""status"":""no_show"",""completion_pct"":0,""score"":"""",""feedback_rating"":"""",""assigned_by"":""self""}"
history,R001526,"{""record_id"":""R001526"",""employee_id"":""E0187"",""event_id"":""EV_023"",""date"":""2025-11-07"",""due_date"":"""",""status"":""completed"",""completion_pct"":100,""score"":"""",""feedback_rating"":""5"",""assigned_by"":""manager""}"
history,R001527,"{""record_id"":""R001527"",""employee_id"":""E0127"",""event_id"":""EV_036"",""date"":""2025-11-10"",""due_date"":"""",""status"":""completed"",""completion_pct"":100,""score"":"""",""feedback_rating"":"""",""assigned_by"":""manager""}"
history,R001528,"{""record_id"":""R001528"",""employee_id"":""E0155"",""event_id"":""EV_006"",""date"":""2025-11-10"",""due_date"":"""",""status"":""completed"",""completion_pct"":100,""score"":"""",""feedback_rating"":"""",""assigned_by"":""self""}"
history,R001529,"{""record_id"":""R001529"",""employee_id"":""E0070"",""event_id"":""EV_038"",""date"":""2025-11-11"",""due_date"":"""",""status"":""completed"",""completion_pct"":100,""score"":""74"",""feedback_rating"":""4"",""assigned_by"":""self""}"
history,R001530,"{""record_id"":""R001530"",""employee_id"":""E0139"",""event_id"":""EV_034"",""date"":""2025-11-11"",""due_date"":"""",""status"":""no_show"",""completion_pct"":0,""score"":"""",""feedback_rating"":"""",""assigned_by"":""self""}"
history,R001531,"{""record_id"":""R001531"",""employee_id"":""E0043"",""event_id"":""EV_015"",""date"":""2025-11-12"",""due_date"":"""",""status"":""completed"",""completion_pct"":100,""score"":""85"",""feedback_rating"":""5"",""assigned_by"":""manager""}"
history,R001532,"{""record_id"":""R001532"",""employee_id"":""E0046"",""event_id"":""EV_034"",""date"":""2025-11-12"",""due_date"":"""",""status"":""completed"",""completion_pct"":100,""score"":"""",""feedback_rating"":""5"",""assigned_by"":""self""}"
history,R001533,"{""record_id"":""R001533"",""employee_id"":""E0098"",""event_id"":""EV_019"",""date"":""2025-11-12"",""due_date"":"""",""status"":""completed"",""completion_pct"":100,""score"":"""",""feedback_rating"":"""",""assigned_by"":""manager""}"
history,R001534,"{""record_id"":""R001534"",""employee_id"":""E0112"",""event_id"":""EV_034"",""date"":""2025-11-12"",""due_date"":"""",""status"":""declined"",""completion_pct"":0,""score"":"""",""feedback_rating"":"""",""assigned_by"":""manager""}"
history,R001535,"{""record_id"":""R001535"",""employee_id"":""E0188"",""event_id"":""EV_008"",""date"":""2025-11-12"",""due_date"":"""",""status"":""completed"",""completion_pct"":100,""score"":"""",""feedback_rating"":""1"",""assigned_by"":""self""}"
history,R001536,"{""record_id"":""R001536"",""employee_id"":""E0044"",""event_id"":""EV_038"",""date"":""2025-11-13"",""due_date"":"""",""status"":""completed"",""completion_pct"":100,""score"":""83"",""feedback_rating"":"""",""assigned_by"":""self""}"
history,R001537,"{""record_id"":""R001537"",""employee_id"":""E0049"",""event_id"":""EV_004"",""date"":""2025-11-13"",""due_date"":""2025-12-03"",""status"":""completed"",""completion_pct"":100,""score"":"""",""feedback_rating"":""5"",""assigned_by"":""hr""}"
history,R001538,"{""record_id"":""R001538"",""employee_id"":""E0059"",""event_id"":""EV_034"",""date"":""2025-11-13"",""due_date"":"""",""status"":""completed"",""completion_pct"":100,""score"":"""",""feedback_rating"":""4"",""assigned_by"":""self""}"
history,R001539,"{""record_id"":""R001539"",""employee_id"":""E0067"",""event_id"":""EV_014"",""date"":""2025-11-13"",""due_date"":"""",""status"":""completed"",""completion_pct"":100,""score"":"""",""feedback_rating"":""5"",""assigned_by"":""self""}"
history,R001540,"{""record_id"":""R001540"",""employee_id"":""E0026"",""event_id"":""EV_007"",""date"":""2025-11-14"",""due_date"":"""",""status"":""declined"",""completion_pct"":0,""score"":"""",""feedback_rating"":"""",""assigned_by"":""manager""}"
history,R001541,"{""record_id"":""R001541"",""employee_id"":""E0165"",""event_id"":""EV_036"",""date"":""2025-11-14"",""due_date"":"""",""status"":""completed"",""completion_pct"":100,""score"":"""",""feedback_rating"":""5"",""assigned_by"":""self""}"
history,R001542,"{""record_id"":""R001542"",""employee_id"":""E0199"",""event_id"":""EV_022"",""date"":""2025-11-17"",""due_date"":"""",""status"":""completed"",""completion_pct"":100,""score"":""66"",""feedback_rating"":""3"",""assigned_by"":""self""}"
history,R001543,"{""record_id"":""R001543"",""employee_id"":""E0035"",""event_id"":""EV_008"",""date"":""2025-11-18"",""due_date"":"""",""status"":""completed"",""completion_pct"":100,""score"":"""",""feedback_rating"":"""",""assigned_by"":""self""}"
history,R001544,"{""record_id"":""R001544"",""employee_id"":""E0040"",""event_id"":""EV_012"",""date"":""2025-11-18"",""due_date"":"""",""status"":""completed"",""completion_pct"":100,""score"":""80"",""feedback_rating"":"""",""assigned_by"":""self""}"
history,R001545,"{""record_id"":""R001545"",""employee_id"":""E0055"",""event_id"":""EV_008"",""date"":""2025-11-18"",""due_date"":"""",""status"":""completed"",""completion_pct"":100,""score"":"""",""feedback_rating"":""5"",""assigned_by"":""self""}"
history,R001546,"{""record_id"":""R001546"",""employee_id"":""E0075"",""event_id"":""EV_017"",""date"":""2025-11-18"",""due_date"":"""",""status"":""dropped"",""completion_pct"":20,""score"":"""",""feedback_rating"":""2"",""assigned_by"":""manager""}"
history,R001547,"{""record_id"":""R001547"",""employee_id"":""E0095"",""event_id"":""EV_008"",""date"":""2025-11-18"",""due_date"":"""",""status"":""completed"",""completion_pct"":100,""score"":"""",""feedback_rating"":""5"",""assigned_by"":""self""}"
history,R001548,"{""record_id"":""R001548"",""employee_id"":""E0142"",""event_id"":""EV_037"",""date"":""2025-11-18"",""due_date"":"""",""status"":""completed"",""completion_pct"":100,""score"":"""",""feedback_rating"":""5"",""assigned_by"":""self""}"
history,R001549,"{""record_id"":""R001549"",""employee_id"":""E0014"",""event_id"":""EV_039"",""date"":""2025-11-19"",""due_date"":"""",""status"":""completed"",""completion_pct"":100,""score"":"""",""feedback_rating"":""5"",""assigned_by"":""self""}"
history,R001550,"{""record_id"":""R001550"",""employee_id"":""E0092"",""event_id"":""EV_037"",""date"":""2025-11-19"",""due_date"":"""",""status"":""no_show"",""completion_pct"":0,""score"":"""",""feedback_rating"":"""",""assigned_by"":""manager""}"
history,R001551,"{""record_id"":""R001551"",""employee_id"":""E0118"",""event_id"":""EV_005"",""date"":""2025-11-19"",""due_date"":"""",""status"":""dropped"",""completion_pct"":35,""score"":"""",""feedback_rating"":"""",""assigned_by"":""hr""}"
history,R001552,"{""record_id"":""R001552"",""employee_id"":""E0158"",""event_id"":""EV_032"",""date"":""2025-11-19"",""due_date"":"""",""status"":""completed"",""completion_pct"":100,""score"":"""",""feedback_rating"":""4"",""assigned_by"":""manager""}"
history,R001553,"{""record_id"":""R001553"",""employee_id"":""E0197"",""event_id"":""EV_009"",""date"":""2025-11-19"",""due_date"":"""",""status"":""completed"",""completion_pct"":100,""score"":""91"",""feedback_rating"":""3"",""assigned_by"":""self""}"
history,R001554,"{""record_id"":""R001554"",""employee_id"":""E0085"",""event_id"":""EV_036"",""date"":""2025-11-20"",""due_date"":"""",""status"":""completed"",""completion_pct"":100,""score"":"""",""feedback_rating"":""5"",""assigned_by"":""self""}"
history,R001555,"{""record_id"":""R001555"",""employee_id"":""E0161"",""event_id"":""EV_008"",""date"":""2025-11-20"",""due_date"":"""",""status"":""dropped"",""completion_pct"":70,""score"":"""",""feedback_rating"":""2"",""assigned_by"":""self""}"
history,R001556,"{""record_id"":""R001556"",""employee_id"":""E0107"",""event_id"":""EV_023"",""date"":""2025-11-21"",""due_date"":"""",""status"":""completed"",""completion_pct"":100,""score"":"""",""feedback_rating"":""4"",""assigned_by"":""self""}"
history,R001557,"{""record_id"":""R001557"",""employee_id"":""E0167"",""event_id"":""EV_001"",""date"":""2025-11-21"",""due_date"":""2025-12-21"",""status"":""completed"",""completion_pct"":100,""score"":""93"",""feedback_rating"":"""",""assigned_by"":""hr""}"
history,R001558,"{""record_id"":""R001558"",""employee_id"":""E0167"",""event_id"":""EV_002"",""date"":""2025-11-21"",""due_date"":""2025-12-21"",""status"":""completed"",""completion_pct"":100,""score"":""87"",""feedback_rating"":"""",""assigned_by"":""hr""}"
history,R001559,"{""record_id"":""R001559"",""employee_id"":""E0167"",""event_id"":""EV_003"",""date"":""2025-11-21"",""due_date"":""2025-12-21"",""status"":""completed"",""completion_pct"":100,""score"":""81"",""feedback_rating"":"""",""assigned_by"":""hr""}"
history,R001560,"{""record_id"":""R001560"",""employee_id"":""E0017"",""event_id"":""EV_040"",""date"":""2025-11-24"",""due_date"":"""",""status"":""completed"",""completion_pct"":100,""score"":"""",""feedback_rating"":""5"",""assigned_by"":""self""}"
history,R001561,"{""record_id"":""R001561"",""employee_id"":""E0026"",""event_id"":""EV_011"",""date"":""2025-11-24"",""due_date"":"""",""status"":""completed"",""completion_pct"":100,""score"":"""",""feedback_rating"":""5"",""assigned_by"":""self""}"
history,R001562,"{""record_id"":""R001562"",""employee_id"":""E0054"",""event_id"":""EV_024"",""date"":""2025-11-24"",""due_date"":"""",""status"":""completed"",""completion_pct"":100,""score"":""80"",""feedback_rating"":""4"",""assigned_by"":""manager""}"
history,R001563,"{""record_id"":""R001563"",""employee_id"":""E0068"",""event_id"":""EV_015"",""date"":""2025-11-24"",""due_date"":"""",""status"":""completed"",""completion_pct"":100,""score"":""60"",""feedback_rating"":""5"",""assigned_by"":""manager""}"
history,R001564,"{""record_id"":""R001564"",""employee_id"":""E0173"",""event_id"":""EV_031"",""date"":""2025-11-24"",""due_date"":"""",""status"":""completed"",""completion_pct"":100,""score"":"""",""feedback_rating"":""5"",""assigned_by"":""manager""}"
history,R001565,"{""record_id"":""R001565"",""employee_id"":""E0021"",""event_id"":""EV_040"",""date"":""2025-11-25"",""due_date"":"""",""status"":""no_show"",""completion_pct"":0,""score"":"""",""feedback_rating"":"""",""assigned_by"":""manager""}"
history,R001566,"{""record_id"":""R001566"",""employee_id"":""E0145"",""event_id"":""EV_019"",""date"":""2025-11-25"",""due_date"":"""",""status"":""dropped"",""completion_pct"":60,""score"":"""",""feedback_rating"":""3"",""assigned_by"":""manager""}"
history,R001567,"{""record_id"":""R001567"",""employee_id"":""E0026"",""event_id"":""EV_038"",""date"":""2025-11-26"",""due_date"":"""",""status"":""completed"",""completion_pct"":100,""score"":""92"",""feedback_rating"":""4"",""assigned_by"":""hr""}"
history,R001568,"{""record_id"":""R001568"",""employee_id"":""E0061"",""event_id"":""EV_024"",""date"":""2025-11-26"",""due_date"":"""",""status"":""completed"",""completion_pct"":100,""score"":""90"",""feedback_rating"":""3"",""assigned_by"":""manager""}"
history,R001569,"{""record_id"":""R001569"",""employee_id"":""E0046"",""event_id"":""EV_008"",""date"":""2025-11-27"",""due_date"":"""",""status"":""completed"",""completion_pct"":100,""score"":"""",""feedback_rating"":""5"",""assigned_by"":""self""}"
history,R001570,"{""record_id"":""R001570"",""employee_id"":""E0188"",""event_id"":""EV_021"",""date"":""2025-11-27"",""due_date"":"""",""status"":""completed"",""completion_pct"":100,""score"":"""",""feedback_rating"":""5"",""assigned_by"":""hr""}"
history,R001571,"{""record_id"":""R001571"",""employee_id"":""E0199"",""event_id"":""EV_021"",""date"":""2025-11-28"",""due_date"":"""",""status"":""no_show"",""completion_pct"":0,""score"":"""",""feedback_rating"":"""",""assigned_by"":""self""}"
history,R001572,"{""record_id"":""R001572"",""employee_id"":""E0009"",""event_id"":""EV_001"",""date"":""2025-12-01"",""due_date"":""2025-12-31"",""status"":""completed"",""completion_pct"":100,""score"":""94"",""feedback_rating"":"""",""assigned_by"":""hr""}"
history,R001573,"{""record_id"":""R001573"",""employee_id"":""E0009"",""event_id"":""EV_002"",""date"":""2025-12-01"",""due_date"":""2025-12-31"",""status"":""overdue"",""completion_pct"":0,""score"":"""",""feedback_rating"":"""",""assigned_by"":""hr""}"
history,R001574,"{""record_id"":""R001574"",""employee_id"":""E0009"",""event_id"":""EV_003"",""date"":""2025-12-01"",""due_date"":""2025-12-31"",""status"":""completed"",""completion_pct"":100,""score"":""83"",""feedback_rating"":"""",""assigned_by"":""hr""}"
history,R001575,"{""record_id"":""R001575"",""employee_id"":""E0011"",""event_id"":""EV_039"",""date"":""2025-12-01"",""due_date"":"""",""status"":""completed"",""completion_pct"":100,""score"":"""",""feedback_rating"":"""",""assigned_by"":""self""}"
history,R001576,"{""record_id"":""R001576"",""employee_id"":""E0104"",""event_id"":""EV_001"",""date"":""2025-12-01"",""due_date"":""2025-12-31"",""status"":""completed"",""completion_pct"":100,""score"":""93"",""feedback_rating"":"""",""assigned_by"":""hr""}"
history,R001577,"{""record_id"":""R001577"",""employee_id"":""E0104"",""event_id"":""EV_002"",""date"":""2025-12-01"",""due_date"":""2025-12-31"",""status"":""completed"",""completion_pct"":100,""score"":""84"",""feedback_rating"":"""",""assigned_by"":""hr""}"
history,R001578,"{""record_id"":""R001578"",""employee_id"":""E0104"",""event_id"":""EV_003"",""date"":""2025-12-01"",""due_date"":""2025-12-31"",""status"":""completed"",""completion_pct"":100,""score"":""97"",""feedback_rating"":"""",""assigned_by"":""hr""}"
history,R001579,"{""record_id"":""R001579"",""employee_id"":""E0141"",""event_id"":""EV_001"",""date"":""2025-12-01"",""due_date"":""2025-12-31"",""status"":""completed"",""completion_pct"":100,""score"":""72"",""feedback_rating"":"""",""assigned_by"":""hr""}"
history,R001580,"{""record_id"":""R001580"",""employee_id"":""E0141"",""event_id"":""EV_002"",""date"":""2025-12-01"",""due_date"":""2025-12-31"",""status"":""completed"",""completion_pct"":100,""score"":""71"",""feedback_rating"":"""",""assigned_by"":""hr""}"
history,R001581,"{""record_id"":""R001581"",""employee_id"":""E0141"",""event_id"":""EV_003"",""date"":""2025-12-01"",""due_date"":""2025-12-31"",""status"":""completed"",""completion_pct"":100,""score"":""84"",""feedback_rating"":"""",""assigned_by"":""hr""}"
history,R001582,"{""record_id"":""R001582"",""employee_id"":""E0173"",""event_id"":""EV_030"",""date"":""2025-12-01"",""due_date"":"""",""status"":""completed"",""completion_pct"":100,""score"":"""",""feedback_rating"":""4"",""assigned_by"":""self""}"
history,R001583,"{""record_id"":""R001583"",""employee_id"":""E0091"",""event_id"":""EV_008"",""date"":""2025-12-02"",""due_date"":"""",""status"":""completed"",""completion_pct"":100,""score"":"""",""feedback_rating"":"""",""assigned_by"":""self""}"
history,R001584,"{""record_id"":""R001584"",""employee_id"":""E0151"",""event_id"":""EV_036"",""date"":""2025-12-02"",""due_date"":"""",""status"":""no_show"",""completion_pct"":0,""score"":"""",""feedback_rating"":"""",""assigned_by"":""manager""}"
history,R001585,"{""record_id"":""R001585"",""employee_id"":""E0019"",""event_id"":""EV_036"",""date"":""2025-12-03"",""due_date"":"""",""status"":""completed"",""completion_pct"":100,""score"":"""",""feedback_rating"":""5"",""assigned_by"":""self""}"
history,R001586,"{""record_id"":""R001586"",""employee_id"":""E0026"",""event_id"":""EV_007"",""date"":""2025-12-03"",""due_date"":"""",""status"":""declined"",""completion_pct"":0,""score"":"""",""feedback_rating"":"""",""assigned_by"":""manager""}"
history,R001587,"{""record_id"":""R001587"",""employee_id"":""E0065"",""event_id"":""EV_009"",""date"":""2025-12-03"",""due_date"":"""",""status"":""completed"",""completion_pct"":100,""score"":""65"",""feedback_rating"":"""",""assigned_by"":""manager""}"
history,R001588,"{""record_id"":""R001588"",""employee_id"":""E0086"",""event_id"":""EV_040"",""date"":""2025-12-03"",""due_date"":"""",""status"":""completed"",""completion_pct"":100,""score"":"""",""feedback_rating"":""4"",""assigned_by"":""manager""}"
history,R001589,"{""record_id"":""R001589"",""employee_id"":""E0109"",""event_id"":""EV_016"",""date"":""2025-12-03"",""due_date"":"""",""status"":""completed"",""completion_pct"":100,""score"":"""",""feedback_rating"":"""",""assigned_by"":""self""}"
history,R001590,"{""record_id"":""R001590"",""employee_id"":""E0189"",""event_id"":""EV_037"",""date"":""2025-12-03"",""due_date"":"""",""status"":""dropped"",""completion_pct"":35,""score"":"""",""feedback_rating"":""1"",""assigned_by"":""manager""}"
history,R001591,"{""record_id"":""R001591"",""employee_id"":""E0010"",""event_id"":""EV_008"",""date"":""2025-12-04"",""due_date"":"""",""status"":""completed"",""completion_pct"":100,""score"":"""",""feedback_rating"":""4"",""assigned_by"":""self""}"
history,R001592,"{""record_id"":""R001592"",""employee_id"":""E0038"",""event_id"":""EV_036"",""date"":""2025-12-04"",""due_date"":"""",""status"":""completed"",""completion_pct"":100,""score"":"""",""feedback_rating"":""3"",""assigned_by"":""self""}"
history,R001593,"{""record_id"":""R001593"",""employee_id"":""E0089"",""event_id"":""EV_001"",""date"":""2025-12-04"",""due_date"":""2026-01-03"",""status"":""completed"",""completion_pct"":100,""score"":""94"",""feedback_rating"":"""",""assigned_by"":""hr""}"
history,R001594,"{""record_id"":""R001594"",""employee_id"":""E0089"",""event_id"":""EV_002"",""date"":""2025-12-04"",""due_date"":""2026-01-03"",""status"":""completed"",""completion_pct"":100,""score"":""91"",""feedback_rating"":"""",""assigned_by"":""hr""}"
history,R001595,"{""record_id"":""R001595"",""employee_id"":""E0089"",""event_id"":""EV_003"",""date"":""2025-12-04"",""due_date"":""2026-01-03"",""status"":""completed"",""completion_pct"":100,""score"":""94"",""feedback_rating"":"""",""assigned_by"":""hr""}"
history,R001596,"{""record_id"":""R001596"",""employee_id"":""E0158"",""event_id"":""EV_039"",""date"":""2025-12-04"",""due_date"":"""",""status"":""completed"",""completion_pct"":100,""score"":"""",""feedback_rating"":"""",""assigned_by"":""hr""}"
history,R001597,"{""record_id"":""R001597"",""employee_id"":""E0160"",""event_id"":""EV_036"",""date"":""2025-12-04"",""due_date"":"""",""status"":""declined"",""completion_pct"":0,""score"":"""",""feedback_rating"":"""",""assigned_by"":""manager""}"
history,R001598,"{""record_id"":""R001598"",""employee_id"":""E0009"",""event_id"":""EV_004"",""date"":""2025-12-05"",""due_date"":""2025-12-27"",""status"":""completed"",""completion_pct"":100,""score"":"""",""feedback_rating"":"""",""assigned_by"":""hr""}"
history,R001599,"{""record_id"":""R001599"",""employee_id"":""E0046"",""event_id"":""EV_032"",""date"":""2025-12-05"",""due_date"":"""",""status"":""completed"",""completion_pct"":100,""score"":"""",""feedback_rating"":""4"",""assigned_by"":""self""}"
history,R001600,"{""record_id"":""R001600"",""employee_id"":""E0139"",""event_id"":""EV_035"",""date"":""2025-12-05"",""due_date"":"""",""status"":""completed"",""completion_pct"":100,""score"":""99"",""feedback_rating"":"""",""assigned_by"":""self""}"
history,R001601,"{""record_id"":""R001601"",""employee_id"":""E0193"",""event_id"":""EV_021"",""date"":""2025-12-05"",""due_date"":"""",""status"":""completed"",""completion_pct"":100,""score"":"""",""feedback_rating"":"""",""assigned_by"":""manager""}"
history,R001602,"{""record_id"":""R001602"",""employee_id"":""E0196"",""event_id"":""EV_008"",""date"":""2025-12-05"",""due_date"":"""",""status"":""completed"",""completion_pct"":100,""score"":"""",""feedback_rating"":"""",""assigned_by"":""manager""}"
history,R001603,"{""record_id"":""R001603"",""employee_id"":""E0010"",""event_id"":""EV_040"",""date"":""2025-12-08"",""due_date"":"""",""status"":""completed"",""completion_pct"":100,""score"":"""",""feedback_rating"":"""",""assigned_by"":""self""}"
history,R001604,"{""record_id"":""R001604"",""employee_id"":""E0017"",""event_id"":""EV_020"",""date"":""2025-12-08"",""due_date"":"""",""status"":""completed"",""completion_pct"":100,""score"":""72"",""feedback_rating"":""3"",""assigned_by"":""self""}"
history,R001605,"{""record_id"":""R001605"",""employee_id"":""E0019"",""event_id"":""EV_036"",""date"":""2025-12-09"",""due_date"":"""",""status"":""completed"",""completion_pct"":100,""score"":"""",""feedback_rating"":"""",""assigned_by"":""self""}"
history,R001606,"{""record_id"":""R001606"",""employee_id"":""E0023"",""event_id"":""EV_011"",""date"":""2025-12-09"",""due_date"":"""",""status"":""completed"",""completion_pct"":100,""score"":"""",""feedback_rating"":""2"",""assigned_by"":""self""}"
history,R001607,"{""record_id"":""R001607"",""employee_id"":""E0051"",""event_id"":""EV_039"",""date"":""2025-12-09"",""due_date"":"""",""status"":""completed"",""completion_pct"":100,""score"":"""",""feedback_rating"":""4"",""assigned_by"":""self""}"
history,R001608,"{""record_id"":""R001608"",""employee_id"":""E0097"",""event_id"":""EV_006"",""date"":""2025-12-09"",""due_date"":"""",""status"":""declined"",""completion_pct"":0,""score"":"""",""feedback_rating"":"""",""assigned_by"":""manager""}"
history,R001609,"{""record_id"":""R001609"",""employee_id"":""E0018"",""event_id"":""EV_034"",""date"":""2025-12-10"",""due_date"":"""",""status"":""completed"",""completion_pct"":100,""score"":"""",""feedback_rating"":""5"",""assigned_by"":""self""}"
history,R001610,"{""record_id"":""R001610"",""employee_id"":""E0069"",""event_id"":""EV_019"",""date"":""2025-12-10"",""due_date"":"""",""status"":""dropped"",""completion_pct"":60,""score"":"""",""feedback_rating"":"""",""assigned_by"":""self""}"
history,R001611,"{""record_id"":""R001611"",""employee_id"":""E0074"",""event_id"":""EV_026"",""date"":""2025-12-10"",""due_date"":"""",""status"":""completed"",""completion_pct"":100,""score"":"""",""feedback_rating"":"""",""assigned_by"":""self""}"
history,R001612,"{""record_id"":""R001612"",""employee_id"":""E0115"",""event_id"":""EV_008"",""date"":""2025-12-10"",""due_date"":"""",""status"":""no_show"",""completion_pct"":0,""score"":"""",""feedback_rating"":"""",""assigned_by"":""manager""}"
history,R001613,"{""record_id"":""R001613"",""employee_id"":""E0167"",""event_id"":""EV_004"",""date"":""2025-12-10"",""due_date"":""2025-12-18"",""status"":""completed"",""completion_pct"":100,""score"":"""",""feedback_rating"":"""",""assigned_by"":""hr""}"
history,R001614,"{""record_id"":""R001614"",""employee_id"":""E0026"",""event_id"":""EV_009"",""date"":""2025-12-11"",""due_date"":"""",""status"":""dropped"",""completion_pct"":90,""score"":"""",""feedback_rating"":"""",""assigned_by"":""manager""}"
history,R001615,"{""record_id"":""R001615"",""employee_id"":""E0054"",""event_id"":""EV_025"",""date"":""2025-12-11"",""due_date"":"""",""status"":""no_show"",""completion_pct"":0,""score"":"""",""feedback_rating"":"""",""assigned_by"":""manager""}"
history,R001616,"{""record_id"":""R001616"",""employee_id"":""E0079"",""event_id"":""EV_036"",""date"":""2025-12-11"",""due_date"":"""",""status"":""completed"",""completion_pct"":100,""score"":"""",""feedback_rating"":""3"",""assigned_by"":""manager""}"
history,R001617,"{""record_id"":""R001617"",""employee_id"":""E0112"",""event_id"":""EV_034"",""date"":""2025-12-11"",""due_date"":"""",""status"":""completed"",""completion_pct"":100,""score"":"""",""feedback_rating"":""3"",""assigned_by"":""hr""}"
history,R001618,"{""record_id"":""R001618"",""employee_id"":""E0140"",""event_id"":""EV_006"",""date"":""2025-12-11"",""due_date"":"""",""status"":""completed"",""completion_pct"":100,""score"":"""",""feedback_rating"":""4"",""assigned_by"":""manager""}"
history,R001619,"{""record_id"":""R001619"",""employee_id"":""E0172"",""event_id"":""EV_031"",""date"":""2025-12-11"",""due_date"":"""",""status"":""completed"",""completion_pct"":100,""score"":"""",""feedback_rating"":""1"",""assigned_by"":""self""}"
history,R001620,"{""record_id"":""R001620"",""employee_id"":""E0198"",""event_id"":""EV_039"",""date"":""2025-12-11"",""due_date"":"""",""status"":""completed"",""completion_pct"":100,""score"":"""",""feedback_rating"":""4"",""assigned_by"":""self""}"
history,R001621,"{""record_id"":""R001621"",""employee_id"":""E0054"",""event_id"":""EV_036"",""date"":""2025-12-12"",""due_date"":"""",""status"":""completed"",""completion_pct"":100,""score"":"""",""feedback_rating"":""5"",""assigned_by"":""self""}"
history,R001622,"{""record_id"":""R001622"",""employee_id"":""E0065"",""event_id"":""EV_037"",""date"":""2025-12-15"",""due_date"":"""",""status"":""completed"",""completion_pct"":100,""score"":"""",""feedback_rating"":""4"",""assigned_by"":""self""}"
history,R001623,"{""record_id"":""R001623"",""employee_id"":""E0067"",""event_id"":""EV_005"",""date"":""2025-12-15"",""due_date"":"""",""status"":""completed"",""completion_pct"":100,""score"":""88"",""feedback_rating"":""3"",""assigned_by"":""manager""}"
history,R001624,"{""record_id"":""R001624"",""employee_id"":""E0092"",""event_id"":""EV_012"",""date"":""2025-12-15"",""due_date"":"""",""status"":""dropped"",""completion_pct"":70,""score"":"""",""feedback_rating"":"""",""assigned_by"":""manager""}"
history,R001625,"{""record_id"":""R001625"",""employee_id"":""E0112"",""event_id"":""EV_040"",""date"":""2025-12-15"",""due_date"":"""",""status"":""completed"",""completion_pct"":100,""score"":"""",""feedback_rating"":""4"",""assigned_by"":""self""}"
history,R001626,"{""record_id"":""R001626"",""employee_id"":""E0045"",""event_id"":""EV_032"",""date"":""2025-12-16"",""due_date"":"""",""status"":""completed"",""completion_pct"":100,""score"":"""",""feedback_rating"":""3"",""assigned_by"":""hr""}"
history,R001627,"{""record_id"":""R001627"",""employee_id"":""E0047"",""event_id"":""EV_007"",""date"":""2025-12-16"",""due_date"":"""",""status"":""no_show"",""completion_pct"":0,""score"":"""",""feedback_rating"":"""",""assigned_by"":""self""}"
history,R001628,"{""record_id"":""R001628"",""employee_id"":""E0092"",""event_id"":""EV_006"",""date"":""2025-12-16"",""due_date"":"""",""status"":""completed"",""completion_pct"":100,""score"":"""",""feedback_rating"":"""",""assigned_by"":""self""}"
history,R001629,"{""record_id"":""R001629"",""employee_id"":""E0147"",""event_id"":""EV_037"",""date"":""2025-12-16"",""due_date"":"""",""status"":""completed"",""completion_pct"":100,""score"":"""",""feedback_rating"":""5"",""assigned_by"":""self""}"
history,R001630,"{""record_id"":""R001630"",""employee_id"":""E0192"",""event_id"":""EV_005"",""date"":""2025-12-16"",""due_date"":"""",""status"":""completed"",""completion_pct"":100,""score"":""83"",""feedback_rating"":""2"",""assigned_by"":""self""}"
history,R001631,"{""record_id"":""R001631"",""employee_id"":""E0077"",""event_id"":""EV_030"",""date"":""2025-12-17"",""due_date"":"""",""status"":""completed"",""completion_pct"":100,""score"":"""",""feedback_rating"":""5"",""assigned_by"":""self""}"
history,R001632,"{""record_id"":""R001632"",""employee_id"":""E0053"",""event_id"":""EV_040"",""date"":""2025-12-18"",""due_date"":"""",""status"":""no_show"",""completion_pct"":0,""score"":"""",""feedback_rating"":"""",""assigned_by"":""self""}"
history,R001633,"{""record_id"":""R001633"",""employee_id"":""E0080"",""event_id"":""EV_020"",""date"":""2025-12-18"",""due_date"":"""",""status"":""dropped"",""completion_pct"":10,""score"":"""",""feedback_rating"":"""",""assigned_by"":""self""}"
history,R001634,"{""record_id"":""R001634"",""employee_id"":""E0099"",""event_id"":""EV_039"",""date"":""2025-12-18"",""due_date"":"""",""status"":""declined"",""completion_pct"":0,""score"":"""",""feedback_rating"":"""",""assigned_by"":""manager""}"
history,R001635,"{""record_id"":""R001635"",""employee_id"":""E0104"",""event_id"":""EV_004"",""date"":""2025-12-18"",""due_date"":""2025-12-28"",""status"":""completed"",""completion_pct"":100,""score"":"""",""feedback_rating"":""5"",""assigned_by"":""hr""}"
history,R001636,"{""record_id"":""R001636"",""employee_id"":""E0111"",""event_id"":""EV_018"",""date"":""2025-12-18"",""due_date"":"""",""status"":""completed"",""completion_pct"":100,""score"":""86"",""feedback_rating"":""4"",""assigned_by"":""self""}"
history,R001637,"{""record_id"":""R001637"",""employee_id"":""E0149"",""event_id"":""EV_036"",""date"":""2025-12-18"",""due_date"":"""",""status"":""completed"",""completion_pct"":100,""score"":"""",""feedback_rating"":"""",""assigned_by"":""self""}"
history,R001638,"{""record_id"":""R001638"",""employee_id"":""E0167"",""event_id"":""EV_030"",""date"":""2025-12-18"",""due_date"":"""",""status"":""completed"",""completion_pct"":100,""score"":"""",""feedback_rating"":"""",""assigned_by"":""manager""}"
history,R001639,"{""record_id"":""R001639"",""employee_id"":""E0171"",""event_id"":""EV_037"",""date"":""2025-12-18"",""due_date"":"""",""status"":""completed"",""completion_pct"":100,""score"":"""",""feedback_rating"":"""",""assigned_by"":""self""}"
history,R001640,"{""record_id"":""R001640"",""employee_id"":""E0152"",""event_id"":""EV_001"",""date"":""2025-12-19"",""due_date"":""2026-01-18"",""status"":""completed"",""completion_pct"":100,""score"":""89"",""feedback_rating"":"""",""assigned_by"":""hr""}"
history,R001641,"{""record_id"":""R001641"",""employee_id"":""E0152"",""event_id"":""EV_002"",""date"":""2025-12-19"",""due_date"":""2026-01-18"",""status"":""completed"",""completion_pct"":100,""score"":""77"",""feedback_rating"":"""",""assigned_by"":""hr""}"
history,R001642,"{""record_id"":""R001642"",""employee_id"":""E0152"",""event_id"":""EV_003"",""date"":""2025-12-19"",""due_date"":""2026-01-18"",""status"":""completed"",""completion_pct"":100,""score"":""72"",""feedback_rating"":"""",""assigned_by"":""hr""}"
history,R001643,"{""record_id"":""R001643"",""employee_id"":""E0017"",""event_id"":""EV_036"",""date"":""2025-12-22"",""due_date"":"""",""status"":""completed"",""completion_pct"":100,""score"":"""",""feedback_rating"":"""",""assigned_by"":""self""}"
history,R001644,"{""record_id"":""R001644"",""employee_id"":""E0046"",""event_id"":""EV_036"",""date"":""2025-12-22"",""due_date"":"""",""status"":""completed"",""completion_pct"":100,""score"":"""",""feedback_rating"":""2"",""assigned_by"":""hr""}"
history,R001645,"{""record_id"":""R001645"",""employee_id"":""E0053"",""event_id"":""EV_005"",""date"":""2025-12-22"",""due_date"":"""",""status"":""no_show"",""completion_pct"":0,""score"":"""",""feedback_rating"":"""",""assigned_by"":""self""}"
history,R001646,"{""record_id"":""R001646"",""employee_id"":""E0089"",""event_id"":""EV_004"",""date"":""2025-12-22"",""due_date"":""2025-12-31"",""status"":""completed"",""completion_pct"":100,""score"":"""",""feedback_rating"":""3"",""assigned_by"":""hr""}"
history,R001647,"{""record_id"":""R001647"",""employee_id"":""E0141"",""event_id"":""EV_004"",""date"":""2025-12-22"",""due_date"":""2025-12-27"",""status"":""completed"",""completion_pct"":100,""score"":"""",""feedback_rating"":"""",""assigned_by"":""hr""}"
history,R001648,"{""record_id"":""R001648"",""employee_id"":""E0158"",""event_id"":""EV_036"",""date"":""2025-12-22"",""due_date"":"""",""status"":""completed"",""completion_pct"":100,""score"":"""",""feedback_rating"":"""",""assigned_by"":""hr""}"
history,R001649,"{""record_id"":""R001649"",""employee_id"":""E0182"",""event_id"":""EV_040"",""date"":""2025-12-22"",""due_date"":"""",""status"":""completed"",""completion_pct"":100,""score"":"""",""feedback_rating"":"""",""assigned_by"":""self""}"
history,R001650,"{""record_id"":""R001650"",""employee_id"":""E0047"",""event_id"":""EV_007"",""date"":""2025-12-23"",""due_date"":"""",""status"":""dropped"",""completion_pct"":80,""score"":"""",""feedback_rating"":""2"",""assigned_by"":""self""}"
history,R001651,"{""record_id"":""R001651"",""employee_id"":""E0067"",""event_id"":""EV_015"",""date"":""2025-12-23"",""due_date"":"""",""status"":""completed"",""completion_pct"":100,""score"":""76"",""feedback_rating"":""5"",""assigned_by"":""manager""}"
history,R001652,"{""record_id"":""R001652"",""employee_id"":""E0097"",""event_id"":""EV_036"",""date"":""2025-12-24"",""due_date"":"""",""status"":""declined"",""completion_pct"":0,""score"":"""",""feedback_rating"":"""",""assigned_by"":""manager""}"
history,R001653,"{""record_id"":""R001653"",""employee_id"":""E0160"",""event_id"":""EV_036"",""date"":""2025-12-24"",""due_date"":"""",""status"":""completed"",""completion_pct"":100,""score"":"""",""feedback_rating"":"""",""assigned_by"":""self""}"
history,R001654,"{""record_id"":""R001654"",""employee_id"":""E0021"",""event_id"":""EV_037"",""date"":""2025-12-25"",""due_date"":"""",""status"":""no_show"",""completion_pct"":0,""score"":"""",""feedback_rating"":"""",""assigned_by"":""hr""}"
history,R001655,"{""record_id"":""R001655"",""employee_id"":""E0028"",""event_id"":""EV_012"",""date"":""2025-12-25"",""due_date"":"""",""status"":""completed"",""completion_pct"":100,""score"":""87"",""feedback_rating"":"""",""assigned_by"":""manager""}"
history,R001656,"{""record_id"":""R001656"",""employee_id"":""E0057"",""event_id"":""EV_040"",""date"":""2025-12-25"",""due_date"":"""",""status"":""completed"",""completion_pct"":100,""score"":"""",""feedback_rating"":""4"",""assigned_by"":""self""}"
history,R001657,"{""record_id"":""R001657"",""employee_id"":""E0113"",""event_id"":""EV_036"",""date"":""2025-12-25"",""due_date"":"""",""status"":""completed"",""completion_pct"":100,""score"":"""",""feedback_rating"":"""",""assigned_by"":""self""}"
history,R001658,"{""record_id"":""R001658"",""employee_id"":""E0178"",""event_id"":""EV_001"",""date"":""2025-12-25"",""due_date"":""2026-01-24"",""status"":""overdue"",""completion_pct"":40,""score"":"""",""feedback_rating"":"""",""assigned_by"":""hr""}"
history,R001659,"{""record_id"":""R001659"",""employee_id"":""E0178"",""event_id"":""EV_002"",""date"":""2025-12-25"",""due_date"":""2026-01-24"",""status"":""completed"",""completion_pct"":100,""score"":""85"",""feedback_rating"":"""",""assigned_by"":""hr""}"
history,R001660,"{""record_id"":""R001660"",""employee_id"":""E0178"",""event_id"":""EV_003"",""date"":""2025-12-25"",""due_date"":""2026-01-24"",""status"":""completed"",""completion_pct"":100,""score"":""85"",""feedback_rating"":"""",""assigned_by"":""hr""}"
history,R001661,"{""record_id"":""R001661"",""employee_id"":""E0016"",""event_id"":""EV_001"",""date"":""2025-12-26"",""due_date"":""2026-01-25"",""status"":""overdue"",""completion_pct"":0,""score"":"""",""feedback_rating"":"""",""assigned_by"":""hr""}"
history,R001662,"{""record_id"":""R001662"",""employee_id"":""E0016"",""event_id"":""EV_002"",""date"":""2025-12-26"",""due_date"":""2026-01-25"",""status"":""overdue"",""completion_pct"":0,""score"":"""",""feedback_rating"":"""",""assigned_by"":""hr""}"
history,R001663,"{""record_id"":""R001663"",""employee_id"":""E0016"",""event_id"":""EV_003"",""date"":""2025-12-26"",""due_date"":""2026-01-25"",""status"":""completed"",""completion_pct"":100,""score"":""73"",""feedback_rating"":"""",""assigned_by"":""hr""}"
history,R001664,"{""record_id"":""R001664"",""employee_id"":""E0022"",""event_id"":""EV_001"",""date"":""2025-12-26"",""due_date"":""2026-01-25"",""status"":""overdue"",""completion_pct"":0,""score"":"""",""feedback_rating"":"""",""assigned_by"":""hr""}"
history,R001665,"{""record_id"":""R001665"",""employee_id"":""E0022"",""event_id"":""EV_002"",""date"":""2025-12-26"",""due_date"":""2026-01-25"",""status"":""completed"",""completion_pct"":100,""score"":""70"",""feedback_rating"":"""",""assigned_by"":""hr""}"
history,R001666,"{""record_id"":""R001666"",""employee_id"":""E0022"",""event_id"":""EV_003"",""date"":""2025-12-26"",""due_date"":""2026-01-25"",""status"":""completed"",""completion_pct"":100,""score"":""70"",""feedback_rating"":"""",""assigned_by"":""hr""}"
history,R001667,"{""record_id"":""R001667"",""employee_id"":""E0063"",""event_id"":""EV_019"",""date"":""2025-12-26"",""due_date"":"""",""status"":""completed"",""completion_pct"":100,""score"":"""",""feedback_rating"":""4"",""assigned_by"":""manager""}"
history,R001668,"{""record_id"":""R001668"",""employee_id"":""E0095"",""event_id"":""EV_028"",""date"":""2025-12-26"",""due_date"":"""",""status"":""completed"",""completion_pct"":100,""score"":"""",""feedback_rating"":""3"",""assigned_by"":""manager""}"
history,R001669,"{""record_id"":""R001669"",""employee_id"":""E0148"",""event_id"":""EV_037"",""date"":""2025-12-26"",""due_date"":"""",""status"":""completed"",""completion_pct"":100,""score"":"""",""feedback_rating"":""4"",""assigned_by"":""hr""}"
history,R001670,"{""record_id"":""R001670"",""employee_id"":""E0170"",""event_id"":""EV_016"",""date"":""2025-12-26"",""due_date"":"""",""status"":""completed"",""completion_pct"":100,""score"":"""",""feedback_rating"":""5"",""assigned_by"":""self""}"
history,R001671,"{""record_id"":""R001671"",""employee_id"":""E0183"",""event_id"":""EV_014"",""date"":""2025-12-26"",""due_date"":"""",""status"":""completed"",""completion_pct"":100,""score"":"""",""feedback_rating"":""5"",""assigned_by"":""self""}"
history,R001672,"{""record_id"":""R001672"",""employee_id"":""E0192"",""event_id"":""EV_036"",""date"":""2025-12-26"",""due_date"":"""",""status"":""no_show"",""completion_pct"":0,""score"":"""",""feedback_rating"":"""",""assigned_by"":""self""}"
history,R001673,"{""record_id"":""R001673"",""employee_id"":""E0083"",""event_id"":""EV_039"",""date"":""2025-12-29"",""due_date"":"""",""status"":""completed"",""completion_pct"":100,""score"":"""",""feedback_rating"":"""",""assigned_by"":""self""}"
history,R001674,"{""record_id"":""R001674"",""employee_id"":""E0152"",""event_id"":""EV_004"",""date"":""2025-12-29"",""due_date"":""2026-01-15"",""status"":""completed"",""completion_pct"":100,""score"":"""",""feedback_rating"":""2"",""assigned_by"":""hr""}"
history,R001675,"{""record_id"":""R001675"",""employee_id"":""E0175"",""event_id"":""EV_038"",""date"":""2025-12-29"",""due_date"":"""",""status"":""dropped"",""completion_pct"":60,""score"":"""",""feedback_rating"":"""",""assigned_by"":""manager""}"
history,R001676,"{""record_id"":""R001676"",""employee_id"":""E0157"",""event_id"":""EV_018"",""date"":""2025-12-30"",""due_date"":"""",""status"":""completed"",""completion_pct"":100,""score"":""92"",""feedback_rating"":""5"",""assigned_by"":""self""}"
history,R001677,"{""record_id"":""R001677"",""employee_id"":""E0160"",""event_id"":""EV_036"",""date"":""2025-12-30"",""due_date"":"""",""status"":""no_show"",""completion_pct"":0,""score"":"""",""feedback_rating"":"""",""assigned_by"":""hr""}"
history,R001678,"{""record_id"":""R001678"",""employee_id"":""E0041"",""event_id"":""EV_037"",""date"":""2025-12-31"",""due_date"":"""",""status"":""completed"",""completion_pct"":100,""score"":"""",""feedback_rating"":""5"",""assigned_by"":""self""}"
history,R001679,"{""record_id"":""R001679"",""employee_id"":""E0053"",""event_id"":""EV_040"",""date"":""2025-12-31"",""due_date"":"""",""status"":""no_show"",""completion_pct"":0,""score"":"""",""feedback_rating"":"""",""assigned_by"":""self""}"
history,R001680,"{""record_id"":""R001680"",""employee_id"":""E0099"",""event_id"":""EV_039"",""date"":""2025-12-31"",""due_date"":"""",""status"":""completed"",""completion_pct"":100,""score"":"""",""feedback_rating"":"""",""assigned_by"":""self""}"
history,R001681,"{""record_id"":""R001681"",""employee_id"":""E0051"",""event_id"":""EV_033"",""date"":""2026-01-01"",""due_date"":"""",""status"":""completed"",""completion_pct"":100,""score"":""73"",""feedback_rating"":""5"",""assigned_by"":""self""}"
history,R001682,"{""record_id"":""R001682"",""employee_id"":""E0093"",""event_id"":""EV_008"",""date"":""2026-01-01"",""due_date"":"""",""status"":""completed"",""completion_pct"":100,""score"":"""",""feedback_rating"":""5"",""assigned_by"":""manager""}"
history,R001683,"{""record_id"":""R001683"",""employee_id"":""E0124"",""event_id"":""EV_040"",""date"":""2026-01-01"",""due_date"":"""",""status"":""completed"",""completion_pct"":100,""score"":"""",""feedback_rating"":"""",""assigned_by"":""self""}"
history,R001684,"{""record_id"":""R001684"",""employee_id"":""E0165"",""event_id"":""EV_036"",""date"":""2026-01-01"",""due_date"":"""",""status"":""completed"",""completion_pct"":100,""score"":"""",""feedback_rating"":""4"",""assigned_by"":""self""}"
history,R001685,"{""record_id"":""R001685"",""employee_id"":""E0183"",""event_id"":""EV_008"",""date"":""2026-01-01"",""due_date"":"""",""status"":""completed"",""completion_pct"":100,""score"":"""",""feedback_rating"":""5"",""assigned_by"":""self""}"
history,R001686,"{""record_id"":""R001686"",""employee_id"":""E0193"",""event_id"":""EV_040"",""date"":""2026-01-01"",""due_date"":"""",""status"":""completed"",""completion_pct"":100,""score"":"""",""feedback_rating"":""4"",""assigned_by"":""self""}"
history,R001687,"{""record_id"":""R001687"",""employee_id"":""E0006"",""event_id"":""EV_011"",""date"":""2026-01-02"",""due_date"":"""",""status"":""dropped"",""completion_pct"":40,""score"":"""",""feedback_rating"":"""",""assigned_by"":""hr""}"
history,R001688,"{""record_id"":""R001688"",""employee_id"":""E0022"",""event_id"":""EV_004"",""date"":""2026-01-05"",""due_date"":""2026-01-22"",""status"":""completed"",""completion_pct"":100,""score"":"""",""feedback_rating"":""5"",""assigned_by"":""hr""}"
history,R001689,"{""record_id"":""R001689"",""employee_id"":""E0026"",""event_id"":""EV_006"",""date"":""2026-01-05"",""due_date"":"""",""status"":""completed"",""completion_pct"":100,""score"":"""",""feedback_rating"":""5"",""assigned_by"":""manager""}"
history,R001690,"{""record_id"":""R001690"",""employee_id"":""E0034"",""event_id"":""EV_040"",""date"":""2026-01-05"",""due_date"":"""",""status"":""completed"",""completion_pct"":100,""score"":"""",""feedback_rating"":"""",""assigned_by"":""manager""}"
history,R001691,"{""record_id"":""R001691"",""employee_id"":""E0036"",""event_id"":""EV_040"",""date"":""2026-01-05"",""due_date"":"""",""status"":""no_show"",""completion_pct"":0,""score"":"""",""feedback_rating"":"""",""assigned_by"":""hr""}"
history,R001692,"{""record_id"":""R001692"",""employee_id"":""E0097"",""event_id"":""EV_019"",""date"":""2026-01-05"",""due_date"":"""",""status"":""completed"",""completion_pct"":100,""score"":"""",""feedback_rating"":"""",""assigned_by"":""hr""}"
history,R001693,"{""record_id"":""R001693"",""employee_id"":""E0154"",""event_id"":""EV_009"",""date"":""2026-01-05"",""due_date"":"""",""status"":""completed"",""completion_pct"":100,""score"":""64"",""feedback_rating"":""3"",""assigned_by"":""hr""}"
history,R001694,"{""record_id"":""R001694"",""employee_id"":""E0164"",""event_id"":""EV_025"",""date"":""2026-01-05"",""due_date"":"""",""status"":""completed"",""completion_pct"":100,""score"":""79"",""feedback_rating"":""5"",""assigned_by"":""self""}"
history,R001695,"{""record_id"":""R001695"",""employee_id"":""E0097"",""event_id"":""EV_039"",""date"":""2026-01-06"",""due_date"":"""",""status"":""no_show"",""completion_pct"":0,""score"":"""",""feedback_rating"":"""",""assigned_by"":""self""}"
history,R001696,"{""record_id"":""R001696"",""employee_id"":""E0111"",""event_id"":""EV_039"",""date"":""2026-01-06"",""due_date"":"""",""status"":""completed"",""completion_pct"":100,""score"":"""",""feedback_rating"":"""",""assigned_by"":""manager""}"
history,R001697,"{""record_id"":""R001697"",""employee_id"":""E0065"",""event_id"":""EV_008"",""date"":""2026-01-07"",""due_date"":"""",""status"":""completed"",""completion_pct"":100,""score"":"""",""feedback_rating"":"""",""assigned_by"":""self""}"
history,R001698,"{""record_id"":""R001698"",""employee_id"":""E0082"",""event_id"":""EV_036"",""date"":""2026-01-07"",""due_date"":"""",""status"":""no_show"",""completion_pct"":0,""score"":"""",""feedback_rating"":"""",""assigned_by"":""self""}"
history,R001699,"{""record_id"":""R001699"",""employee_id"":""E0083"",""event_id"":""EV_038"",""date"":""2026-01-07"",""due_date"":"""",""status"":""completed"",""completion_pct"":100,""score"":""61"",""feedback_rating"":"""",""assigned_by"":""self""}"
history,R001700,"{""record_id"":""R001700"",""employee_id"":""E0170"",""event_id"":""EV_014"",""date"":""2026-01-07"",""due_date"":"""",""status"":""completed"",""completion_pct"":100,""score"":"""",""feedback_rating"":""5"",""assigned_by"":""self""}"
history,R001701,"{""record_id"":""R001701"",""employee_id"":""E0091"",""event_id"":""EV_040"",""date"":""2026-01-08"",""due_date"":"""",""status"":""completed"",""completion_pct"":100,""score"":"""",""feedback_rating"":""3"",""assigned_by"":""self""}"
history,R001702,"{""record_id"":""R001702"",""employee_id"":""E0200"",""event_id"":""EV_008"",""date"":""2026-01-08"",""due_date"":"""",""status"":""completed"",""completion_pct"":100,""score"":"""",""feedback_rating"":""5"",""assigned_by"":""self""}"
history,R001703,"{""record_id"":""R001703"",""employee_id"":""E0072"",""event_id"":""EV_037"",""date"":""2026-01-09"",""due_date"":"""",""status"":""dropped"",""completion_pct"":75,""score"":"""",""feedback_rating"":"""",""assigned_by"":""self""}"
history,R001704,"{""record_id"":""R001704"",""employee_id"":""E0105"",""event_id"":""EV_039"",""date"":""2026-01-09"",""due_date"":"""",""status"":""completed"",""completion_pct"":100,""score"":"""",""feedback_rating"":""4"",""assigned_by"":""self""}"
history,R001705,"{""record_id"":""R001705"",""employee_id"":""E0112"",""event_id"":""EV_036"",""date"":""2026-01-09"",""due_date"":"""",""status"":""declined"",""completion_pct"":0,""score"":"""",""feedback_rating"":"""",""assigned_by"":""manager""}"
history,R001706,"{""record_id"":""R001706"",""employee_id"":""E0016"",""event_id"":""EV_004"",""date"":""2026-01-12"",""due_date"":""2026-01-22"",""status"":""completed"",""completion_pct"":100,""score"":"""",""feedback_rating"":""5"",""assigned_by"":""hr""}"
history,R001707,"{""record_id"":""R001707"",""employee_id"":""E0002"",""event_id"":""EV_010"",""date"":""2026-01-13"",""due_date"":"""",""status"":""dropped"",""completion_pct"":70,""score"":"""",""feedback_rating"":"""",""assigned_by"":""manager""}"
history,R001708,"{""record_id"":""R001708"",""employee_id"":""E0027"",""event_id"":""EV_031"",""date"":""2026-01-13"",""due_date"":"""",""status"":""completed"",""completion_pct"":100,""score"":"""",""feedback_rating"":""5"",""assigned_by"":""manager""}"
history,R001709,"{""record_id"":""R001709"",""employee_id"":""E0041"",""event_id"":""EV_036"",""date"":""2026-01-13"",""due_date"":"""",""status"":""completed"",""completion_pct"":100,""score"":"""",""feedback_rating"":""3"",""assigned_by"":""self""}"
history,R001710,"{""record_id"":""R001710"",""employee_id"":""E0047"",""event_id"":""EV_007"",""date"":""2026-01-13"",""due_date"":"""",""status"":""dropped"",""completion_pct"":75,""score"":"""",""feedback_rating"":""1"",""assigned_by"":""self""}"
history,R001711,"{""record_id"":""R001711"",""employee_id"":""E0080"",""event_id"":""EV_020"",""date"":""2026-01-13"",""due_date"":"""",""status"":""declined"",""completion_pct"":0,""score"":"""",""feedback_rating"":"""",""assigned_by"":""hr""}"
history,R001712,"{""record_id"":""R001712"",""employee_id"":""E0149"",""event_id"":""EV_008"",""date"":""2026-01-13"",""due_date"":"""",""status"":""completed"",""completion_pct"":100,""score"":"""",""feedback_rating"":""5"",""assigned_by"":""self""}"
history,R001713,"{""record_id"":""R001713"",""employee_id"":""E0164"",""event_id"":""EV_012"",""date"":""2026-01-13"",""due_date"":"""",""status"":""completed"",""completion_pct"":100,""score"":""75"",""feedback_rating"":""4"",""assigned_by"":""self""}"
history,R001714,"{""record_id"":""R001714"",""employee_id"":""E0189"",""event_id"":""EV_011"",""date"":""2026-01-13"",""due_date"":"""",""status"":""completed"",""completion_pct"":100,""score"":"""",""feedback_rating"":"""",""assigned_by"":""self""}"
history,R001715,"{""record_id"":""R001715"",""employee_id"":""E0194"",""event_id"":""EV_039"",""date"":""2026-01-13"",""due_date"":"""",""status"":""completed"",""completion_pct"":100,""score"":"""",""feedback_rating"":""3"",""assigned_by"":""self""}"
history,R001716,"{""record_id"":""R001716"",""employee_id"":""E0114"",""event_id"":""EV_039"",""date"":""2026-01-14"",""due_date"":"""",""status"":""completed"",""completion_pct"":100,""score"":"""",""feedback_rating"":"""",""assigned_by"":""hr""}"
history,R001717,"{""record_id"":""R001717"",""employee_id"":""E0178"",""event_id"":""EV_004"",""date"":""2026-01-14"",""due_date"":""2026-01-21"",""status"":""completed"",""completion_pct"":100,""score"":"""",""feedback_rating"":""4"",""assigned_by"":""hr""}"
history,R001718,"{""record_id"":""R001718"",""employee_id"":""E0021"",""event_id"":""EV_037"",""date"":""2026-01-15"",""due_date"":"""",""status"":""completed"",""completion_pct"":100,""score"":"""",""feedback_rating"":""3"",""assigned_by"":""self""}"
history,R001719,"{""record_id"":""R001719"",""employee_id"":""E0025"",""event_id"":""EV_040"",""date"":""2026-01-15"",""due_date"":"""",""status"":""declined"",""completion_pct"":0,""score"":"""",""feedback_rating"":"""",""assigned_by"":""manager""}"
history,R001720,"{""record_id"":""R001720"",""employee_id"":""E0090"",""event_id"":""EV_036"",""date"":""2026-01-15"",""due_date"":"""",""status"":""completed"",""completion_pct"":100,""score"":"""",""feedback_rating"":""4"",""assigned_by"":""self""}"
history,R001721,"{""record_id"":""R001721"",""employee_id"":""E0195"",""event_id"":""EV_020"",""date"":""2026-01-15"",""due_date"":"""",""status"":""dropped"",""completion_pct"":35,""score"":"""",""feedback_rating"":""2"",""assigned_by"":""hr""}"
history,R001722,"{""record_id"":""R001722"",""employee_id"":""E0171"",""event_id"":""EV_039"",""date"":""2026-01-16"",""due_date"":"""",""status"":""completed"",""completion_pct"":100,""score"":"""",""feedback_rating"":""4"",""assigned_by"":""manager""}"
history,R001723,"{""record_id"":""R001723"",""employee_id"":""E0177"",""event_id"":""EV_034"",""date"":""2026-01-16"",""due_date"":"""",""status"":""dropped"",""completion_pct"":65,""score"":"""",""feedback_rating"":""2"",""assigned_by"":""manager""}"
history,R001724,"{""record_id"":""R001724"",""employee_id"":""E0184"",""event_id"":""EV_009"",""date"":""2026-01-16"",""due_date"":"""",""status"":""dropped"",""completion_pct"":45,""score"":"""",""feedback_rating"":""3"",""assigned_by"":""self""}"
history,R001725,"{""record_id"":""R001725"",""employee_id"":""E0187"",""event_id"":""EV_022"",""date"":""2026-01-16"",""due_date"":"""",""status"":""completed"",""completion_pct"":100,""score"":""83"",""feedback_rating"":""3"",""assigned_by"":""self""}"
history,R001726,"{""record_id"":""R001726"",""employee_id"":""E0030"",""event_id"":""EV_035"",""date"":""2026-01-19"",""due_date"":"""",""status"":""completed"",""completion_pct"":100,""score"":""84"",""feedback_rating"":"""",""assigned_by"":""self""}"
history,R001727,"{""record_id"":""R001727"",""employee_id"":""E0049"",""event_id"":""EV_039"",""date"":""2026-01-19"",""due_date"":"""",""status"":""completed"",""completion_pct"":100,""score"":"""",""feedback_rating"":"""",""assigned_by"":""self""}"
history,R001728,"{""record_id"":""R001728"",""employee_id"":""E0129"",""event_id"":""EV_001"",""date"":""2026-01-19"",""due_date"":""2026-02-18"",""status"":""overdue"",""completion_pct"":60,""score"":"""",""feedback_rating"":"""",""assigned_by"":""hr""}"
history,R001729,"{""record_id"":""R001729"",""employee_id"":""E0129"",""event_id"":""EV_002"",""date"":""2026-01-19"",""due_date"":""2026-02-18"",""status"":""completed"",""completion_pct"":100,""score"":""77"",""feedback_rating"":"""",""assigned_by"":""hr""}"
history,R001730,"{""record_id"":""R001730"",""employee_id"":""E0129"",""event_id"":""EV_003"",""date"":""2026-01-19"",""due_date"":""2026-02-18"",""status"":""completed"",""completion_pct"":100,""score"":""75"",""feedback_rating"":"""",""assigned_by"":""hr""}"
history,R001731,"{""record_id"":""R001731"",""employee_id"":""E0140"",""event_id"":""EV_012"",""date"":""2026-01-19"",""due_date"":"""",""status"":""dropped"",""completion_pct"":45,""score"":"""",""feedback_rating"":"""",""assigned_by"":""manager""}"
history,R001732,"{""record_id"":""R001732"",""employee_id"":""E0151"",""event_id"":""EV_034"",""date"":""2026-01-19"",""due_date"":"""",""status"":""completed"",""completion_pct"":100,""score"":"""",""feedback_rating"":""3"",""assigned_by"":""self""}"
history,R001733,"{""record_id"":""R001733"",""employee_id"":""E0181"",""event_id"":""EV_038"",""date"":""2026-01-19"",""due_date"":"""",""status"":""no_show"",""completion_pct"":0,""score"":"""",""feedback_rating"":"""",""assigned_by"":""manager""}"
history,R001734,"{""record_id"":""R001734"",""employee_id"":""E0121"",""event_id"":""EV_023"",""date"":""2026-01-20"",""due_date"":"""",""status"":""completed"",""completion_pct"":100,""score"":"""",""feedback_rating"":""2"",""assigned_by"":""self""}"
history,R001735,"{""record_id"":""R001735"",""employee_id"":""E0164"",""event_id"":""EV_005"",""date"":""2026-01-20"",""due_date"":"""",""status"":""completed"",""completion_pct"":100,""score"":""84"",""feedback_rating"":""5"",""assigned_by"":""self""}"
history,R001736,"{""record_id"":""R001736"",""employee_id"":""E0197"",""event_id"":""EV_037"",""date"":""2026-01-20"",""due_date"":"""",""status"":""completed"",""completion_pct"":100,""score"":"""",""feedback_rating"":""2"",""assigned_by"":""manager""}"
history,R001737,"{""record_id"":""R001737"",""employee_id"":""E0046"",""event_id"":""EV_036"",""date"":""2026-01-21"",""due_date"":"""",""status"":""no_show"",""completion_pct"":0,""score"":"""",""feedback_rating"":"""",""assigned_by"":""manager""}"
history,R001738,"{""record_id"":""R001738"",""employee_id"":""E0093"",""event_id"":""EV_036"",""date"":""2026-01-21"",""due_date"":"""",""status"":""completed"",""completion_pct"":100,""score"":"""",""feedback_rating"":""4"",""assigned_by"":""self""}"
history,R001739,"{""record_id"":""R001739"",""employee_id"":""E0150"",""event_id"":""EV_037"",""date"":""2026-01-21"",""due_date"":"""",""status"":""completed"",""completion_pct"":100,""score"":"""",""feedback_rating"":""4"",""assigned_by"":""self""}"
history,R001740,"{""record_id"":""R001740"",""employee_id"":""E0151"",""event_id"":""EV_008"",""date"":""2026-01-21"",""due_date"":"""",""status"":""completed"",""completion_pct"":100,""score"":"""",""feedback_rating"":""4"",""assigned_by"":""self""}"
history,R001741,"{""record_id"":""R001741"",""employee_id"":""E0044"",""event_id"":""EV_040"",""date"":""2026-01-22"",""due_date"":"""",""status"":""completed"",""completion_pct"":100,""score"":"""",""feedback_rating"":""5"",""assigned_by"":""self""}"
history,R001742,"{""record_id"":""R001742"",""employee_id"":""E0060"",""event_id"":""EV_038"",""date"":""2026-01-22"",""due_date"":"""",""status"":""completed"",""completion_pct"":100,""score"":""88"",""feedback_rating"":""5"",""assigned_by"":""self""}"
history,R001743,"{""record_id"":""R001743"",""employee_id"":""E0173"",""event_id"":""EV_040"",""date"":""2026-01-22"",""due_date"":"""",""status"":""completed"",""completion_pct"":100,""score"":"""",""feedback_rating"":"""",""assigned_by"":""self""}"
history,R001744,"{""record_id"":""R001744"",""employee_id"":""E0048"",""event_id"":""EV_012"",""date"":""2026-01-23"",""due_date"":"""",""status"":""completed"",""completion_pct"":100,""score"":""71"",""feedback_rating"":"""",""assigned_by"":""hr""}"
history,R001745,"{""record_id"":""R001745"",""employee_id"":""E0054"",""event_id"":""EV_009"",""date"":""2026-01-23"",""due_date"":"""",""status"":""dropped"",""completion_pct"":65,""score"":"""",""feedback_rating"":"""",""assigned_by"":""self""}"
history,R001746,"{""record_id"":""R001746"",""employee_id"":""E0156"",""event_id"":""EV_001"",""date"":""2026-01-23"",""due_date"":""2026-02-22"",""status"":""overdue"",""completion_pct"":60,""score"":"""",""feedback_rating"":"""",""assigned_by"":""hr""}"
history,R001747,"{""record_id"":""R001747"",""employee_id"":""E0156"",""event_id"":""EV_002"",""date"":""2026-01-23"",""due_date"":""2026-02-22"",""status"":""overdue"",""completion_pct"":60,""score"":"""",""feedback_rating"":"""",""assigned_by"":""hr""}"
history,R001748,"{""record_id"":""R001748"",""employee_id"":""E0156"",""event_id"":""EV_003"",""date"":""2026-01-23"",""due_date"":""2026-02-22"",""status"":""completed"",""completion_pct"":100,""score"":""86"",""feedback_rating"":"""",""assigned_by"":""hr""}"
history,R001749,"{""record_id"":""R001749"",""employee_id"":""E0059"",""event_id"":""EV_036"",""date"":""2026-01-26"",""due_date"":"""",""status"":""no_show"",""completion_pct"":0,""score"":"""",""feedback_rating"":"""",""assigned_by"":""self""}"
history,R001750,"{""record_id"":""R001750"",""employee_id"":""E0133"",""event_id"":""EV_034"",""date"":""2026-01-26"",""due_date"":"""",""status"":""completed"",""completion_pct"":100,""score"":"""",""feedback_rating"":""3"",""assigned_by"":""manager""}"
history,R001751,"{""record_id"":""R001751"",""employee_id"":""E0143"",""event_id"":""EV_040"",""date"":""2026-01-26"",""due_date"":"""",""status"":""no_show"",""completion_pct"":0,""score"":"""",""feedback_rating"":"""",""assigned_by"":""self""}"
history,R001752,"{""record_id"":""R001752"",""employee_id"":""E0161"",""event_id"":""EV_036"",""date"":""2026-01-27"",""due_date"":"""",""status"":""completed"",""completion_pct"":100,""score"":"""",""feedback_rating"":""4"",""assigned_by"":""hr""}"
history,R001753,"{""record_id"":""R001753"",""employee_id"":""E0011"",""event_id"":""EV_025"",""date"":""2026-01-28"",""due_date"":"""",""status"":""completed"",""completion_pct"":100,""score"":""62"",""feedback_rating"":""5"",""assigned_by"":""self""}"
history,R001754,"{""record_id"":""R001754"",""employee_id"":""E0085"",""event_id"":""EV_037"",""date"":""2026-01-28"",""due_date"":"""",""status"":""completed"",""completion_pct"":100,""score"":"""",""feedback_rating"":"""",""assigned_by"":""hr""}"
history,R001755,"{""record_id"":""R001755"",""employee_id"":""E0128"",""event_id"":""EV_038"",""date"":""2026-01-28"",""due_date"":"""",""status"":""completed"",""completion_pct"":100,""score"":""74"",""feedback_rating"":""5"",""assigned_by"":""hr""}"
history,R001756,"{""record_id"":""R001756"",""employee_id"":""E0145"",""event_id"":""EV_008"",""date"":""2026-01-28"",""due_date"":"""",""status"":""completed"",""completion_pct"":100,""score"":"""",""feedback_rating"":""1"",""assigned_by"":""manager""}"
history,R001757,"{""record_id"":""R001757"",""employee_id"":""E0154"",""event_id"":""EV_013"",""date"":""2026-01-28"",""due_date"":"""",""status"":""completed"",""completion_pct"":100,""score"":""83"",""feedback_rating"":""4"",""assigned_by"":""self""}"
history,R001758,"{""record_id"":""R001758"",""employee_id"":""E0162"",""event_id"":""EV_036"",""date"":""2026-01-28"",""due_date"":"""",""status"":""completed"",""completion_pct"":100,""score"":"""",""feedback_rating"":""4"",""assigned_by"":""manager""}"
history,R001759,"{""record_id"":""R001759"",""employee_id"":""E0029"",""event_id"":""EV_008"",""date"":""2026-01-29"",""due_date"":"""",""status"":""completed"",""completion_pct"":100,""score"":"""",""feedback_rating"":""5"",""assigned_by"":""manager""}"
history,R001760,"{""record_id"":""R001760"",""employee_id"":""E0106"",""event_id"":""EV_039"",""date"":""2026-01-29"",""due_date"":"""",""status"":""declined"",""completion_pct"":0,""score"":"""",""feedback_rating"":"""",""assigned_by"":""hr""}"
history,R001761,"{""record_id"":""R001761"",""employee_id"":""E0139"",""event_id"":""EV_038"",""date"":""2026-01-29"",""due_date"":"""",""status"":""declined"",""completion_pct"":0,""score"":"""",""feedback_rating"":"""",""assigned_by"":""manager""}"
history,R001762,"{""record_id"":""R001762"",""employee_id"":""E0166"",""event_id"":""EV_036"",""date"":""2026-01-29"",""due_date"":"""",""status"":""completed"",""completion_pct"":100,""score"":"""",""feedback_rating"":""3"",""assigned_by"":""self""}"
history,R001763,"{""record_id"":""R001763"",""employee_id"":""E0181"",""event_id"":""EV_037"",""date"":""2026-01-29"",""due_date"":"""",""status"":""dropped"",""completion_pct"":10,""score"":"""",""feedback_rating"":"""",""assigned_by"":""manager""}"
history,R001764,"{""record_id"":""R001764"",""employee_id"":""E0005"",""event_id"":""EV_005"",""date"":""2026-01-30"",""due_date"":"""",""status"":""no_show"",""completion_pct"":0,""score"":"""",""feedback_rating"":"""",""assigned_by"":""hr""}"
history,R001765,"{""record_id"":""R001765"",""employee_id"":""E0074"",""event_id"":""EV_020"",""date"":""2026-01-30"",""due_date"":"""",""status"":""completed"",""completion_pct"":100,""score"":""63"",""feedback_rating"":""3"",""assigned_by"":""hr""}"
history,R001766,"{""record_id"":""R001766"",""employee_id"":""E0112"",""event_id"":""EV_036"",""date"":""2026-01-30"",""due_date"":"""",""status"":""completed"",""completion_pct"":100,""score"":"""",""feedback_rating"":""5"",""assigned_by"":""self""}"
history,R001767,"{""record_id"":""R001767"",""employee_id"":""E0170"",""event_id"":""EV_037"",""date"":""2026-01-30"",""due_date"":"""",""status"":""declined"",""completion_pct"":0,""score"":"""",""feedback_rating"":"""",""assigned_by"":""hr""}"
history,R001768,"{""record_id"":""R001768"",""employee_id"":""E0007"",""event_id"":""EV_009"",""date"":""2026-02-02"",""due_date"":"""",""status"":""completed"",""completion_pct"":100,""score"":""79"",""feedback_rating"":""2"",""assigned_by"":""hr""}"
history,R001769,"{""record_id"":""R001769"",""employee_id"":""E0011"",""event_id"":""EV_023"",""date"":""2026-02-02"",""due_date"":"""",""status"":""no_show"",""completion_pct"":0,""score"":"""",""feedback_rating"":"""",""assigned_by"":""manager""}"
history,R001770,"{""record_id"":""R001770"",""employee_id"":""E0086"",""event_id"":""EV_034"",""date"":""2026-02-02"",""due_date"":"""",""status"":""completed"",""completion_pct"":100,""score"":"""",""feedback_rating"":""5"",""assigned_by"":""self""}"
history,R001771,"{""record_id"":""R001771"",""employee_id"":""E0158"",""event_id"":""EV_037"",""date"":""2026-02-02"",""due_date"":"""",""status"":""completed"",""completion_pct"":100,""score"":"""",""feedback_rating"":"""",""assigned_by"":""self""}"
history,R001772,"{""record_id"":""R001772"",""employee_id"":""E0173"",""event_id"":""EV_034"",""date"":""2026-02-02"",""due_date"":"""",""status"":""declined"",""completion_pct"":0,""score"":"""",""feedback_rating"":"""",""assigned_by"":""manager""}"
history,R001773,"{""record_id"":""R001773"",""employee_id"":""E0185"",""event_id"":""EV_034"",""date"":""2026-02-02"",""due_date"":"""",""status"":""completed"",""completion_pct"":100,""score"":"""",""feedback_rating"":""5"",""assigned_by"":""self""}"
history,R001774,"{""record_id"":""R001774"",""employee_id"":""E0197"",""event_id"":""EV_039"",""date"":""2026-02-02"",""due_date"":"""",""status"":""completed"",""completion_pct"":100,""score"":"""",""feedback_rating"":""3"",""assigned_by"":""self""}"
history,R001775,"{""record_id"":""R001775"",""employee_id"":""E0052"",""event_id"":""EV_028"",""date"":""2026-02-03"",""due_date"":"""",""status"":""completed"",""completion_pct"":100,""score"":"""",""feedback_rating"":""3"",""assigned_by"":""manager""}"
history,R001776,"{""record_id"":""R001776"",""employee_id"":""E0079"",""event_id"":""EV_036"",""date"":""2026-02-03"",""due_date"":"""",""status"":""completed"",""completion_pct"":100,""score"":"""",""feedback_rating"":""5"",""assigned_by"":""manager""}"
history,R001777,"{""record_id"":""R001777"",""employee_id"":""E0156"",""event_id"":""EV_004"",""date"":""2026-02-03"",""due_date"":""2026-02-19"",""status"":""completed"",""completion_pct"":100,""score"":"""",""feedback_rating"":"""",""assigned_by"":""hr""}"
history,R001778,"{""record_id"":""R001778"",""employee_id"":""E0049"",""event_id"":""EV_036"",""date"":""2026-02-04"",""due_date"":"""",""status"":""completed"",""completion_pct"":100,""score"":"""",""feedback_rating"":"""",""assigned_by"":""manager""}"
history,R001779,"{""record_id"":""R001779"",""employee_id"":""E0052"",""event_id"":""EV_034"",""date"":""2026-02-04"",""due_date"":"""",""status"":""completed"",""completion_pct"":100,""score"":"""",""feedback_rating"":""4"",""assigned_by"":""self""}"
history,R001780,"{""record_id"":""R001780"",""employee_id"":""E0165"",""event_id"":""EV_036"",""date"":""2026-02-04"",""due_date"":"""",""status"":""completed"",""completion_pct"":100,""score"":"""",""feedback_rating"":"""",""assigned_by"":""self""}"
history,R001781,"{""record_id"":""R001781"",""employee_id"":""E0107"",""event_id"":""EV_040"",""date"":""2026-02-05"",""due_date"":"""",""status"":""declined"",""completion_pct"":0,""score"":"""",""feedback_rating"":"""",""assigned_by"":""manager""}"
history,R001782,"{""record_id"":""R001782"",""employee_id"":""E0124"",""event_id"":""EV_020"",""date"":""2026-02-05"",""due_date"":"""",""status"":""completed"",""completion_pct"":100,""score"":""70"",""feedback_rating"":"""",""assigned_by"":""manager""}"
history,R001783,"{""record_id"":""R001783"",""employee_id"":""E0065"",""event_id"":""EV_039"",""date"":""2026-02-06"",""due_date"":"""",""status"":""completed"",""completion_pct"":100,""score"":"""",""feedback_rating"":""5"",""assigned_by"":""manager""}"
history,R001784,"{""record_id"":""R001784"",""employee_id"":""E0065"",""event_id"":""EV_036"",""date"":""2026-02-09"",""due_date"":"""",""status"":""no_show"",""completion_pct"":0,""score"":"""",""feedback_rating"":"""",""assigned_by"":""manager""}"
history,R001785,"{""record_id"":""R001785"",""employee_id"":""E0073"",""event_id"":""EV_023"",""date"":""2026-02-09"",""due_date"":"""",""status"":""completed"",""completion_pct"":100,""score"":"""",""feedback_rating"":""5"",""assigned_by"":""manager""}"
history,R001786,"{""record_id"":""R001786"",""employee_id"":""E0086"",""event_id"":""EV_035"",""date"":""2026-02-09"",""due_date"":"""",""status"":""completed"",""completion_pct"":100,""score"":""68"",""feedback_rating"":""5"",""assigned_by"":""self""}"
history,R001787,"{""record_id"":""R001787"",""employee_id"":""E0129"",""event_id"":""EV_004"",""date"":""2026-02-09"",""due_date"":""2026-02-13"",""status"":""completed"",""completion_pct"":100,""score"":"""",""feedback_rating"":""2"",""assigned_by"":""hr""}"
history,R001788,"{""record_id"":""R001788"",""employee_id"":""E0136"",""event_id"":""EV_006"",""date"":""2026-02-09"",""due_date"":"""",""status"":""completed"",""completion_pct"":100,""score"":"""",""feedback_rating"":"""",""assigned_by"":""self""}"
history,R001789,"{""record_id"":""R001789"",""employee_id"":""E0144"",""event_id"":""EV_036"",""date"":""2026-02-09"",""due_date"":"""",""status"":""completed"",""completion_pct"":100,""score"":"""",""feedback_rating"":""4"",""assigned_by"":""self""}"
history,R001790,"{""record_id"":""R001790"",""employee_id"":""E0022"",""event_id"":""EV_008"",""date"":""2026-02-10"",""due_date"":"""",""status"":""dropped"",""completion_pct"":80,""score"":"""",""feedback_rating"":""2"",""assigned_by"":""self""}"
history,R001791,"{""record_id"":""R001791"",""employee_id"":""E0073"",""event_id"":""EV_020"",""date"":""2026-02-10"",""due_date"":"""",""status"":""declined"",""completion_pct"":0,""score"":"""",""feedback_rating"":"""",""assigned_by"":""hr""}"
history,R001792,"{""record_id"":""R001792"",""employee_id"":""E0107"",""event_id"":""EV_022"",""date"":""2026-02-10"",""due_date"":"""",""status"":""completed"",""completion_pct"":100,""score"":""70"",""feedback_rating"":""4"",""assigned_by"":""self""}"
history,R001793,"{""record_id"":""R001793"",""employee_id"":""E0143"",""event_id"":""EV_008"",""date"":""2026-02-10"",""due_date"":"""",""status"":""completed"",""completion_pct"":100,""score"":"""",""feedback_rating"":""3"",""assigned_by"":""manager""}"
history,R001794,"{""record_id"":""R001794"",""employee_id"":""E0179"",""event_id"":""EV_009"",""date"":""2026-02-10"",""due_date"":"""",""status"":""completed"",""completion_pct"":100,""score"":""73"",""feedback_rating"":""3"",""assigned_by"":""self""}"
history,R001795,"{""record_id"":""R001795"",""employee_id"":""E0189"",""event_id"":""EV_039"",""date"":""2026-02-10"",""due_date"":"""",""status"":""completed"",""completion_pct"":100,""score"":"""",""feedback_rating"":""1"",""assigned_by"":""self""}"
history,R001796,"{""record_id"":""R001796"",""employee_id"":""E0050"",""event_id"":""EV_006"",""date"":""2026-02-11"",""due_date"":"""",""status"":""completed"",""completion_pct"":100,""score"":"""",""feedback_rating"":""5"",""assigned_by"":""self""}"
history,R001797,"{""record_id"":""R001797"",""employee_id"":""E0095"",""event_id"":""EV_031"",""date"":""2026-02-11"",""due_date"":"""",""status"":""no_show"",""completion_pct"":0,""score"":"""",""feedback_rating"":"""",""assigned_by"":""manager""}"
history,R001798,"{""record_id"":""R001798"",""employee_id"":""E0141"",""event_id"":""EV_016"",""date"":""2026-02-11"",""due_date"":"""",""status"":""completed"",""completion_pct"":100,""score"":"""",""feedback_rating"":""4"",""assigned_by"":""hr""}"
history,R001799,"{""record_id"":""R001799"",""employee_id"":""E0193"",""event_id"":""EV_036"",""date"":""2026-02-11"",""due_date"":"""",""status"":""declined"",""completion_pct"":0,""score"":"""",""feedback_rating"":"""",""assigned_by"":""hr""}"
history,R001800,"{""record_id"":""R001800"",""employee_id"":""E0115"",""event_id"":""EV_015"",""date"":""2026-02-12"",""due_date"":"""",""status"":""completed"",""completion_pct"":100,""score"":""82"",""feedback_rating"":""5"",""assigned_by"":""manager""}"
history,R001801,"{""record_id"":""R001801"",""employee_id"":""E0004"",""event_id"":""EV_024"",""date"":""2026-02-13"",""due_date"":"""",""status"":""completed"",""completion_pct"":100,""score"":""60"",""feedback_rating"":""2"",""assigned_by"":""self""}"
history,R001802,"{""record_id"":""R001802"",""employee_id"":""E0047"",""event_id"":""EV_008"",""date"":""2026-02-13"",""due_date"":"""",""status"":""declined"",""completion_pct"":0,""score"":"""",""feedback_rating"":"""",""assigned_by"":""manager""}"
history,R001803,"{""record_id"":""R001803"",""employee_id"":""E0172"",""event_id"":""EV_029"",""date"":""2026-02-13"",""due_date"":"""",""status"":""completed"",""completion_pct"":100,""score"":""70"",""feedback_rating"":""5"",""assigned_by"":""manager""}"
history,R001804,"{""record_id"":""R001804"",""employee_id"":""E0002"",""event_id"":""EV_010"",""date"":""2026-02-16"",""due_date"":"""",""status"":""completed"",""completion_pct"":100,""score"":""63"",""feedback_rating"":""2"",""assigned_by"":""self""}"
history,R001805,"{""record_id"":""R001805"",""employee_id"":""E0020"",""event_id"":""EV_026"",""date"":""2026-02-16"",""due_date"":"""",""status"":""completed"",""completion_pct"":100,""score"":"""",""feedback_rating"":""4"",""assigned_by"":""self""}"
history,R001806,"{""record_id"":""R001806"",""employee_id"":""E0043"",""event_id"":""EV_040"",""date"":""2026-02-16"",""due_date"":"""",""status"":""completed"",""completion_pct"":100,""score"":"""",""feedback_rating"":""4"",""assigned_by"":""self""}"
history,R001807,"{""record_id"":""R001807"",""employee_id"":""E0100"",""event_id"":""EV_027"",""date"":""2026-02-16"",""due_date"":"""",""status"":""dropped"",""completion_pct"":70,""score"":"""",""feedback_rating"":"""",""assigned_by"":""hr""}"
history,R001808,"{""record_id"":""R001808"",""employee_id"":""E0129"",""event_id"":""EV_036"",""date"":""2026-02-16"",""due_date"":"""",""status"":""completed"",""completion_pct"":100,""score"":"""",""feedback_rating"":""4"",""assigned_by"":""manager""}"
history,R001809,"{""record_id"":""R001809"",""employee_id"":""E0144"",""event_id"":""EV_036"",""date"":""2026-02-16"",""due_date"":"""",""status"":""completed"",""completion_pct"":100,""score"":"""",""feedback_rating"":""4"",""assigned_by"":""manager""}"
history,R001810,"{""record_id"":""R001810"",""employee_id"":""E0160"",""event_id"":""EV_036"",""date"":""2026-02-16"",""due_date"":"""",""status"":""no_show"",""completion_pct"":0,""score"":"""",""feedback_rating"":"""",""assigned_by"":""self""}"
history,R001811,"{""record_id"":""R001811"",""employee_id"":""E0167"",""event_id"":""EV_008"",""date"":""2026-02-17"",""due_date"":"""",""status"":""completed"",""completion_pct"":100,""score"":"""",""feedback_rating"":"""",""assigned_by"":""self""}"
history,R001812,"{""record_id"":""R001812"",""employee_id"":""E0194"",""event_id"":""EV_017"",""date"":""2026-02-17"",""due_date"":"""",""status"":""completed"",""completion_pct"":100,""score"":""87"",""feedback_rating"":""5"",""assigned_by"":""self""}"
history,R001813,"{""record_id"":""R001813"",""employee_id"":""E0011"",""event_id"":""EV_023"",""date"":""2026-02-18"",""due_date"":"""",""status"":""completed"",""completion_pct"":100,""score"":"""",""feedback_rating"":""4"",""assigned_by"":""self""}"
history,R001814,"{""record_id"":""R001814"",""employee_id"":""E0012"",""event_id"":""EV_036"",""date"":""2026-02-18"",""due_date"":"""",""status"":""completed"",""completion_pct"":100,""score"":"""",""feedback_rating"":""5"",""assigned_by"":""self""}"
history,R001815,"{""record_id"":""R001815"",""employee_id"":""E0021"",""event_id"":""EV_034"",""date"":""2026-02-18"",""due_date"":"""",""status"":""completed"",""completion_pct"":100,""score"":"""",""feedback_rating"":""5"",""assigned_by"":""self""}"
history,R001816,"{""record_id"":""R001816"",""employee_id"":""E0185"",""event_id"":""EV_040"",""date"":""2026-02-18"",""due_date"":"""",""status"":""completed"",""completion_pct"":100,""score"":"""",""feedback_rating"":""5"",""assigned_by"":""self""}"
history,R001817,"{""record_id"":""R001817"",""employee_id"":""E0193"",""event_id"":""EV_020"",""date"":""2026-02-18"",""due_date"":"""",""status"":""dropped"",""completion_pct"":65,""score"":"""",""feedback_rating"":""2"",""assigned_by"":""self""}"
history,R001818,"{""record_id"":""R001818"",""employee_id"":""E0015"",""event_id"":""EV_013"",""date"":""2026-02-19"",""due_date"":"""",""status"":""completed"",""completion_pct"":100,""score"":""61"",""feedback_rating"":""5"",""assigned_by"":""self""}"
history,R001819,"{""record_id"":""R001819"",""employee_id"":""E0025"",""event_id"":""EV_040"",""date"":""2026-02-19"",""due_date"":"""",""status"":""completed"",""completion_pct"":100,""score"":"""",""feedback_rating"":""4"",""assigned_by"":""self""}"
history,R001820,"{""record_id"":""R001820"",""employee_id"":""E0042"",""event_id"":""EV_016"",""date"":""2026-02-19"",""due_date"":"""",""status"":""completed"",""completion_pct"":100,""score"":"""",""feedback_rating"":""4"",""assigned_by"":""self""}"
history,R001821,"{""record_id"":""R001821"",""employee_id"":""E0141"",""event_id"":""EV_017"",""date"":""2026-02-19"",""due_date"":"""",""status"":""completed"",""completion_pct"":100,""score"":""73"",""feedback_rating"":""4"",""assigned_by"":""self""}"
history,R001822,"{""record_id"":""R001822"",""employee_id"":""E0187"",""event_id"":""EV_021"",""date"":""2026-02-19"",""due_date"":"""",""status"":""completed"",""completion_pct"":100,""score"":"""",""feedback_rating"":"""",""assigned_by"":""self""}"
history,R001823,"{""record_id"":""R001823"",""employee_id"":""E0018"",""event_id"":""EV_008"",""date"":""2026-02-20"",""due_date"":"""",""status"":""completed"",""completion_pct"":100,""score"":"""",""feedback_rating"":"""",""assigned_by"":""self""}"
history,R001824,"{""record_id"":""R001824"",""employee_id"":""E0026"",""event_id"":""EV_009"",""date"":""2026-02-20"",""due_date"":"""",""status"":""completed"",""completion_pct"":100,""score"":""81"",""feedback_rating"":""4"",""assigned_by"":""self""}"
history,R001825,"{""record_id"":""R001825"",""employee_id"":""E0163"",""event_id"":""EV_033"",""date"":""2026-02-23"",""due_date"":"""",""status"":""completed"",""completion_pct"":100,""score"":""65"",""feedback_rating"":""5"",""assigned_by"":""self""}"
history,R001826,"{""record_id"":""R001826"",""employee_id"":""E0017"",""event_id"":""EV_032"",""date"":""2026-02-24"",""due_date"":"""",""status"":""dropped"",""completion_pct"":45,""score"":"""",""feedback_rating"":""3"",""assigned_by"":""self""}"
history,R001827,"{""record_id"":""R001827"",""employee_id"":""E0124"",""event_id"":""EV_025"",""date"":""2026-02-24"",""due_date"":"""",""status"":""no_show"",""completion_pct"":0,""score"":"""",""feedback_rating"":"""",""assigned_by"":""self""}"
history,R001828,"{""record_id"":""R001828"",""employee_id"":""E0157"",""event_id"":""EV_036"",""date"":""2026-02-24"",""due_date"":"""",""status"":""no_show"",""completion_pct"":0,""score"":"""",""feedback_rating"":"""",""assigned_by"":""manager""}"
history,R001829,"{""record_id"":""R001829"",""employee_id"":""E0051"",""event_id"":""EV_036"",""date"":""2026-02-25"",""due_date"":"""",""status"":""declined"",""completion_pct"":0,""score"":"""",""feedback_rating"":"""",""assigned_by"":""manager""}"
history,R001830,"{""record_id"":""R001830"",""employee_id"":""E0107"",""event_id"":""EV_037"",""date"":""2026-02-25"",""due_date"":"""",""status"":""completed"",""completion_pct"":100,""score"":"""",""feedback_rating"":""4"",""assigned_by"":""self""}"
history,R001831,"{""record_id"":""R001831"",""employee_id"":""E0162"",""event_id"":""EV_012"",""date"":""2026-02-25"",""due_date"":"""",""status"":""completed"",""completion_pct"":100,""score"":""94"",""feedback_rating"":"""",""assigned_by"":""self""}"
history,R001832,"{""record_id"":""R001832"",""employee_id"":""E0198"",""event_id"":""EV_036"",""date"":""2026-02-25"",""due_date"":"""",""status"":""completed"",""completion_pct"":100,""score"":"""",""feedback_rating"":""5"",""assigned_by"":""self""}"
history,R001833,"{""record_id"":""R001833"",""employee_id"":""E0003"",""event_id"":""EV_035"",""date"":""2026-02-26"",""due_date"":"""",""status"":""completed"",""completion_pct"":100,""score"":""76"",""feedback_rating"":"""",""assigned_by"":""self""}"
history,R001834,"{""record_id"":""R001834"",""employee_id"":""E0041"",""event_id"":""EV_038"",""date"":""2026-02-26"",""due_date"":"""",""status"":""completed"",""completion_pct"":100,""score"":""79"",""feedback_rating"":""4"",""assigned_by"":""hr""}"
history,R001835,"{""record_id"":""R001835"",""employee_id"":""E0165"",""event_id"":""EV_023"",""date"":""2026-02-26"",""due_date"":"""",""status"":""dropped"",""completion_pct"":45,""score"":"""",""feedback_rating"":""3"",""assigned_by"":""self""}"
history,R001836,"{""record_id"":""R001836"",""employee_id"":""E0029"",""event_id"":""EV_037"",""date"":""2026-02-27"",""due_date"":"""",""status"":""dropped"",""completion_pct"":85,""score"":"""",""feedback_rating"":""2"",""assigned_by"":""manager""}"
history,R001837,"{""record_id"":""R001837"",""employee_id"":""E0062"",""event_id"":""EV_036"",""date"":""2026-02-27"",""due_date"":"""",""status"":""no_show"",""completion_pct"":0,""score"":"""",""feedback_rating"":"""",""assigned_by"":""self""}"
history,R001838,"{""record_id"":""R001838"",""employee_id"":""E0002"",""event_id"":""EV_002"",""date"":""2026-03-02"",""due_date"":""2026-04-01"",""status"":""overdue"",""completion_pct"":60,""score"":"""",""feedback_rating"":"""",""assigned_by"":""hr""}"
history,R001839,"{""record_id"":""R001839"",""employee_id"":""E0003"",""event_id"":""EV_002"",""date"":""2026-03-02"",""due_date"":""2026-04-01"",""status"":""completed"",""completion_pct"":100,""score"":""99"",""feedback_rating"":"""",""assigned_by"":""hr""}"
history,R001840,"{""record_id"":""R001840"",""employee_id"":""E0004"",""event_id"":""EV_002"",""date"":""2026-03-02"",""due_date"":""2026-04-01"",""status"":""completed"",""completion_pct"":100,""score"":""71"",""feedback_rating"":"""",""assigned_by"":""hr""}"
history,R001841,"{""record_id"":""R001841"",""employee_id"":""E0005"",""event_id"":""EV_002"",""date"":""2026-03-02"",""due_date"":""2026-04-01"",""status"":""completed"",""completion_pct"":100,""score"":""97"",""feedback_rating"":"""",""assigned_by"":""hr""}"
history,R001842,"{""record_id"":""R001842"",""employee_id"":""E0006"",""event_id"":""EV_002"",""date"":""2026-03-02"",""due_date"":""2026-04-01"",""status"":""overdue"",""completion_pct"":10,""score"":"""",""feedback_rating"":"""",""assigned_by"":""hr""}"
history,R001843,"{""record_id"":""R001843"",""employee_id"":""E0007"",""event_id"":""EV_002"",""date"":""2026-03-02"",""due_date"":""2026-04-01"",""status"":""completed"",""completion_pct"":100,""score"":""86"",""feedback_rating"":"""",""assigned_by"":""hr""}"
history,R001844,"{""record_id"":""R001844"",""employee_id"":""E0008"",""event_id"":""EV_002"",""date"":""2026-03-02"",""due_date"":""2026-04-01"",""status"":""completed"",""completion_pct"":100,""score"":""89"",""feedback_rating"":"""",""assigned_by"":""hr""}"
history,R001845,"{""record_id"":""R001845"",""employee_id"":""E0010"",""event_id"":""EV_002"",""date"":""2026-03-02"",""due_date"":""2026-04-01"",""status"":""completed"",""completion_pct"":100,""score"":""88"",""feedback_rating"":"""",""assigned_by"":""hr""}"
history,R001846,"{""record_id"":""R001846"",""employee_id"":""E0011"",""event_id"":""EV_002"",""date"":""2026-03-02"",""due_date"":""2026-04-01"",""status"":""overdue"",""completion_pct"":40,""score"":"""",""feedback_rating"":"""",""assigned_by"":""hr""}"
history,R001847,"{""record_id"":""R001847"",""employee_id"":""E0012"",""event_id"":""EV_002"",""date"":""2026-03-02"",""due_date"":""2026-04-01"",""status"":""completed"",""completion_pct"":100,""score"":""91"",""feedback_rating"":"""",""assigned_by"":""hr""}"
history,R001848,"{""record_id"":""R001848"",""employee_id"":""E0013"",""event_id"":""EV_002"",""date"":""2026-03-02"",""due_date"":""2026-04-01"",""status"":""completed"",""completion_pct"":100,""score"":""93"",""feedback_rating"":"""",""assigned_by"":""hr""}"
history,R001849,"{""record_id"":""R001849"",""employee_id"":""E0014"",""event_id"":""EV_002"",""date"":""2026-03-02"",""due_date"":""2026-04-01"",""status"":""completed"",""completion_pct"":100,""score"":""71"",""feedback_rating"":"""",""assigned_by"":""hr""}"
history,R001850,"{""record_id"":""R001850"",""employee_id"":""E0015"",""event_id"":""EV_002"",""date"":""2026-03-02"",""due_date"":""2026-04-01"",""status"":""completed"",""completion_pct"":100,""score"":""96"",""feedback_rating"":"""",""assigned_by"":""hr""}"
history,R001851,"{""record_id"":""R001851"",""employee_id"":""E0017"",""event_id"":""EV_002"",""date"":""2026-03-02"",""due_date"":""2026-04-01"",""status"":""completed"",""completion_pct"":100,""score"":""90"",""feedback_rating"":"""",""assigned_by"":""hr""}"
history,R001852,"{""record_id"":""R001852"",""employee_id"":""E0018"",""event_id"":""EV_002"",""date"":""2026-03-02"",""due_date"":""2026-04-01"",""status"":""overdue"",""completion_pct"":10,""score"":"""",""feedback_rating"":"""",""assigned_by"":""hr""}"
history,R001853,"{""record_id"":""R001853"",""employee_id"":""E0019"",""event_id"":""EV_002"",""date"":""2026-03-02"",""due_date"":""2026-04-01"",""status"":""overdue"",""completion_pct"":40,""score"":"""",""feedback_rating"":"""",""assigned_by"":""hr""}"
history,R001854,"{""record_id"":""R001854"",""employee_id"":""E0020"",""event_id"":""EV_002"",""date"":""2026-03-02"",""due_date"":""2026-04-01"",""status"":""completed"",""completion_pct"":100,""score"":""82"",""feedback_rating"":"""",""assigned_by"":""hr""}"
history,R001855,"{""record_id"":""R001855"",""employee_id"":""E0021"",""event_id"":""EV_002"",""date"":""2026-03-02"",""due_date"":""2026-04-01"",""status"":""completed"",""completion_pct"":100,""score"":""92"",""feedback_rating"":"""",""assigned_by"":""hr""}"
history,R001856,"{""record_id"":""R001856"",""employee_id"":""E0023"",""event_id"":""EV_002"",""date"":""2026-03-02"",""due_date"":""2026-04-01"",""status"":""completed"",""completion_pct"":100,""score"":""89"",""feedback_rating"":"""",""assigned_by"":""hr""}"
history,R001857,"{""record_id"":""R001857"",""employee_id"":""E0025"",""event_id"":""EV_002"",""date"":""2026-03-02"",""due_date"":""2026-04-01"",""status"":""completed"",""completion_pct"":100,""score"":""82"",""feedback_rating"":"""",""assigned_by"":""hr""}"
history,R001858,"{""record_id"":""R001858"",""employee_id"":""E0026"",""event_id"":""EV_002"",""date"":""2026-03-02"",""due_date"":""2026-04-01"",""status"":""completed"",""completion_pct"":100,""score"":""73"",""feedback_rating"":"""",""assigned_by"":""hr""}"
history,R001859,"{""record_id"":""R001859"",""employee_id"":""E0027"",""event_id"":""EV_002"",""date"":""2026-03-02"",""due_date"":""2026-04-01"",""status"":""completed"",""completion_pct"":100,""score"":""71"",""feedback_rating"":"""",""assigned_by"":""hr""}"
history,R001860,"{""record_id"":""R001860"",""employee_id"":""E0028"",""event_id"":""EV_002"",""date"":""2026-03-02"",""due_date"":""2026-04-01"",""status"":""completed"",""completion_pct"":100,""score"":""98"",""feedback_rating"":"""",""assigned_by"":""hr""}"
history,R001861,"{""record_id"":""R001861"",""employee_id"":""E0028"",""event_id"":""EV_011"",""date"":""2026-03-02"",""due_date"":"""",""status"":""completed"",""completion_pct"":100,""score"":"""",""feedback_rating"":""4"",""assigned_by"":""self""}"
history,R001862,"{""record_id"":""R001862"",""employee_id"":""E0029"",""event_id"":""EV_002"",""date"":""2026-03-02"",""due_date"":""2026-04-01"",""status"":""completed"",""completion_pct"":100,""score"":""70"",""feedback_rating"":"""",""assigned_by"":""hr""}"
history,R001863,"{""record_id"":""R001863"",""employee_id"":""E0030"",""event_id"":""EV_002"",""date"":""2026-03-02"",""due_date"":""2026-04-01"",""status"":""completed"",""completion_pct"":100,""score"":""73"",""feedback_rating"":"""",""assigned_by"":""hr""}"
history,R001864,"{""record_id"":""R001864"",""employee_id"":""E0031"",""event_id"":""EV_002"",""date"":""2026-03-02"",""due_date"":""2026-04-01"",""status"":""completed"",""completion_pct"":100,""score"":""79"",""feedback_rating"":"""",""assigned_by"":""hr""}"
history,R001865,"{""record_id"":""R001865"",""employee_id"":""E0032"",""event_id"":""EV_002"",""date"":""2026-03-02"",""due_date"":""2026-04-01"",""status"":""completed"",""completion_pct"":100,""score"":""91"",""feedback_rating"":"""",""assigned_by"":""hr""}"
history,R001866,"{""record_id"":""R001866"",""employee_id"":""E0033"",""event_id"":""EV_002"",""date"":""2026-03-02"",""due_date"":""2026-04-01"",""status"":""completed"",""completion_pct"":100,""score"":""88"",""feedback_rating"":"""",""assigned_by"":""hr""}"
history,R001867,"{""record_id"":""R001867"",""employee_id"":""E0034"",""event_id"":""EV_002"",""date"":""2026-03-02"",""due_date"":""2026-04-01"",""status"":""completed"",""completion_pct"":100,""score"":""71"",""feedback_rating"":"""",""assigned_by"":""hr""}"
history,R001868,"{""record_id"":""R001868"",""employee_id"":""E0035"",""event_id"":""EV_002"",""date"":""2026-03-02"",""due_date"":""2026-04-01"",""status"":""completed"",""completion_pct"":100,""score"":""71"",""feedback_rating"":"""",""assigned_by"":""hr""}"
history,R001869,"{""record_id"":""R001869"",""employee_id"":""E0036"",""event_id"":""EV_002"",""date"":""2026-03-02"",""due_date"":""2026-04-01"",""status"":""completed"",""completion_pct"":100,""score"":""99"",""feedback_rating"":"""",""assigned_by"":""hr""}"
history,R001870,"{""record_id"":""R001870"",""employee_id"":""E0037"",""event_id"":""EV_002"",""date"":""2026-03-02"",""due_date"":""2026-04-01"",""status"":""completed"",""completion_pct"":100,""score"":""99"",""feedback_rating"":"""",""assigned_by"":""hr""}"
history,R001871,"{""record_id"":""R001871"",""employee_id"":""E0038"",""event_id"":""EV_002"",""date"":""2026-03-02"",""due_date"":""2026-04-01"",""status"":""completed"",""completion_pct"":100,""score"":""97"",""feedback_rating"":"""",""assigned_by"":""hr""}"
history,R001872,"{""record_id"":""R001872"",""employee_id"":""E0039"",""event_id"":""EV_002"",""date"":""2026-03-02"",""due_date"":""2026-04-01"",""status"":""overdue"",""completion_pct"":60,""score"":"""",""feedback_rating"":"""",""assigned_by"":""hr""}"
history,R001873,"{""record_id"":""R001873"",""employee_id"":""E0040"",""event_id"":""EV_002"",""date"":""2026-03-02"",""due_date"":""2026-04-01"",""status"":""completed"",""completion_pct"":100,""score"":""79"",""feedback_rating"":"""",""assigned_by"":""hr""}"
history,R001874,"{""record_id"":""R001874"",""employee_id"":""E0041"",""event_id"":""EV_002"",""date"":""2026-03-02"",""due_date"":""2026-04-01"",""status"":""completed"",""completion_pct"":100,""score"":""87"",""feedback_rating"":"""",""assigned_by"":""hr""}"
history,R001875,"{""record_id"":""R001875"",""employee_id"":""E0042"",""event_id"":""EV_002"",""date"":""2026-03-02"",""due_date"":""2026-04-01"",""status"":""completed"",""completion_pct"":100,""score"":""88"",""feedback_rating"":"""",""assigned_by"":""hr""}"
history,R001876,"{""record_id"":""R001876"",""employee_id"":""E0043"",""event_id"":""EV_002"",""date"":""2026-03-02"",""due_date"":""2026-04-01"",""status"":""completed"",""completion_pct"":100,""score"":""85"",""feedback_rating"":"""",""assigned_by"":""hr""}"
history,R001877,"{""record_id"":""R001877"",""employee_id"":""E0043"",""event_id"":""EV_005"",""date"":""2026-03-02"",""due_date"":"""",""status"":""completed"",""completion_pct"":100,""score"":""80"",""feedback_rating"":""3"",""assigned_by"":""manager""}"
history,R001878,"{""record_id"":""R001878"",""employee_id"":""E0044"",""event_id"":""EV_002"",""date"":""2026-03-02"",""due_date"":""2026-04-01"",""status"":""overdue"",""completion_pct"":25,""score"":"""",""feedback_rating"":"""",""assigned_by"":""hr""}"
history,R001879,"{""record_id"":""R001879"",""employee_id"":""E0045"",""event_id"":""EV_002"",""date"":""2026-03-02"",""due_date"":""2026-04-01"",""status"":""completed"",""completion_pct"":100,""score"":""75"",""feedback_rating"":"""",""assigned_by"":""hr""}"
history,R001880,"{""record_id"":""R001880"",""employee_id"":""E0046"",""event_id"":""EV_002"",""date"":""2026-03-02"",""due_date"":""2026-04-01"",""status"":""completed"",""completion_pct"":100,""score"":""72"",""feedback_rating"":"""",""assigned_by"":""hr""}"
history,R001881,"{""record_id"":""R001881"",""employee_id"":""E0047"",""event_id"":""EV_002"",""date"":""2026-03-02"",""due_date"":""2026-04-01"",""status"":""completed"",""completion_pct"":100,""score"":""78"",""feedback_rating"":"""",""assigned_by"":""hr""}"
history,R001882,"{""record_id"":""R001882"",""employee_id"":""E0048"",""event_id"":""EV_002"",""date"":""2026-03-02"",""due_date"":""2026-04-01"",""status"":""completed"",""completion_pct"":100,""score"":""75"",""feedback_rating"":"""",""assigned_by"":""hr""}"
history,R001883,"{""record_id"":""R001883"",""employee_id"":""E0050"",""event_id"":""EV_002"",""date"":""2026-03-02"",""due_date"":""2026-04-01"",""status"":""overdue"",""completion_pct"":10,""score"":"""",""feedback_rating"":"""",""assigned_by"":""hr""}"
history,R001884,"{""record_id"":""R001884"",""employee_id"":""E0051"",""event_id"":""EV_002"",""date"":""2026-03-02"",""due_date"":""2026-04-01"",""status"":""completed"",""completion_pct"":100,""score"":""97"",""feedback_rating"":"""",""assigned_by"":""hr""}"
history,R001885,"{""record_id"":""R001885"",""employee_id"":""E0052"",""event_id"":""EV_002"",""date"":""2026-03-02"",""due_date"":""2026-04-01"",""status"":""overdue"",""completion_pct"":60,""score"":"""",""feedback_rating"":"""",""assigned_by"":""hr""}"
history,R001886,"{""record_id"":""R001886"",""employee_id"":""E0053"",""event_id"":""EV_002"",""date"":""2026-03-02"",""due_date"":""2026-04-01"",""status"":""completed"",""completion_pct"":100,""score"":""100"",""feedback_rating"":"""",""assigned_by"":""hr""}"
history,R001887,"{""record_id"":""R001887"",""employee_id"":""E0054"",""event_id"":""EV_002"",""date"":""2026-03-02"",""due_date"":""2026-04-01"",""status"":""completed"",""completion_pct"":100,""score"":""83"",""feedback_rating"":"""",""assigned_by"":""hr""}"
history,R001888,"{""record_id"":""R001888"",""employee_id"":""E0055"",""event_id"":""EV_002"",""date"":""2026-03-02"",""due_date"":""2026-04-01"",""status"":""completed"",""completion_pct"":100,""score"":""100"",""feedback_rating"":"""",""assigned_by"":""hr""}"
history,R001889,"{""record_id"":""R001889"",""employee_id"":""E0056"",""event_id"":""EV_002"",""date"":""2026-03-02"",""due_date"":""2026-04-01"",""status"":""completed"",""completion_pct"":100,""score"":""78"",""feedback_rating"":"""",""assigned_by"":""hr""}"
history,R001890,"{""record_id"":""R001890"",""employee_id"":""E0057"",""event_id"":""EV_002"",""date"":""2026-03-02"",""due_date"":""2026-04-01"",""status"":""completed"",""completion_pct"":100,""score"":""73"",""feedback_rating"":"""",""assigned_by"":""hr""}"
history,R001891,"{""record_id"":""R001891"",""employee_id"":""E0059"",""event_id"":""EV_002"",""date"":""2026-03-02"",""due_date"":""2026-04-01"",""status"":""overdue"",""completion_pct"":40,""score"":"""",""feedback_rating"":"""",""assigned_by"":""hr""}"
history,R001892,"{""record_id"":""R001892"",""employee_id"":""E0060"",""event_id"":""EV_002"",""date"":""2026-03-02"",""due_date"":""2026-04-01"",""status"":""completed"",""completion_pct"":100,""score"":""95"",""feedback_rating"":"""",""assigned_by"":""hr""}"
history,R001893,"{""record_id"":""R001893"",""employee_id"":""E0061"",""event_id"":""EV_002"",""date"":""2026-03-02"",""due_date"":""2026-04-01"",""status"":""completed"",""completion_pct"":100,""score"":""93"",""feedback_rating"":"""",""assigned_by"":""hr""}"
history,R001894,"{""record_id"":""R001894"",""employee_id"":""E0062"",""event_id"":""EV_002"",""date"":""2026-03-02"",""due_date"":""2026-04-01"",""status"":""overdue"",""completion_pct"":0,""score"":"""",""feedback_rating"":"""",""assigned_by"":""hr""}"
history,R001895,"{""record_id"":""R001895"",""employee_id"":""E0063"",""event_id"":""EV_002"",""date"":""2026-03-02"",""due_date"":""2026-04-01"",""status"":""completed"",""completion_pct"":100,""score"":""74"",""feedback_rating"":"""",""assigned_by"":""hr""}"
history,R001896,"{""record_id"":""R001896"",""employee_id"":""E0064"",""event_id"":""EV_002"",""date"":""2026-03-02"",""due_date"":""2026-04-01"",""status"":""completed"",""completion_pct"":100,""score"":""91"",""feedback_rating"":"""",""assigned_by"":""hr""}"
history,R001897,"{""record_id"":""R001897"",""employee_id"":""E0065"",""event_id"":""EV_002"",""date"":""2026-03-02"",""due_date"":""2026-04-01"",""status"":""completed"",""completion_pct"":100,""score"":""81"",""feedback_rating"":"""",""assigned_by"":""hr""}"
history,R001898,"{""record_id"":""R001898"",""employee_id"":""E0066"",""event_id"":""EV_002"",""date"":""2026-03-02"",""due_date"":""2026-04-01"",""status"":""completed"",""completion_pct"":100,""score"":""80"",""feedback_rating"":"""",""assigned_by"":""hr""}"
history,R001899,"{""record_id"":""R001899"",""employee_id"":""E0067"",""event_id"":""EV_002"",""date"":""2026-03-02"",""due_date"":""2026-04-01"",""status"":""overdue"",""completion_pct"":0,""score"":"""",""feedback_rating"":"""",""assigned_by"":""hr""}"
history,R001900,"{""record_id"":""R001900"",""employee_id"":""E0068"",""event_id"":""EV_002"",""date"":""2026-03-02"",""due_date"":""2026-04-01"",""status"":""overdue"",""completion_pct"":0,""score"":"""",""feedback_rating"":"""",""assigned_by"":""hr""}"
history,R001901,"{""record_id"":""R001901"",""employee_id"":""E0069"",""event_id"":""EV_002"",""date"":""2026-03-02"",""due_date"":""2026-04-01"",""status"":""completed"",""completion_pct"":100,""score"":""89"",""feedback_rating"":"""",""assigned_by"":""hr""}"
history,R001902,"{""record_id"":""R001902"",""employee_id"":""E0070"",""event_id"":""EV_002"",""date"":""2026-03-02"",""due_date"":""2026-04-01"",""status"":""completed"",""completion_pct"":100,""score"":""82"",""feedback_rating"":"""",""assigned_by"":""hr""}"
history,R001903,"{""record_id"":""R001903"",""employee_id"":""E0071"",""event_id"":""EV_002"",""date"":""2026-03-02"",""due_date"":""2026-04-01"",""status"":""completed"",""completion_pct"":100,""score"":""92"",""feedback_rating"":"""",""assigned_by"":""hr""}"
history,R001904,"{""record_id"":""R001904"",""employee_id"":""E0072"",""event_id"":""EV_002"",""date"":""2026-03-02"",""due_date"":""2026-04-01"",""status"":""completed"",""completion_pct"":100,""score"":""97"",""feedback_rating"":"""",""assigned_by"":""hr""}"
history,R001905,"{""record_id"":""R001905"",""employee_id"":""E0073"",""event_id"":""EV_002"",""date"":""2026-03-02"",""due_date"":""2026-04-01"",""status"":""overdue"",""completion_pct"":40,""score"":"""",""feedback_rating"":"""",""assigned_by"":""hr""}"
history,R001906,"{""record_id"":""R001906"",""employee_id"":""E0074"",""event_id"":""EV_002"",""date"":""2026-03-02"",""due_date"":""2026-04-01"",""status"":""completed"",""completion_pct"":100,""score"":""76"",""feedback_rating"":"""",""assigned_by"":""hr""}"
history,R001907,"{""record_id"":""R001907"",""employee_id"":""E0075"",""event_id"":""EV_002"",""date"":""2026-03-02"",""due_date"":""2026-04-01"",""status"":""overdue"",""completion_pct"":10,""score"":"""",""feedback_rating"":"""",""assigned_by"":""hr""}"
history,R001908,"{""record_id"":""R001908"",""employee_id"":""E0077"",""event_id"":""EV_002"",""date"":""2026-03-02"",""due_date"":""2026-04-01"",""status"":""completed"",""completion_pct"":100,""score"":""89"",""feedback_rating"":"""",""assigned_by"":""hr""}"
history,R001909,"{""record_id"":""R001909"",""employee_id"":""E0078"",""event_id"":""EV_002"",""date"":""2026-03-02"",""due_date"":""2026-04-01"",""status"":""completed"",""completion_pct"":100,""score"":""78"",""feedback_rating"":"""",""assigned_by"":""hr""}"
history,R001910,"{""record_id"":""R001910"",""employee_id"":""E0079"",""event_id"":""EV_002"",""date"":""2026-03-02"",""due_date"":""2026-04-01"",""status"":""overdue"",""completion_pct"":0,""score"":"""",""feedback_rating"":"""",""assigned_by"":""hr""}"
history,R001911,"{""record_id"":""R001911"",""employee_id"":""E0080"",""event_id"":""EV_002"",""date"":""2026-03-02"",""due_date"":""2026-04-01"",""status"":""completed"",""completion_pct"":100,""score"":""91"",""feedback_rating"":"""",""assigned_by"":""hr""}"
history,R001912,"{""record_id"":""R001912"",""employee_id"":""E0081"",""event_id"":""EV_002"",""date"":""2026-03-02"",""due_date"":""2026-04-01"",""status"":""completed"",""completion_pct"":100,""score"":""90"",""feedback_rating"":"""",""assigned_by"":""hr""}"
history,R001913,"{""record_id"":""R001913"",""employee_id"":""E0082"",""event_id"":""EV_002"",""date"":""2026-03-02"",""due_date"":""2026-04-01"",""status"":""completed"",""completion_pct"":100,""score"":""82"",""feedback_rating"":"""",""assigned_by"":""hr""}"
history,R001914,"{""record_id"":""R001914"",""employee_id"":""E0083"",""event_id"":""EV_002"",""date"":""2026-03-02"",""due_date"":""2026-04-01"",""status"":""completed"",""completion_pct"":100,""score"":""89"",""feedback_rating"":"""",""assigned_by"":""hr""}"
history,R001915,"{""record_id"":""R001915"",""employee_id"":""E0085"",""event_id"":""EV_002"",""date"":""2026-03-02"",""due_date"":""2026-04-01"",""status"":""completed"",""completion_pct"":100,""score"":""87"",""feedback_rating"":"""",""assigned_by"":""hr""}"
history,R001916,"{""record_id"":""R001916"",""employee_id"":""E0086"",""event_id"":""EV_002"",""date"":""2026-03-02"",""due_date"":""2026-04-01"",""status"":""completed"",""completion_pct"":100,""score"":""92"",""feedback_rating"":"""",""assigned_by"":""hr""}"
history,R001917,"{""record_id"":""R001917"",""employee_id"":""E0087"",""event_id"":""EV_002"",""date"":""2026-03-02"",""due_date"":""2026-04-01"",""status"":""completed"",""completion_pct"":100,""score"":""98"",""feedback_rating"":"""",""assigned_by"":""hr""}"
history,R001918,"{""record_id"":""R001918"",""employee_id"":""E0088"",""event_id"":""EV_002"",""date"":""2026-03-02"",""due_date"":""2026-04-01"",""status"":""completed"",""completion_pct"":100,""score"":""86"",""feedback_rating"":"""",""assigned_by"":""hr""}"
history,R001919,"{""record_id"":""R001919"",""employee_id"":""E0090"",""event_id"":""EV_002"",""date"":""2026-03-02"",""due_date"":""2026-04-01"",""status"":""completed"",""completion_pct"":100,""score"":""70"",""feedback_rating"":"""",""assigned_by"":""hr""}"
history,R001920,"{""record_id"":""R001920"",""employee_id"":""E0091"",""event_id"":""EV_002"",""date"":""2026-03-02"",""due_date"":""2026-04-01"",""status"":""completed"",""completion_pct"":100,""score"":""70"",""feedback_rating"":"""",""assigned_by"":""hr""}"
history,R001921,"{""record_id"":""R001921"",""employee_id"":""E0092"",""event_id"":""EV_002"",""date"":""2026-03-02"",""due_date"":""2026-04-01"",""status"":""completed"",""completion_pct"":100,""score"":""82"",""feedback_rating"":"""",""assigned_by"":""hr""}"
history,R001922,"{""record_id"":""R001922"",""employee_id"":""E0093"",""event_id"":""EV_002"",""date"":""2026-03-02"",""due_date"":""2026-04-01"",""status"":""overdue"",""completion_pct"":60,""score"":"""",""feedback_rating"":"""",""assigned_by"":""hr""}"
history,R001923,"{""record_id"":""R001923"",""employee_id"":""E0094"",""event_id"":""EV_002"",""date"":""2026-03-02"",""due_date"":""2026-04-01"",""status"":""completed"",""completion_pct"":100,""score"":""74"",""feedback_rating"":"""",""assigned_by"":""hr""}"
history,R001924,"{""record_id"":""R001924"",""employee_id"":""E0095"",""event_id"":""EV_002"",""date"":""2026-03-02"",""due_date"":""2026-04-01"",""status"":""completed"",""completion_pct"":100,""score"":""71"",""feedback_rating"":"""",""assigned_by"":""hr""}"
history,R001925,"{""record_id"":""R001925"",""employee_id"":""E0097"",""event_id"":""EV_002"",""date"":""2026-03-02"",""due_date"":""2026-04-01"",""status"":""completed"",""completion_pct"":100,""score"":""92"",""feedback_rating"":"""",""assigned_by"":""hr""}"
history,R001926,"{""record_id"":""R001926"",""employee_id"":""E0098"",""event_id"":""EV_002"",""date"":""2026-03-02"",""due_date"":""2026-04-01"",""status"":""completed"",""completion_pct"":100,""score"":""94"",""feedback_rating"":"""",""assigned_by"":""hr""}"
history,R001927,"{""record_id"":""R001927"",""employee_id"":""E0099"",""event_id"":""EV_002"",""date"":""2026-03-02"",""due_date"":""2026-04-01"",""status"":""completed"",""completion_pct"":100,""score"":""87"",""feedback_rating"":"""",""assigned_by"":""hr""}"
history,R001928,"{""record_id"":""R001928"",""employee_id"":""E0100"",""event_id"":""EV_002"",""date"":""2026-03-02"",""due_date"":""2026-04-01"",""status"":""completed"",""completion_pct"":100,""score"":""98"",""feedback_rating"":"""",""assigned_by"":""hr""}"
history,R001929,"{""record_id"":""R001929"",""employee_id"":""E0102"",""event_id"":""EV_002"",""date"":""2026-03-02"",""due_date"":""2026-04-01"",""status"":""completed"",""completion_pct"":100,""score"":""92"",""feedback_rating"":"""",""assigned_by"":""hr""}"
history,R001930,"{""record_id"":""R001930"",""employee_id"":""E0103"",""event_id"":""EV_002"",""date"":""2026-03-02"",""due_date"":""2026-04-01"",""status"":""overdue"",""completion_pct"":0,""score"":"""",""feedback_rating"":"""",""assigned_by"":""hr""}"
history,R001931,"{""record_id"":""R001931"",""employee_id"":""E0105"",""event_id"":""EV_002"",""date"":""2026-03-02"",""due_date"":""2026-04-01"",""status"":""completed"",""completion_pct"":100,""score"":""76"",""feedback_rating"":"""",""assigned_by"":""hr""}"
history,R001932,"{""record_id"":""R001932"",""employee_id"":""E0106"",""event_id"":""EV_002"",""date"":""2026-03-02"",""due_date"":""2026-04-01"",""status"":""completed"",""completion_pct"":100,""score"":""71"",""feedback_rating"":"""",""assigned_by"":""hr""}"
history,R001933,"{""record_id"":""R001933"",""employee_id"":""E0107"",""event_id"":""EV_002"",""date"":""2026-03-02"",""due_date"":""2026-04-01"",""status"":""completed"",""completion_pct"":100,""score"":""95"",""feedback_rating"":"""",""assigned_by"":""hr""}"
history,R001934,"{""record_id"":""R001934"",""employee_id"":""E0108"",""event_id"":""EV_002"",""date"":""2026-03-02"",""due_date"":""2026-04-01"",""status"":""completed"",""completion_pct"":100,""score"":""82"",""feedback_rating"":"""",""assigned_by"":""hr""}"
history,R001935,"{""record_id"":""R001935"",""employee_id"":""E0109"",""event_id"":""EV_002"",""date"":""2026-03-02"",""due_date"":""2026-04-01"",""status"":""completed"",""completion_pct"":100,""score"":""100"",""feedback_rating"":"""",""assigned_by"":""hr""}"
history,R001936,"{""record_id"":""R001936"",""employee_id"":""E0111"",""event_id"":""EV_002"",""date"":""2026-03-02"",""due_date"":""2026-04-01"",""status"":""completed"",""completion_pct"":100,""score"":""86"",""feedback_rating"":"""",""assigned_by"":""hr""}"
history,R001937,"{""record_id"":""R001937"",""employee_id"":""E0112"",""event_id"":""EV_002"",""date"":""2026-03-02"",""due_date"":""2026-04-01"",""status"":""completed"",""completion_pct"":100,""score"":""75"",""feedback_rating"":"""",""assigned_by"":""hr""}"
history,R001938,"{""record_id"":""R001938"",""employee_id"":""E0113"",""event_id"":""EV_002"",""date"":""2026-03-02"",""due_date"":""2026-04-01"",""status"":""overdue"",""completion_pct"":60,""score"":"""",""feedback_rating"":"""",""assigned_by"":""hr""}"
history,R001939,"{""record_id"":""R001939"",""employee_id"":""E0114"",""event_id"":""EV_002"",""date"":""2026-03-02"",""due_date"":""2026-04-01"",""status"":""completed"",""completion_pct"":100,""score"":""94"",""feedback_rating"":"""",""assigned_by"":""hr""}"
history,R001940,"{""record_id"":""R001940"",""employee_id"":""E0114"",""event_id"":""EV_008"",""date"":""2026-03-02"",""due_date"":"""",""status"":""completed"",""completion_pct"":100,""score"":"""",""feedback_rating"":""1"",""assigned_by"":""self""}"
history,R001941,"{""record_id"":""R001941"",""employee_id"":""E0115"",""event_id"":""EV_002"",""date"":""2026-03-02"",""due_date"":""2026-04-01"",""status"":""completed"",""completion_pct"":100,""score"":""99"",""feedback_rating"":"""",""assigned_by"":""hr""}"
history,R001942,"{""record_id"":""R001942"",""employee_id"":""E0116"",""event_id"":""EV_002"",""date"":""2026-03-02"",""due_date"":""2026-04-01"",""status"":""completed"",""completion_pct"":100,""score"":""93"",""feedback_rating"":"""",""assigned_by"":""hr""}"
history,R001943,"{""record_id"":""R001943"",""employee_id"":""E0118"",""event_id"":""EV_002"",""date"":""2026-03-02"",""due_date"":""2026-04-01"",""status"":""completed"",""completion_pct"":100,""score"":""82"",""feedback_rating"":"""",""assigned_by"":""hr""}"
history,R001944,"{""record_id"":""R001944"",""employee_id"":""E0120"",""event_id"":""EV_002"",""date"":""2026-03-02"",""due_date"":""2026-04-01"",""status"":""completed"",""completion_pct"":100,""score"":""77"",""feedback_rating"":"""",""assigned_by"":""hr""}"
history,R001945,"{""record_id"":""R001945"",""employee_id"":""E0121"",""event_id"":""EV_002"",""date"":""2026-03-02"",""due_date"":""2026-04-01"",""status"":""completed"",""completion_pct"":100,""score"":""77"",""feedback_rating"":"""",""assigned_by"":""hr""}"
history,R001946,"{""record_id"":""R001946"",""employee_id"":""E0122"",""event_id"":""EV_002"",""date"":""2026-03-02"",""due_date"":""2026-04-01"",""status"":""overdue"",""completion_pct"":40,""score"":"""",""feedback_rating"":"""",""assigned_by"":""hr""}"
history,R001947,"{""record_id"":""R001947"",""employee_id"":""E0123"",""event_id"":""EV_002"",""date"":""2026-03-02"",""due_date"":""2026-04-01"",""status"":""completed"",""completion_pct"":100,""score"":""94"",""feedback_rating"":"""",""assigned_by"":""hr""}"
history,R001948,"{""record_id"":""R001948"",""employee_id"":""E0124"",""event_id"":""EV_002"",""date"":""2026-03-02"",""due_date"":""2026-04-01"",""status"":""completed"",""completion_pct"":100,""score"":""90"",""feedback_rating"":"""",""assigned_by"":""hr""}"
history,R001949,"{""record_id"":""R001949"",""employee_id"":""E0125"",""event_id"":""EV_002"",""date"":""2026-03-02"",""due_date"":""2026-04-01"",""status"":""overdue"",""completion_pct"":10,""score"":"""",""feedback_rating"":"""",""assigned_by"":""hr""}"
history,R001950,"{""record_id"":""R001950"",""employee_id"":""E0127"",""event_id"":""EV_002"",""date"":""2026-03-02"",""due_date"":""2026-04-01"",""status"":""completed"",""completion_pct"":100,""score"":""78"",""feedback_rating"":"""",""assigned_by"":""hr""}"
history,R001951,"{""record_id"":""R001951"",""employee_id"":""E0128"",""event_id"":""EV_002"",""date"":""2026-03-02"",""due_date"":""2026-04-01"",""status"":""completed"",""completion_pct"":100,""score"":""89"",""feedback_rating"":"""",""assigned_by"":""hr""}"
history,R001952,"{""record_id"":""R001952"",""employee_id"":""E0130"",""event_id"":""EV_002"",""date"":""2026-03-02"",""due_date"":""2026-04-01"",""status"":""completed"",""completion_pct"":100,""score"":""96"",""feedback_rating"":"""",""assigned_by"":""hr""}"
history,R001953,"{""record_id"":""R001953"",""employee_id"":""E0131"",""event_id"":""EV_002"",""date"":""2026-03-02"",""due_date"":""2026-04-01"",""status"":""completed"",""completion_pct"":100,""score"":""81"",""feedback_rating"":"""",""assigned_by"":""hr""}"
history,R001954,"{""record_id"":""R001954"",""employee_id"":""E0132"",""event_id"":""EV_002"",""date"":""2026-03-02"",""due_date"":""2026-04-01"",""status"":""completed"",""completion_pct"":100,""score"":""86"",""feedback_rating"":"""",""assigned_by"":""hr""}"
history,R001955,"{""record_id"":""R001955"",""employee_id"":""E0133"",""event_id"":""EV_002"",""date"":""2026-03-02"",""due_date"":""2026-04-01"",""status"":""completed"",""completion_pct"":100,""score"":""90"",""feedback_rating"":"""",""assigned_by"":""hr""}"
history,R001956,"{""record_id"":""R001956"",""employee_id"":""E0134"",""event_id"":""EV_002"",""date"":""2026-03-02"",""due_date"":""2026-04-01"",""status"":""completed"",""completion_pct"":100,""score"":""86"",""feedback_rating"":"""",""assigned_by"":""hr""}"
history,R001957,"{""record_id"":""R001957"",""employee_id"":""E0136"",""event_id"":""EV_002"",""date"":""2026-03-02"",""due_date"":""2026-04-01"",""status"":""completed"",""completion_pct"":100,""score"":""89"",""feedback_rating"":"""",""assigned_by"":""hr""}"
history,R001958,"{""record_id"":""R001958"",""employee_id"":""E0137"",""event_id"":""EV_002"",""date"":""2026-03-02"",""due_date"":""2026-04-01"",""status"":""completed"",""completion_pct"":100,""score"":""70"",""feedback_rating"":"""",""assigned_by"":""hr""}"
history,R001959,"{""record_id"":""R001959"",""employee_id"":""E0138"",""event_id"":""EV_002"",""date"":""2026-03-02"",""due_date"":""2026-04-01"",""status"":""overdue"",""completion_pct"":25,""score"":"""",""feedback_rating"":"""",""assigned_by"":""hr""}"
history,R001960,"{""record_id"":""R001960"",""employee_id"":""E0139"",""event_id"":""EV_002"",""date"":""2026-03-02"",""due_date"":""2026-04-01"",""status"":""completed"",""completion_pct"":100,""score"":""71"",""feedback_rating"":"""",""assigned_by"":""hr""}"
history,R001961,"{""record_id"":""R001961"",""employee_id"":""E0140"",""event_id"":""EV_002"",""date"":""2026-03-02"",""due_date"":""2026-04-01"",""status"":""completed"",""completion_pct"":100,""score"":""98"",""feedback_rating"":"""",""assigned_by"":""hr""}"
history,R001962,"{""record_id"":""R001962"",""employee_id"":""E0142"",""event_id"":""EV_002"",""date"":""2026-03-02"",""due_date"":""2026-04-01"",""status"":""completed"",""completion_pct"":100,""score"":""98"",""feedback_rating"":"""",""assigned_by"":""hr""}"
history,R001963,"{""record_id"":""R001963"",""employee_id"":""E0143"",""event_id"":""EV_002"",""date"":""2026-03-02"",""due_date"":""2026-04-01"",""status"":""completed"",""completion_pct"":100,""score"":""70"",""feedback_rating"":"""",""assigned_by"":""hr""}"
history,R001964,"{""record_id"":""R001964"",""employee_id"":""E0144"",""event_id"":""EV_002"",""date"":""2026-03-02"",""due_date"":""2026-04-01"",""status"":""completed"",""completion_pct"":100,""score"":""74"",""feedback_rating"":"""",""assigned_by"":""hr""}"
history,R001965,"{""record_id"":""R001965"",""employee_id"":""E0145"",""event_id"":""EV_002"",""date"":""2026-03-02"",""due_date"":""2026-04-01"",""status"":""completed"",""completion_pct"":100,""score"":""73"",""feedback_rating"":"""",""assigned_by"":""hr""}"
history,R001966,"{""record_id"":""R001966"",""employee_id"":""E0147"",""event_id"":""EV_002"",""date"":""2026-03-02"",""due_date"":""2026-04-01"",""status"":""completed"",""completion_pct"":100,""score"":""93"",""feedback_rating"":"""",""assigned_by"":""hr""}"
history,R001967,"{""record_id"":""R001967"",""employee_id"":""E0148"",""event_id"":""EV_002"",""date"":""2026-03-02"",""due_date"":""2026-04-01"",""status"":""completed"",""completion_pct"":100,""score"":""93"",""feedback_rating"":"""",""assigned_by"":""hr""}"
history,R001968,"{""record_id"":""R001968"",""employee_id"":""E0149"",""event_id"":""EV_002"",""date"":""2026-03-02"",""due_date"":""2026-04-01"",""status"":""completed"",""completion_pct"":100,""score"":""88"",""feedback_rating"":"""",""assigned_by"":""hr""}"
history,R001969,"{""record_id"":""R001969"",""employee_id"":""E0150"",""event_id"":""EV_002"",""date"":""2026-03-02"",""due_date"":""2026-04-01"",""status"":""completed"",""completion_pct"":100,""score"":""99"",""feedback_rating"":"""",""assigned_by"":""hr""}"
history,R001970,"{""record_id"":""R001970"",""employee_id"":""E0151"",""event_id"":""EV_002"",""date"":""2026-03-02"",""due_date"":""2026-04-01"",""status"":""completed"",""completion_pct"":100,""score"":""81"",""feedback_rating"":"""",""assigned_by"":""hr""}"
history,R001971,"{""record_id"":""R001971"",""employee_id"":""E0153"",""event_id"":""EV_002"",""date"":""2026-03-02"",""due_date"":""2026-04-01"",""status"":""completed"",""completion_pct"":100,""score"":""89"",""feedback_rating"":"""",""assigned_by"":""hr""}"
history,R001972,"{""record_id"":""R001972"",""employee_id"":""E0154"",""event_id"":""EV_002"",""date"":""2026-03-02"",""due_date"":""2026-04-01"",""status"":""completed"",""completion_pct"":100,""score"":""71"",""feedback_rating"":"""",""assigned_by"":""hr""}"
history,R001973,"{""record_id"":""R001973"",""employee_id"":""E0155"",""event_id"":""EV_002"",""date"":""2026-03-02"",""due_date"":""2026-04-01"",""status"":""completed"",""completion_pct"":100,""score"":""93"",""feedback_rating"":"""",""assigned_by"":""hr""}"
history,R001974,"{""record_id"":""R001974"",""employee_id"":""E0157"",""event_id"":""EV_002"",""date"":""2026-03-02"",""due_date"":""2026-04-01"",""status"":""completed"",""completion_pct"":100,""score"":""94"",""feedback_rating"":"""",""assigned_by"":""hr""}"
history,R001975,"{""record_id"":""R001975"",""employee_id"":""E0158"",""event_id"":""EV_002"",""date"":""2026-03-02"",""due_date"":""2026-04-01"",""status"":""completed"",""completion_pct"":100,""score"":""78"",""feedback_rating"":"""",""assigned_by"":""hr""}"
history,R001976,"{""record_id"":""R001976"",""employee_id"":""E0160"",""event_id"":""EV_002"",""date"":""2026-03-02"",""due_date"":""2026-04-01"",""status"":""overdue"",""completion_pct"":0,""score"":"""",""feedback_rating"":"""",""assigned_by"":""hr""}"
history,R001977,"{""record_id"":""R001977"",""employee_id"":""E0161"",""event_id"":""EV_002"",""date"":""2026-03-02"",""due_date"":""2026-04-01"",""status"":""completed"",""completion_pct"":100,""score"":""99"",""feedback_rating"":"""",""assigned_by"":""hr""}"
history,R001978,"{""record_id"":""R001978"",""employee_id"":""E0162"",""event_id"":""EV_002"",""date"":""2026-03-02"",""due_date"":""2026-04-01"",""status"":""completed"",""completion_pct"":100,""score"":""76"",""feedback_rating"":"""",""assigned_by"":""hr""}"
history,R001979,"{""record_id"":""R001979"",""employee_id"":""E0163"",""event_id"":""EV_002"",""date"":""2026-03-02"",""due_date"":""2026-04-01"",""status"":""completed"",""completion_pct"":100,""score"":""81"",""feedback_rating"":"""",""assigned_by"":""hr""}"
history,R001980,"{""record_id"":""R001980"",""employee_id"":""E0164"",""event_id"":""EV_002"",""date"":""2026-03-02"",""due_date"":""2026-04-01"",""status"":""completed"",""completion_pct"":100,""score"":""78"",""feedback_rating"":"""",""assigned_by"":""hr""}"
history,R001981,"{""record_id"":""R001981"",""employee_id"":""E0165"",""event_id"":""EV_002"",""date"":""2026-03-02"",""due_date"":""2026-04-01"",""status"":""completed"",""completion_pct"":100,""score"":""94"",""feedback_rating"":"""",""assigned_by"":""hr""}"
history,R001982,"{""record_id"":""R001982"",""employee_id"":""E0165"",""event_id"":""EV_040"",""date"":""2026-03-02"",""due_date"":"""",""status"":""no_show"",""completion_pct"":0,""score"":"""",""feedback_rating"":"""",""assigned_by"":""manager""}"
history,R001983,"{""record_id"":""R001983"",""employee_id"":""E0166"",""event_id"":""EV_002"",""date"":""2026-03-02"",""due_date"":""2026-04-01"",""status"":""completed"",""completion_pct"":100,""score"":""79"",""feedback_rating"":"""",""assigned_by"":""hr""}"
history,R001984,"{""record_id"":""R001984"",""employee_id"":""E0168"",""event_id"":""EV_002"",""date"":""2026-03-02"",""due_date"":""2026-04-01"",""status"":""completed"",""completion_pct"":100,""score"":""75"",""feedback_rating"":"""",""assigned_by"":""hr""}"
history,R001985,"{""record_id"":""R001985"",""employee_id"":""E0169"",""event_id"":""EV_002"",""date"":""2026-03-02"",""due_date"":""2026-04-01"",""status"":""completed"",""completion_pct"":100,""score"":""77"",""feedback_rating"":"""",""assigned_by"":""hr""}"
history,R001986,"{""record_id"":""R001986"",""employee_id"":""E0170"",""event_id"":""EV_002"",""date"":""2026-03-02"",""due_date"":""2026-04-01"",""status"":""completed"",""completion_pct"":100,""score"":""95"",""feedback_rating"":"""",""assigned_by"":""hr""}"
history,R001987,"{""record_id"":""R001987"",""employee_id"":""E0171"",""event_id"":""EV_002"",""date"":""2026-03-02"",""due_date"":""2026-04-01"",""status"":""completed"",""completion_pct"":100,""score"":""87"",""feedback_rating"":"""",""assigned_by"":""hr""}"
history,R001988,"{""record_id"":""R001988"",""employee_id"":""E0172"",""event_id"":""EV_002"",""date"":""2026-03-02"",""due_date"":""2026-04-01"",""status"":""completed"",""completion_pct"":100,""score"":""82"",""feedback_rating"":"""",""assigned_by"":""hr""}"
history,R001989,"{""record_id"":""R001989"",""employee_id"":""E0173"",""event_id"":""EV_002"",""date"":""2026-03-02"",""due_date"":""2026-04-01"",""status"":""completed"",""completion_pct"":100,""score"":""79"",""feedback_rating"":"""",""assigned_by"":""hr""}"
history,R001990,"{""record_id"":""R001990"",""employee_id"":""E0175"",""event_id"":""EV_002"",""date"":""2026-03-02"",""due_date"":""2026-04-01"",""status"":""completed"",""completion_pct"":100,""score"":""74"",""feedback_rating"":"""",""assigned_by"":""hr""}"
history,R001991,"{""record_id"":""R001991"",""employee_id"":""E0176"",""event_id"":""EV_002"",""date"":""2026-03-02"",""due_date"":""2026-04-01"",""status"":""completed"",""completion_pct"":100,""score"":""91"",""feedback_rating"":"""",""assigned_by"":""hr""}"
history,R001992,"{""record_id"":""R001992"",""employee_id"":""E0177"",""event_id"":""EV_002"",""date"":""2026-03-02"",""due_date"":""2026-04-01"",""status"":""completed"",""completion_pct"":100,""score"":""89"",""feedback_rating"":"""",""assigned_by"":""hr""}"
history,R001993,"{""record_id"":""R001993"",""employee_id"":""E0179"",""event_id"":""EV_002"",""date"":""2026-03-02"",""due_date"":""2026-04-01"",""status"":""overdue"",""completion_pct"":60,""score"":"""",""feedback_rating"":"""",""assigned_by"":""hr""}"
history,R001994,"{""record_id"":""R001994"",""employee_id"":""E0180"",""event_id"":""EV_002"",""date"":""2026-03-02"",""due_date"":""2026-04-01"",""status"":""completed"",""completion_pct"":100,""score"":""82"",""feedback_rating"":"""",""assigned_by"":""hr""}"
history,R001995,"{""record_id"":""R001995"",""employee_id"":""E0181"",""event_id"":""EV_002"",""date"":""2026-03-02"",""due_date"":""2026-04-01"",""status"":""completed"",""completion_pct"":100,""score"":""88"",""feedback_rating"":"""",""assigned_by"":""hr""}"
history,R001996,"{""record_id"":""R001996"",""employee_id"":""E0182"",""event_id"":""EV_002"",""date"":""2026-03-02"",""due_date"":""2026-04-01"",""status"":""completed"",""completion_pct"":100,""score"":""99"",""feedback_rating"":"""",""assigned_by"":""hr""}"
history,R001997,"{""record_id"":""R001997"",""employee_id"":""E0183"",""event_id"":""EV_002"",""date"":""2026-03-02"",""due_date"":""2026-04-01"",""status"":""completed"",""completion_pct"":100,""score"":""70"",""feedback_rating"":"""",""assigned_by"":""hr""}"
history,R001998,"{""record_id"":""R001998"",""employee_id"":""E0184"",""event_id"":""EV_002"",""date"":""2026-03-02"",""due_date"":""2026-04-01"",""status"":""completed"",""completion_pct"":100,""score"":""70"",""feedback_rating"":"""",""assigned_by"":""hr""}"
history,R001999,"{""record_id"":""R001999"",""employee_id"":""E0185"",""event_id"":""EV_002"",""date"":""2026-03-02"",""due_date"":""2026-04-01"",""status"":""overdue"",""completion_pct"":10,""score"":"""",""feedback_rating"":"""",""assigned_by"":""hr""}"
history,R002000,"{""record_id"":""R002000"",""employee_id"":""E0186"",""event_id"":""EV_002"",""date"":""2026-03-02"",""due_date"":""2026-04-01"",""status"":""completed"",""completion_pct"":100,""score"":""71"",""feedback_rating"":"""",""assigned_by"":""hr""}"
history,R002001,"{""record_id"":""R002001"",""employee_id"":""E0187"",""event_id"":""EV_002"",""date"":""2026-03-02"",""due_date"":""2026-04-01"",""status"":""completed"",""completion_pct"":100,""score"":""91"",""feedback_rating"":"""",""assigned_by"":""hr""}"
history,R002002,"{""record_id"":""R002002"",""employee_id"":""E0188"",""event_id"":""EV_002"",""date"":""2026-03-02"",""due_date"":""2026-04-01"",""status"":""completed"",""completion_pct"":100,""score"":""77"",""feedback_rating"":"""",""assigned_by"":""hr""}"
history,R002003,"{""record_id"":""R002003"",""employee_id"":""E0189"",""event_id"":""EV_002"",""date"":""2026-03-02"",""due_date"":""2026-04-01"",""status"":""completed"",""completion_pct"":100,""score"":""97"",""feedback_rating"":"""",""assigned_by"":""hr""}"
history,R002004,"{""record_id"":""R002004"",""employee_id"":""E0190"",""event_id"":""EV_002"",""date"":""2026-03-02"",""due_date"":""2026-04-01"",""status"":""completed"",""completion_pct"":100,""score"":""100"",""feedback_rating"":"""",""assigned_by"":""hr""}"
history,R002005,"{""record_id"":""R002005"",""employee_id"":""E0191"",""event_id"":""EV_002"",""date"":""2026-03-02"",""due_date"":""2026-04-01"",""status"":""overdue"",""completion_pct"":60,""score"":"""",""feedback_rating"":"""",""assigned_by"":""hr""}"
history,R002006,"{""record_id"":""R002006"",""employee_id"":""E0192"",""event_id"":""EV_002"",""date"":""2026-03-02"",""due_date"":""2026-04-01"",""status"":""completed"",""completion_pct"":100,""score"":""95"",""feedback_rating"":"""",""assigned_by"":""hr""}"
history,R002007,"{""record_id"":""R002007"",""employee_id"":""E0193"",""event_id"":""EV_002"",""date"":""2026-03-02"",""due_date"":""2026-04-01"",""status"":""completed"",""completion_pct"":100,""score"":""98"",""feedback_rating"":"""",""assigned_by"":""hr""}"
history,R002008,"{""record_id"":""R002008"",""employee_id"":""E0194"",""event_id"":""EV_002"",""date"":""2026-03-02"",""due_date"":""2026-04-01"",""status"":""completed"",""completion_pct"":100,""score"":""97"",""feedback_rating"":"""",""assigned_by"":""hr""}"
history,R002009,"{""record_id"":""R002009"",""employee_id"":""E0195"",""event_id"":""EV_002"",""date"":""2026-03-02"",""due_date"":""2026-04-01"",""status"":""completed"",""completion_pct"":100,""score"":""99"",""feedback_rating"":"""",""assigned_by"":""hr""}"
history,R002010,"{""record_id"":""R002010"",""employee_id"":""E0196"",""event_id"":""EV_002"",""date"":""2026-03-02"",""due_date"":""2026-04-01"",""status"":""completed"",""completion_pct"":100,""score"":""84"",""feedback_rating"":"""",""assigned_by"":""hr""}"
history,R002011,"{""record_id"":""R002011"",""employee_id"":""E0197"",""event_id"":""EV_002"",""date"":""2026-03-02"",""due_date"":""2026-04-01"",""status"":""completed"",""completion_pct"":100,""score"":""98"",""feedback_rating"":"""",""assigned_by"":""hr""}"
history,R002012,"{""record_id"":""R002012"",""employee_id"":""E0198"",""event_id"":""EV_002"",""date"":""2026-03-02"",""due_date"":""2026-04-01"",""status"":""completed"",""completion_pct"":100,""score"":""83"",""feedback_rating"":"""",""assigned_by"":""hr""}"
history,R002013,"{""record_id"":""R002013"",""employee_id"":""E0199"",""event_id"":""EV_002"",""date"":""2026-03-02"",""due_date"":""2026-04-01"",""status"":""completed"",""completion_pct"":100,""score"":""78"",""feedback_rating"":"""",""assigned_by"":""hr""}"
history,R002014,"{""record_id"":""R002014"",""employee_id"":""E0199"",""event_id"":""EV_038"",""date"":""2026-03-02"",""due_date"":"""",""status"":""completed"",""completion_pct"":100,""score"":""71"",""feedback_rating"":""4"",""assigned_by"":""hr""}"
history,R002015,"{""record_id"":""R002015"",""employee_id"":""E0200"",""event_id"":""EV_002"",""date"":""2026-03-02"",""due_date"":""2026-04-01"",""status"":""completed"",""completion_pct"":100,""score"":""96"",""feedback_rating"":"""",""assigned_by"":""hr""}"
history,R002016,"{""record_id"":""R002016"",""employee_id"":""E0019"",""event_id"":""EV_005"",""date"":""2026-03-03"",""due_date"":"""",""status"":""completed"",""completion_pct"":100,""score"":""93"",""feedback_rating"":"""",""assigned_by"":""manager""}"
history,R002017,"{""record_id"":""R002017"",""employee_id"":""E0027"",""event_id"":""EV_036"",""date"":""2026-03-03"",""due_date"":"""",""status"":""completed"",""completion_pct"":100,""score"":"""",""feedback_rating"":""4"",""assigned_by"":""manager""}"
history,R002018,"{""record_id"":""R002018"",""employee_id"":""E0051"",""event_id"":""EV_034"",""date"":""2026-03-03"",""due_date"":"""",""status"":""completed"",""completion_pct"":100,""score"":"""",""feedback_rating"":""4"",""assigned_by"":""self""}"
history,R002019,"{""record_id"":""R002019"",""employee_id"":""E0102"",""event_id"":""EV_017"",""date"":""2026-03-03"",""due_date"":"""",""status"":""completed"",""completion_pct"":100,""score"":""63"",""feedback_rating"":""4"",""assigned_by"":""self""}"
history,R002020,"{""record_id"":""R002020"",""employee_id"":""E0013"",""event_id"":""EV_012"",""date"":""2026-03-05"",""due_date"":"""",""status"":""completed"",""completion_pct"":100,""score"":""98"",""feedback_rating"":"""",""assigned_by"":""hr""}"
history,R002021,"{""record_id"":""R002021"",""employee_id"":""E0017"",""event_id"":""EV_036"",""date"":""2026-03-05"",""due_date"":"""",""status"":""completed"",""completion_pct"":100,""score"":"""",""feedback_rating"":""4"",""assigned_by"":""self""}"
history,R002022,"{""record_id"":""R002022"",""employee_id"":""E0145"",""event_id"":""EV_018"",""date"":""2026-03-05"",""due_date"":"""",""status"":""no_show"",""completion_pct"":0,""score"":"""",""feedback_rating"":"""",""assigned_by"":""self""}"
history,R002023,"{""record_id"":""R002023"",""employee_id"":""E0165"",""event_id"":""EV_023"",""date"":""2026-03-05"",""due_date"":"""",""status"":""completed"",""completion_pct"":100,""score"":"""",""feedback_rating"":""3"",""assigned_by"":""self""}"
history,R002024,"{""record_id"":""R002024"",""employee_id"":""E0170"",""event_id"":""EV_039"",""date"":""2026-03-05"",""due_date"":"""",""status"":""no_show"",""completion_pct"":0,""score"":"""",""feedback_rating"":"""",""assigned_by"":""self""}"
history,R002025,"{""record_id"":""R002025"",""employee_id"":""E0026"",""event_id"":""EV_037"",""date"":""2026-03-06"",""due_date"":"""",""status"":""completed"",""completion_pct"":100,""score"":"""",""feedback_rating"":"""",""assigned_by"":""self""}"
history,R002026,"{""record_id"":""R002026"",""employee_id"":""E0121"",""event_id"":""EV_008"",""date"":""2026-03-06"",""due_date"":"""",""status"":""completed"",""completion_pct"":100,""score"":"""",""feedback_rating"":"""",""assigned_by"":""self""}"
history,R002027,"{""record_id"":""R002027"",""employee_id"":""E0156"",""event_id"":""EV_040"",""date"":""2026-03-06"",""due_date"":"""",""status"":""completed"",""completion_pct"":100,""score"":"""",""feedback_rating"":""4"",""assigned_by"":""self""}"
history,R002028,"{""record_id"":""R002028"",""employee_id"":""E0055"",""event_id"":""EV_038"",""date"":""2026-03-09"",""due_date"":"""",""status"":""completed"",""completion_pct"":100,""score"":""61"",""feedback_rating"":""4"",""assigned_by"":""manager""}"
history,R002029,"{""record_id"":""R002029"",""employee_id"":""E0057"",""event_id"":""EV_036"",""date"":""2026-03-10"",""due_date"":"""",""status"":""declined"",""completion_pct"":0,""score"":"""",""feedback_rating"":"""",""assigned_by"":""manager""}"
history,R002030,"{""record_id"":""R002030"",""employee_id"":""E0061"",""event_id"":""EV_040"",""date"":""2026-03-10"",""due_date"":"""",""status"":""no_show"",""completion_pct"":0,""score"":"""",""feedback_rating"":"""",""assigned_by"":""hr""}"
history,R002031,"{""record_id"":""R002031"",""employee_id"":""E0180"",""event_id"":""EV_036"",""date"":""2026-03-10"",""due_date"":"""",""status"":""completed"",""completion_pct"":100,""score"":"""",""feedback_rating"":""4"",""assigned_by"":""self""}"
history,R002032,"{""record_id"":""R002032"",""employee_id"":""E0040"",""event_id"":""EV_036"",""date"":""2026-03-11"",""due_date"":"""",""status"":""completed"",""completion_pct"":100,""score"":"""",""feedback_rating"":""4"",""assigned_by"":""self""}"
history,R002033,"{""record_id"":""R002033"",""employee_id"":""E0071"",""event_id"":""EV_036"",""date"":""2026-03-11"",""due_date"":"""",""status"":""completed"",""completion_pct"":100,""score"":"""",""feedback_rating"":""4"",""assigned_by"":""self""}"
history,R002034,"{""record_id"":""R002034"",""employee_id"":""E0103"",""event_id"":""EV_018"",""date"":""2026-03-11"",""due_date"":"""",""status"":""completed"",""completion_pct"":100,""score"":""77"",""feedback_rating"":"""",""assigned_by"":""manager""}"
history,R002035,"{""record_id"":""R002035"",""employee_id"":""E0115"",""event_id"":""EV_040"",""date"":""2026-03-11"",""due_date"":"""",""status"":""completed"",""completion_pct"":100,""score"":"""",""feedback_rating"":""5"",""assigned_by"":""self""}"
history,R002036,"{""record_id"":""R002036"",""employee_id"":""E0142"",""event_id"":""EV_036"",""date"":""2026-03-11"",""due_date"":"""",""status"":""completed"",""completion_pct"":100,""score"":"""",""feedback_rating"":""5"",""assigned_by"":""self""}"
history,R002037,"{""record_id"":""R002037"",""employee_id"":""E0038"",""event_id"":""EV_038"",""date"":""2026-03-13"",""due_date"":"""",""status"":""completed"",""completion_pct"":100,""score"":""60"",""feedback_rating"":"""",""assigned_by"":""self""}"
history,R002038,"{""record_id"":""R002038"",""employee_id"":""E0106"",""event_id"":""EV_036"",""date"":""2026-03-13"",""due_date"":"""",""status"":""declined"",""completion_pct"":0,""score"":"""",""feedback_rating"":"""",""assigned_by"":""manager""}"
history,R002039,"{""record_id"":""R002039"",""employee_id"":""E0027"",""event_id"":""EV_034"",""date"":""2026-03-16"",""due_date"":"""",""status"":""completed"",""completion_pct"":100,""score"":"""",""feedback_rating"":""5"",""assigned_by"":""self""}"
history,R002040,"{""record_id"":""R002040"",""employee_id"":""E0127"",""event_id"":""EV_012"",""date"":""2026-03-16"",""due_date"":"""",""status"":""dropped"",""completion_pct"":55,""score"":"""",""feedback_rating"":""2"",""assigned_by"":""self""}"
history,R002041,"{""record_id"":""R002041"",""employee_id"":""E0009"",""event_id"":""EV_039"",""date"":""2026-03-17"",""due_date"":"""",""status"":""completed"",""completion_pct"":100,""score"":"""",""feedback_rating"":""4"",""assigned_by"":""self""}"
history,R002042,"{""record_id"":""R002042"",""employee_id"":""E0035"",""event_id"":""EV_036"",""date"":""2026-03-17"",""due_date"":"""",""status"":""completed"",""completion_pct"":100,""score"":"""",""feedback_rating"":""3"",""assigned_by"":""self""}"
history,R002043,"{""record_id"":""R002043"",""employee_id"":""E0108"",""event_id"":""EV_037"",""date"":""2026-03-17"",""due_date"":"""",""status"":""completed"",""completion_pct"":100,""score"":"""",""feedback_rating"":""5"",""assigned_by"":""self""}"
history,R002044,"{""record_id"":""R002044"",""employee_id"":""E0129"",""event_id"":""EV_032"",""date"":""2026-03-17"",""due_date"":"""",""status"":""completed"",""completion_pct"":100,""score"":"""",""feedback_rating"":""3"",""assigned_by"":""self""}"
history,R002045,"{""record_id"":""R002045"",""employee_id"":""E0136"",""event_id"":""EV_040"",""date"":""2026-03-17"",""due_date"":"""",""status"":""completed"",""completion_pct"":100,""score"":"""",""feedback_rating"":"""",""assigned_by"":""hr""}"
history,R002046,"{""record_id"":""R002046"",""employee_id"":""E0139"",""event_id"":""EV_040"",""date"":""2026-03-17"",""due_date"":"""",""status"":""completed"",""completion_pct"":100,""score"":"""",""feedback_rating"":""4"",""assigned_by"":""self""}"
history,R002047,"{""record_id"":""R002047"",""employee_id"":""E0172"",""event_id"":""EV_008"",""date"":""2026-03-17"",""due_date"":"""",""status"":""dropped"",""completion_pct"":45,""score"":"""",""feedback_rating"":""2"",""assigned_by"":""hr""}"
history,R002048,"{""record_id"":""R002048"",""employee_id"":""E0044"",""event_id"":""EV_008"",""date"":""2026-03-18"",""due_date"":"""",""status"":""completed"",""completion_pct"":100,""score"":"""",""feedback_rating"":""4"",""assigned_by"":""self""}"
history,R002049,"{""record_id"":""R002049"",""employee_id"":""E0064"",""event_id"":""EV_037"",""date"":""2026-03-18"",""due_date"":"""",""status"":""no_show"",""completion_pct"":0,""score"":"""",""feedback_rating"":"""",""assigned_by"":""hr""}"
history,R002050,"{""record_id"":""R002050"",""employee_id"":""E0182"",""event_id"":""EV_008"",""date"":""2026-03-18"",""due_date"":"""",""status"":""completed"",""completion_pct"":100,""score"":"""",""feedback_rating"":""5"",""assigned_by"":""self""}"
history,R002051,"{""record_id"":""R002051"",""employee_id"":""E0009"",""event_id"":""EV_034"",""date"":""2026-03-19"",""due_date"":"""",""status"":""declined"",""completion_pct"":0,""score"":"""",""feedback_rating"":"""",""assigned_by"":""hr""}"
history,R002052,"{""record_id"":""R002052"",""employee_id"":""E0187"",""event_id"":""EV_036"",""date"":""2026-03-19"",""due_date"":"""",""status"":""no_show"",""completion_pct"":0,""score"":"""",""feedback_rating"":"""",""assigned_by"":""manager""}"
history,R002053,"{""record_id"":""R002053"",""employee_id"":""E0148"",""event_id"":""EV_036"",""date"":""2026-03-20"",""due_date"":"""",""status"":""completed"",""completion_pct"":100,""score"":"""",""feedback_rating"":""4"",""assigned_by"":""manager""}"
history,R002054,"{""record_id"":""R002054"",""employee_id"":""E0166"",""event_id"":""EV_032"",""date"":""2026-03-20"",""due_date"":"""",""status"":""completed"",""completion_pct"":100,""score"":"""",""feedback_rating"":""5"",""assigned_by"":""self""}"
history,R002055,"{""record_id"":""R002055"",""employee_id"":""E0186"",""event_id"":""EV_010"",""date"":""2026-03-20"",""due_date"":"""",""status"":""completed"",""completion_pct"":100,""score"":""79"",""feedback_rating"":"""",""assigned_by"":""self""}"
history,R002056,"{""record_id"":""R002056"",""employee_id"":""E0197"",""event_id"":""EV_036"",""date"":""2026-03-20"",""due_date"":"""",""status"":""completed"",""completion_pct"":100,""score"":"""",""feedback_rating"":""4"",""assigned_by"":""self""}"
history,R002057,"{""record_id"":""R002057"",""employee_id"":""E0028"",""event_id"":""EV_009"",""date"":""2026-03-23"",""due_date"":"""",""status"":""dropped"",""completion_pct"":75,""score"":"""",""feedback_rating"":""2"",""assigned_by"":""self""}"
history,R002058,"{""record_id"":""R002058"",""employee_id"":""E0072"",""event_id"":""EV_040"",""date"":""2026-03-23"",""due_date"":"""",""status"":""declined"",""completion_pct"":0,""score"":"""",""feedback_rating"":"""",""assigned_by"":""manager""}"
history,R002059,"{""record_id"":""R002059"",""employee_id"":""E0133"",""event_id"":""EV_037"",""date"":""2026-03-23"",""due_date"":"""",""status"":""completed"",""completion_pct"":100,""score"":"""",""feedback_rating"":""4"",""assigned_by"":""self""}"
history,R002060,"{""record_id"":""R002060"",""employee_id"":""E0157"",""event_id"":""EV_008"",""date"":""2026-03-23"",""due_date"":"""",""status"":""completed"",""completion_pct"":100,""score"":"""",""feedback_rating"":"""",""assigned_by"":""self""}"
history,R002061,"{""record_id"":""R002061"",""employee_id"":""E0006"",""event_id"":""EV_036"",""date"":""2026-03-24"",""due_date"":"""",""status"":""completed"",""completion_pct"":100,""score"":"""",""feedback_rating"":""5"",""assigned_by"":""self""}"
history,R002062,"{""record_id"":""R002062"",""employee_id"":""E0013"",""event_id"":""EV_038"",""date"":""2026-03-24"",""due_date"":"""",""status"":""completed"",""completion_pct"":100,""score"":""73"",""feedback_rating"":"""",""assigned_by"":""manager""}"
history,R002063,"{""record_id"":""R002063"",""employee_id"":""E0044"",""event_id"":""EV_039"",""date"":""2026-03-24"",""due_date"":"""",""status"":""completed"",""completion_pct"":100,""score"":"""",""feedback_rating"":"""",""assigned_by"":""self""}"
history,R002064,"{""record_id"":""R002064"",""employee_id"":""E0054"",""event_id"":""EV_023"",""date"":""2026-03-24"",""due_date"":"""",""status"":""no_show"",""completion_pct"":0,""score"":"""",""feedback_rating"":"""",""assigned_by"":""self""}"
history,R002065,"{""record_id"":""R002065"",""employee_id"":""E0102"",""event_id"":""EV_039"",""date"":""2026-03-24"",""due_date"":"""",""status"":""completed"",""completion_pct"":100,""score"":"""",""feedback_rating"":""4"",""assigned_by"":""self""}"
history,R002066,"{""record_id"":""R002066"",""employee_id"":""E0118"",""event_id"":""EV_036"",""date"":""2026-03-24"",""due_date"":"""",""status"":""completed"",""completion_pct"":100,""score"":"""",""feedback_rating"":"""",""assigned_by"":""manager""}"
history,R002067,"{""record_id"":""R002067"",""employee_id"":""E0187"",""event_id"":""EV_039"",""date"":""2026-03-24"",""due_date"":"""",""status"":""completed"",""completion_pct"":100,""score"":"""",""feedback_rating"":""2"",""assigned_by"":""self""}"
history,R002068,"{""record_id"":""R002068"",""employee_id"":""E0133"",""event_id"":""EV_038"",""date"":""2026-03-25"",""due_date"":"""",""status"":""completed"",""completion_pct"":100,""score"":""91"",""feedback_rating"":""3"",""assigned_by"":""manager""}"
history,R002069,"{""record_id"":""R002069"",""employee_id"":""E0031"",""event_id"":""EV_008"",""date"":""2026-03-26"",""due_date"":"""",""status"":""completed"",""completion_pct"":100,""score"":"""",""feedback_rating"":""2"",""assigned_by"":""manager""}"
history,R002070,"{""record_id"":""R002070"",""employee_id"":""E0115"",""event_id"":""EV_017"",""date"":""2026-03-26"",""due_date"":"""",""status"":""completed"",""completion_pct"":100,""score"":""90"",""feedback_rating"":""4"",""assigned_by"":""manager""}"
history,R002071,"{""record_id"":""R002071"",""employee_id"":""E0146"",""event_id"":""EV_001"",""date"":""2026-03-26"",""due_date"":""2026-04-25"",""status"":""overdue"",""completion_pct"":40,""score"":"""",""feedback_rating"":"""",""assigned_by"":""hr""}"
history,R002072,"{""record_id"":""R002072"",""employee_id"":""E0146"",""event_id"":""EV_002"",""date"":""2026-03-26"",""due_date"":""2026-04-25"",""status"":""overdue"",""completion_pct"":60,""score"":"""",""feedback_rating"":"""",""assigned_by"":""hr""}"
history,R002073,"{""record_id"":""R002073"",""employee_id"":""E0146"",""event_id"":""EV_003"",""date"":""2026-03-26"",""due_date"":""2026-04-25"",""status"":""completed"",""completion_pct"":100,""score"":""99"",""feedback_rating"":"""",""assigned_by"":""hr""}"
history,R002074,"{""record_id"":""R002074"",""employee_id"":""E0006"",""event_id"":""EV_036"",""date"":""2026-03-27"",""due_date"":"""",""status"":""completed"",""completion_pct"":100,""score"":"""",""feedback_rating"":"""",""assigned_by"":""self""}"
history,R002075,"{""record_id"":""R002075"",""employee_id"":""E0153"",""event_id"":""EV_034"",""date"":""2026-03-27"",""due_date"":"""",""status"":""completed"",""completion_pct"":100,""score"":"""",""feedback_rating"":""3"",""assigned_by"":""self""}"
history,R002076,"{""record_id"":""R002076"",""employee_id"":""E0195"",""event_id"":""EV_039"",""date"":""2026-03-27"",""due_date"":"""",""status"":""completed"",""completion_pct"":100,""score"":"""",""feedback_rating"":""4"",""assigned_by"":""self""}"
history,R002077,"{""record_id"":""R002077"",""employee_id"":""E0045"",""event_id"":""EV_036"",""date"":""2026-03-30"",""due_date"":"""",""status"":""no_show"",""completion_pct"":0,""score"":"""",""feedback_rating"":"""",""assigned_by"":""manager""}"
history,R002078,"{""record_id"":""R002078"",""employee_id"":""E0057"",""event_id"":""EV_008"",""date"":""2026-03-30"",""due_date"":"""",""status"":""completed"",""completion_pct"":100,""score"":"""",""feedback_rating"":""4"",""assigned_by"":""self""}"
history,R002079,"{""record_id"":""R002079"",""employee_id"":""E0116"",""event_id"":""EV_036"",""date"":""2026-03-30"",""due_date"":"""",""status"":""completed"",""completion_pct"":100,""score"":"""",""feedback_rating"":""4"",""assigned_by"":""self""}"
history,R002080,"{""record_id"":""R002080"",""employee_id"":""E0146"",""event_id"":""EV_004"",""date"":""2026-03-30"",""due_date"":""2026-04-22"",""status"":""completed"",""completion_pct"":100,""score"":"""",""feedback_rating"":""4"",""assigned_by"":""hr""}"
history,R002081,"{""record_id"":""R002081"",""employee_id"":""E0153"",""event_id"":""EV_036"",""date"":""2026-03-30"",""due_date"":"""",""status"":""completed"",""completion_pct"":100,""score"":"""",""feedback_rating"":"""",""assigned_by"":""manager""}"
history,R002082,"{""record_id"":""R002082"",""employee_id"":""E0003"",""event_id"":""EV_036"",""date"":""2026-03-31"",""due_date"":"""",""status"":""completed"",""completion_pct"":100,""score"":"""",""feedback_rating"":"""",""assigned_by"":""manager""}"
history,R002083,"{""record_id"":""R002083"",""employee_id"":""E0006"",""event_id"":""EV_036"",""date"":""2026-03-31"",""due_date"":"""",""status"":""no_show"",""completion_pct"":0,""score"":"""",""feedback_rating"":"""",""assigned_by"":""self""}"
history,R002084,"{""record_id"":""R002084"",""employee_id"":""E0017"",""event_id"":""EV_036"",""date"":""2026-03-31"",""due_date"":"""",""status"":""completed"",""completion_pct"":100,""score"":"""",""feedback_rating"":""5"",""assigned_by"":""manager""}"
history,R002085,"{""record_id"":""R002085"",""employee_id"":""E0087"",""event_id"":""EV_012"",""date"":""2026-03-31"",""due_date"":"""",""status"":""completed"",""completion_pct"":100,""score"":""84"",""feedback_rating"":""5"",""assigned_by"":""manager""}"
history,R002086,"{""record_id"":""R002086"",""employee_id"":""E0115"",""event_id"":""EV_036"",""date"":""2026-03-31"",""due_date"":"""",""status"":""completed"",""completion_pct"":100,""score"":"""",""feedback_rating"":""5"",""assigned_by"":""manager""}"
history,R002087,"{""record_id"":""R002087"",""employee_id"":""E0147"",""event_id"":""EV_011"",""date"":""2026-03-31"",""due_date"":"""",""status"":""completed"",""completion_pct"":100,""score"":"""",""feedback_rating"":""3"",""assigned_by"":""self""}"
history,R002088,"{""record_id"":""R002088"",""employee_id"":""E0052"",""event_id"":""EV_036"",""date"":""2026-04-01"",""due_date"":"""",""status"":""completed"",""completion_pct"":100,""score"":"""",""feedback_rating"":""3"",""assigned_by"":""self""}"
history,R002089,"{""record_id"":""R002089"",""employee_id"":""E0053"",""event_id"":""EV_040"",""date"":""2026-04-01"",""due_date"":"""",""status"":""completed"",""completion_pct"":100,""score"":"""",""feedback_rating"":""4"",""assigned_by"":""manager""}"
history,R002090,"{""record_id"":""R002090"",""employee_id"":""E0068"",""event_id"":""EV_017"",""date"":""2026-04-01"",""due_date"":"""",""status"":""no_show"",""completion_pct"":0,""score"":"""",""feedback_rating"":"""",""assigned_by"":""hr""}"
history,R002091,"{""record_id"":""R002091"",""employee_id"":""E0102"",""event_id"":""EV_013"",""date"":""2026-04-01"",""due_date"":"""",""status"":""no_show"",""completion_pct"":0,""score"":"""",""feedback_rating"":"""",""assigned_by"":""self""}"
history,R002092,"{""record_id"":""R002092"",""employee_id"":""E0137"",""event_id"":""EV_036"",""date"":""2026-04-01"",""due_date"":"""",""status"":""no_show"",""completion_pct"":0,""score"":"""",""feedback_rating"":"""",""assigned_by"":""hr""}"
history,R002093,"{""record_id"":""R002093"",""employee_id"":""E0147"",""event_id"":""EV_039"",""date"":""2026-04-01"",""due_date"":"""",""status"":""completed"",""completion_pct"":100,""score"":"""",""feedback_rating"":"""",""assigned_by"":""self""}"
history,R002094,"{""record_id"":""R002094"",""employee_id"":""E0164"",""event_id"":""EV_007"",""date"":""2026-04-01"",""due_date"":"""",""status"":""completed"",""completion_pct"":100,""score"":"""",""feedback_rating"":""5"",""assigned_by"":""hr""}"
history,R002095,"{""record_id"":""R002095"",""employee_id"":""E0002"",""event_id"":""EV_009"",""date"":""2026-04-02"",""due_date"":"""",""status"":""completed"",""completion_pct"":100,""score"":""67"",""feedback_rating"":""3"",""assigned_by"":""self""}"
history,R002096,"{""record_id"":""R002096"",""employee_id"":""E0021"",""event_id"":""EV_040"",""date"":""2026-04-02"",""due_date"":"""",""status"":""completed"",""completion_pct"":100,""score"":"""",""feedback_rating"":"""",""assigned_by"":""self""}"
history,R002097,"{""record_id"":""R002097"",""employee_id"":""E0058"",""event_id"":""EV_001"",""date"":""2026-04-02"",""due_date"":""2026-05-02"",""status"":""completed"",""completion_pct"":100,""score"":""70"",""feedback_rating"":"""",""assigned_by"":""hr""}"
history,R002098,"{""record_id"":""R002098"",""employee_id"":""E0058"",""event_id"":""EV_002"",""date"":""2026-04-02"",""due_date"":""2026-05-02"",""status"":""completed"",""completion_pct"":100,""score"":""94"",""feedback_rating"":"""",""assigned_by"":""hr""}"
history,R002099,"{""record_id"":""R002099"",""employee_id"":""E0058"",""event_id"":""EV_003"",""date"":""2026-04-02"",""due_date"":""2026-05-02"",""status"":""completed"",""completion_pct"":100,""score"":""71"",""feedback_rating"":"""",""assigned_by"":""hr""}"
history,R002100,"{""record_id"":""R002100"",""employee_id"":""E0060"",""event_id"":""EV_037"",""date"":""2026-04-02"",""due_date"":"""",""status"":""completed"",""completion_pct"":100,""score"":"""",""feedback_rating"":""3"",""assigned_by"":""self""}"
history,R002101,"{""record_id"":""R002101"",""employee_id"":""E0068"",""event_id"":""EV_039"",""date"":""2026-04-02"",""due_date"":"""",""status"":""completed"",""completion_pct"":100,""score"":"""",""feedback_rating"":""5"",""assigned_by"":""self""}"
history,R002102,"{""record_id"":""R002102"",""employee_id"":""E0165"",""event_id"":""EV_008"",""date"":""2026-04-02"",""due_date"":"""",""status"":""completed"",""completion_pct"":100,""score"":"""",""feedback_rating"":""4"",""assigned_by"":""hr""}"
history,R002103,"{""record_id"":""R002103"",""employee_id"":""E0194"",""event_id"":""EV_016"",""date"":""2026-04-02"",""due_date"":"""",""status"":""dropped"",""completion_pct"":45,""score"":"""",""feedback_rating"":""3"",""assigned_by"":""hr""}"
history,R002104,"{""record_id"":""R002104"",""employee_id"":""E0022"",""event_id"":""EV_023"",""date"":""2026-04-03"",""due_date"":"""",""status"":""completed"",""completion_pct"":100,""score"":"""",""feedback_rating"":"""",""assigned_by"":""self""}"
history,R002105,"{""record_id"":""R002105"",""employee_id"":""E0033"",""event_id"":""EV_008"",""date"":""2026-04-03"",""due_date"":"""",""status"":""completed"",""completion_pct"":100,""score"":"""",""feedback_rating"":""2"",""assigned_by"":""manager""}"
history,R002106,"{""record_id"":""R002106"",""employee_id"":""E0085"",""event_id"":""EV_024"",""date"":""2026-04-03"",""due_date"":"""",""status"":""dropped"",""completion_pct"":20,""score"":"""",""feedback_rating"":"""",""assigned_by"":""manager""}"
history,R002107,"{""record_id"":""R002107"",""employee_id"":""E0111"",""event_id"":""EV_008"",""date"":""2026-04-03"",""due_date"":"""",""status"":""completed"",""completion_pct"":100,""score"":"""",""feedback_rating"":"""",""assigned_by"":""self""}"
history,R002108,"{""record_id"":""R002108"",""employee_id"":""E0123"",""event_id"":""EV_037"",""date"":""2026-04-03"",""due_date"":"""",""status"":""completed"",""completion_pct"":100,""score"":"""",""feedback_rating"":""5"",""assigned_by"":""manager""}"
history,R002109,"{""record_id"":""R002109"",""employee_id"":""E0191"",""event_id"":""EV_032"",""date"":""2026-04-03"",""due_date"":"""",""status"":""completed"",""completion_pct"":100,""score"":"""",""feedback_rating"":""5"",""assigned_by"":""self""}"
history,R002110,"{""record_id"":""R002110"",""employee_id"":""E0092"",""event_id"":""EV_012"",""date"":""2026-04-06"",""due_date"":"""",""status"":""dropped"",""completion_pct"":75,""score"":"""",""feedback_rating"":"""",""assigned_by"":""self""}"
history,R002111,"{""record_id"":""R002111"",""employee_id"":""E0096"",""event_id"":""EV_001"",""date"":""2026-04-06"",""due_date"":""2026-05-06"",""status"":""completed"",""completion_pct"":100,""score"":""87"",""feedback_rating"":"""",""assigned_by"":""hr""}"
history,R002112,"{""record_id"":""R002112"",""employee_id"":""E0096"",""event_id"":""EV_002"",""date"":""2026-04-06"",""due_date"":""2026-05-06"",""status"":""completed"",""completion_pct"":100,""score"":""80"",""feedback_rating"":"""",""assigned_by"":""hr""}"
history,R002113,"{""record_id"":""R002113"",""employee_id"":""E0096"",""event_id"":""EV_003"",""date"":""2026-04-06"",""due_date"":""2026-05-06"",""status"":""completed"",""completion_pct"":100,""score"":""80"",""feedback_rating"":"""",""assigned_by"":""hr""}"
history,R002114,"{""record_id"":""R002114"",""employee_id"":""E0095"",""event_id"":""EV_031"",""date"":""2026-04-07"",""due_date"":"""",""status"":""no_show"",""completion_pct"":0,""score"":"""",""feedback_rating"":"""",""assigned_by"":""manager""}"
history,R002115,"{""record_id"":""R002115"",""employee_id"":""E0100"",""event_id"":""EV_032"",""date"":""2026-04-07"",""due_date"":"""",""status"":""completed"",""completion_pct"":100,""score"":"""",""feedback_rating"":"""",""assigned_by"":""self""}"
history,R002116,"{""record_id"":""R002116"",""employee_id"":""E0129"",""event_id"":""EV_039"",""date"":""2026-04-07"",""due_date"":"""",""status"":""declined"",""completion_pct"":0,""score"":"""",""feedback_rating"":"""",""assigned_by"":""manager""}"
history,R002117,"{""record_id"":""R002117"",""employee_id"":""E0162"",""event_id"":""EV_036"",""date"":""2026-04-07"",""due_date"":"""",""status"":""completed"",""completion_pct"":100,""score"":"""",""feedback_rating"":""5"",""assigned_by"":""manager""}"
history,R002118,"{""record_id"":""R002118"",""employee_id"":""E0028"",""event_id"":""EV_009"",""date"":""2026-04-08"",""due_date"":"""",""status"":""dropped"",""completion_pct"":50,""score"":"""",""feedback_rating"":"""",""assigned_by"":""manager""}"
history,R002119,"{""record_id"":""R002119"",""employee_id"":""E0030"",""event_id"":""EV_037"",""date"":""2026-04-08"",""due_date"":"""",""status"":""completed"",""completion_pct"":100,""score"":"""",""feedback_rating"":""5"",""assigned_by"":""manager""}"
history,R002120,"{""record_id"":""R002120"",""employee_id"":""E0044"",""event_id"":""EV_036"",""date"":""2026-04-08"",""due_date"":"""",""status"":""completed"",""completion_pct"":100,""score"":"""",""feedback_rating"":"""",""assigned_by"":""hr""}"
history,R002121,"{""record_id"":""R002121"",""employee_id"":""E0078"",""event_id"":""EV_039"",""date"":""2026-04-09"",""due_date"":"""",""status"":""completed"",""completion_pct"":100,""score"":"""",""feedback_rating"":""3"",""assigned_by"":""self""}"
history,R002122,"{""record_id"":""R002122"",""employee_id"":""E0133"",""event_id"":""EV_036"",""date"":""2026-04-09"",""due_date"":"""",""status"":""completed"",""completion_pct"":100,""score"":"""",""feedback_rating"":""5"",""assigned_by"":""self""}"
history,R002123,"{""record_id"":""R002123"",""employee_id"":""E0157"",""event_id"":""EV_039"",""date"":""2026-04-09"",""due_date"":"""",""status"":""completed"",""completion_pct"":100,""score"":"""",""feedback_rating"":"""",""assigned_by"":""manager""}"
history,R002124,"{""record_id"":""R002124"",""employee_id"":""E0166"",""event_id"":""EV_038"",""date"":""2026-04-09"",""due_date"":"""",""status"":""completed"",""completion_pct"":100,""score"":""71"",""feedback_rating"":""2"",""assigned_by"":""self""}"
history,R002125,"{""record_id"":""R002125"",""employee_id"":""E0169"",""event_id"":""EV_036"",""date"":""2026-04-09"",""due_date"":"""",""status"":""completed"",""completion_pct"":100,""score"":"""",""feedback_rating"":"""",""assigned_by"":""manager""}"
history,R002126,"{""record_id"":""R002126"",""employee_id"":""E0093"",""event_id"":""EV_036"",""date"":""2026-04-10"",""due_date"":"""",""status"":""declined"",""completion_pct"":0,""score"":"""",""feedback_rating"":"""",""assigned_by"":""manager""}"
history,R002127,"{""record_id"":""R002127"",""employee_id"":""E0105"",""event_id"":""EV_030"",""date"":""2026-04-10"",""due_date"":"""",""status"":""completed"",""completion_pct"":100,""score"":"""",""feedback_rating"":""4"",""assigned_by"":""manager""}"
history,R002128,"{""record_id"":""R002128"",""employee_id"":""E0120"",""event_id"":""EV_011"",""date"":""2026-04-10"",""due_date"":"""",""status"":""dropped"",""completion_pct"":35,""score"":"""",""feedback_rating"":"""",""assigned_by"":""hr""}"
history,R002129,"{""record_id"":""R002129"",""employee_id"":""E0124"",""event_id"":""EV_012"",""date"":""2026-04-10"",""due_date"":"""",""status"":""completed"",""completion_pct"":100,""score"":""96"",""feedback_rating"":""3"",""assigned_by"":""manager""}"
history,R002130,"{""record_id"":""R002130"",""employee_id"":""E0178"",""event_id"":""EV_005"",""date"":""2026-04-10"",""due_date"":"""",""status"":""no_show"",""completion_pct"":0,""score"":"""",""feedback_rating"":"""",""assigned_by"":""manager""}"
history,R002131,"{""record_id"":""R002131"",""employee_id"":""E0185"",""event_id"":""EV_036"",""date"":""2026-04-10"",""due_date"":"""",""status"":""completed"",""completion_pct"":100,""score"":"""",""feedback_rating"":""4"",""assigned_by"":""self""}"
history,R002132,"{""record_id"":""R002132"",""employee_id"":""E0019"",""event_id"":""EV_040"",""date"":""2026-04-13"",""due_date"":"""",""status"":""completed"",""completion_pct"":100,""score"":"""",""feedback_rating"":"""",""assigned_by"":""self""}"
history,R002133,"{""record_id"":""R002133"",""employee_id"":""E0023"",""event_id"":""EV_036"",""date"":""2026-04-13"",""due_date"":"""",""status"":""completed"",""completion_pct"":100,""score"":"""",""feedback_rating"":""4"",""assigned_by"":""self""}"
history,R002134,"{""record_id"":""R002134"",""employee_id"":""E0058"",""event_id"":""EV_004"",""date"":""2026-04-13"",""due_date"":""2026-04-29"",""status"":""completed"",""completion_pct"":100,""score"":"""",""feedback_rating"":""5"",""assigned_by"":""hr""}"
history,R002135,"{""record_id"":""R002135"",""employee_id"":""E0073"",""event_id"":""EV_025"",""date"":""2026-04-13"",""due_date"":"""",""status"":""completed"",""completion_pct"":100,""score"":""72"",""feedback_rating"":""4"",""assigned_by"":""manager""}"
history,R002136,"{""record_id"":""R002136"",""employee_id"":""E0085"",""event_id"":""EV_036"",""date"":""2026-04-13"",""due_date"":"""",""status"":""completed"",""completion_pct"":100,""score"":"""",""feedback_rating"":""5"",""assigned_by"":""self""}"
history,R002137,"{""record_id"":""R002137"",""employee_id"":""E0096"",""event_id"":""EV_004"",""date"":""2026-04-13"",""due_date"":""2026-05-02"",""status"":""completed"",""completion_pct"":100,""score"":"""",""feedback_rating"":"""",""assigned_by"":""hr""}"
history,R002138,"{""record_id"":""R002138"",""employee_id"":""E0107"",""event_id"":""EV_020"",""date"":""2026-04-13"",""due_date"":"""",""status"":""completed"",""completion_pct"":100,""score"":""68"",""feedback_rating"":""2"",""assigned_by"":""self""}"
history,R002139,"{""record_id"":""R002139"",""employee_id"":""E0088"",""event_id"":""EV_010"",""date"":""2026-04-15"",""due_date"":"""",""status"":""completed"",""completion_pct"":100,""score"":""73"",""feedback_rating"":"""",""assigned_by"":""hr""}"
history,R002140,"{""record_id"":""R002140"",""employee_id"":""E0144"",""event_id"":""EV_036"",""date"":""2026-04-15"",""due_date"":"""",""status"":""completed"",""completion_pct"":100,""score"":"""",""feedback_rating"":""5"",""assigned_by"":""self""}"
history,R002141,"{""record_id"":""R002141"",""employee_id"":""E0005"",""event_id"":""EV_036"",""date"":""2026-04-17"",""due_date"":"""",""status"":""completed"",""completion_pct"":100,""score"":"""",""feedback_rating"":""5"",""assigned_by"":""manager""}"
history,R002142,"{""record_id"":""R002142"",""employee_id"":""E0047"",""event_id"":""EV_011"",""date"":""2026-04-17"",""due_date"":"""",""status"":""completed"",""completion_pct"":100,""score"":"""",""feedback_rating"":""3"",""assigned_by"":""self""}"
history,R002143,"{""record_id"":""R002143"",""employee_id"":""E0153"",""event_id"":""EV_036"",""date"":""2026-04-17"",""due_date"":"""",""status"":""completed"",""completion_pct"":100,""score"":"""",""feedback_rating"":""5"",""assigned_by"":""manager""}"
history,R002144,"{""record_id"":""R002144"",""employee_id"":""E0186"",""event_id"":""EV_037"",""date"":""2026-04-17"",""due_date"":"""",""status"":""completed"",""completion_pct"":100,""score"":"""",""feedback_rating"":"""",""assigned_by"":""self""}"
history,R002145,"{""record_id"":""R002145"",""employee_id"":""E0006"",""event_id"":""EV_040"",""date"":""2026-04-20"",""due_date"":"""",""status"":""completed"",""completion_pct"":100,""score"":"""",""feedback_rating"":""4"",""assigned_by"":""self""}"
history,R002146,"{""record_id"":""R002146"",""employee_id"":""E0041"",""event_id"":""EV_027"",""date"":""2026-04-20"",""due_date"":"""",""status"":""no_show"",""completion_pct"":0,""score"":"""",""feedback_rating"":"""",""assigned_by"":""self""}"
history,R002147,"{""record_id"":""R002147"",""employee_id"":""E0121"",""event_id"":""EV_024"",""date"":""2026-04-20"",""due_date"":"""",""status"":""completed"",""completion_pct"":100,""score"":""92"",""feedback_rating"":""5"",""assigned_by"":""self""}"
history,R002148,"{""record_id"":""R002148"",""employee_id"":""E0151"",""event_id"":""EV_030"",""date"":""2026-04-20"",""due_date"":"""",""status"":""completed"",""completion_pct"":100,""score"":"""",""feedback_rating"":"""",""assigned_by"":""self""}"
history,R002149,"{""record_id"":""R002149"",""employee_id"":""E0033"",""event_id"":""EV_009"",""date"":""2026-04-21"",""due_date"":"""",""status"":""completed"",""completion_pct"":100,""score"":""98"",""feedback_rating"":""3"",""assigned_by"":""self""}"
history,R002150,"{""record_id"":""R002150"",""employee_id"":""E0034"",""event_id"":""EV_020"",""date"":""2026-04-21"",""due_date"":"""",""status"":""completed"",""completion_pct"":100,""score"":""90"",""feedback_rating"":""3"",""assigned_by"":""self""}"
history,R002151,"{""record_id"":""R002151"",""employee_id"":""E0167"",""event_id"":""EV_028"",""date"":""2026-04-21"",""due_date"":"""",""status"":""completed"",""completion_pct"":100,""score"":"""",""feedback_rating"":""4"",""assigned_by"":""self""}"
history,R002152,"{""record_id"":""R002152"",""employee_id"":""E0081"",""event_id"":""EV_008"",""date"":""2026-04-22"",""due_date"":"""",""status"":""completed"",""completion_pct"":100,""score"":"""",""feedback_rating"":"""",""assigned_by"":""manager""}"
history,R002153,"{""record_id"":""R002153"",""employee_id"":""E0093"",""event_id"":""EV_036"",""date"":""2026-04-23"",""due_date"":"""",""status"":""completed"",""completion_pct"":100,""score"":"""",""feedback_rating"":""3"",""assigned_by"":""self""}"
history,R002154,"{""record_id"":""R002154"",""employee_id"":""E0042"",""event_id"":""EV_036"",""date"":""2026-04-24"",""due_date"":"""",""status"":""completed"",""completion_pct"":100,""score"":"""",""feedback_rating"":"""",""assigned_by"":""self""}"
history,R002155,"{""record_id"":""R002155"",""employee_id"":""E0144"",""event_id"":""EV_036"",""date"":""2026-04-24"",""due_date"":"""",""status"":""completed"",""completion_pct"":100,""score"":"""",""feedback_rating"":"""",""assigned_by"":""self""}"
history,R002156,"{""record_id"":""R002156"",""employee_id"":""E0024"",""event_id"":""EV_001"",""date"":""2026-04-27"",""due_date"":""2026-05-27"",""status"":""completed"",""completion_pct"":100,""score"":""88"",""feedback_rating"":"""",""assigned_by"":""hr""}"
history,R002157,"{""record_id"":""R002157"",""employee_id"":""E0024"",""event_id"":""EV_002"",""date"":""2026-04-27"",""due_date"":""2026-05-27"",""status"":""completed"",""completion_pct"":100,""score"":""87"",""feedback_rating"":"""",""assigned_by"":""hr""}"
history,R002158,"{""record_id"":""R002158"",""employee_id"":""E0024"",""event_id"":""EV_003"",""date"":""2026-04-27"",""due_date"":""2026-05-27"",""status"":""completed"",""completion_pct"":100,""score"":""100"",""feedback_rating"":"""",""assigned_by"":""hr""}"
history,R002159,"{""record_id"":""R002159"",""employee_id"":""E0026"",""event_id"":""EV_007"",""date"":""2026-04-27"",""due_date"":"""",""status"":""completed"",""completion_pct"":100,""score"":"""",""feedback_rating"":""3"",""assigned_by"":""self""}"
history,R002160,"{""record_id"":""R002160"",""employee_id"":""E0172"",""event_id"":""EV_036"",""date"":""2026-04-27"",""due_date"":"""",""status"":""completed"",""completion_pct"":100,""score"":"""",""feedback_rating"":""5"",""assigned_by"":""hr""}"
history,R002161,"{""record_id"":""R002161"",""employee_id"":""E0033"",""event_id"":""EV_040"",""date"":""2026-04-28"",""due_date"":"""",""status"":""declined"",""completion_pct"":0,""score"":"""",""feedback_rating"":"""",""assigned_by"":""manager""}"
history,R002162,"{""record_id"":""R002162"",""employee_id"":""E0093"",""event_id"":""EV_036"",""date"":""2026-04-28"",""due_date"":"""",""status"":""completed"",""completion_pct"":100,""score"":"""",""feedback_rating"":"""",""assigned_by"":""self""}"
history,R002163,"{""record_id"":""R002163"",""employee_id"":""E0183"",""event_id"":""EV_040"",""date"":""2026-04-28"",""due_date"":"""",""status"":""declined"",""completion_pct"":0,""score"":"""",""feedback_rating"":"""",""assigned_by"":""manager""}"
history,R002164,"{""record_id"":""R002164"",""employee_id"":""E0029"",""event_id"":""EV_037"",""date"":""2026-04-29"",""due_date"":"""",""status"":""no_show"",""completion_pct"":0,""score"":"""",""feedback_rating"":"""",""assigned_by"":""manager""}"
history,R002165,"{""record_id"":""R002165"",""employee_id"":""E0031"",""event_id"":""EV_036"",""date"":""2026-04-29"",""due_date"":"""",""status"":""completed"",""completion_pct"":100,""score"":"""",""feedback_rating"":""5"",""assigned_by"":""self""}"
history,R002166,"{""record_id"":""R002166"",""employee_id"":""E0109"",""event_id"":""EV_036"",""date"":""2026-04-29"",""due_date"":"""",""status"":""declined"",""completion_pct"":0,""score"":"""",""feedback_rating"":"""",""assigned_by"":""manager""}"
history,R002167,"{""record_id"":""R002167"",""employee_id"":""E0152"",""event_id"":""EV_039"",""date"":""2026-04-29"",""due_date"":"""",""status"":""completed"",""completion_pct"":100,""score"":"""",""feedback_rating"":"""",""assigned_by"":""manager""}"
history,R002168,"{""record_id"":""R002168"",""employee_id"":""E0166"",""event_id"":""EV_008"",""date"":""2026-04-29"",""due_date"":"""",""status"":""completed"",""completion_pct"":100,""score"":"""",""feedback_rating"":"""",""assigned_by"":""self""}"
history,R002169,"{""record_id"":""R002169"",""employee_id"":""E0036"",""event_id"":""EV_005"",""date"":""2026-04-30"",""due_date"":"""",""status"":""completed"",""completion_pct"":100,""score"":""99"",""feedback_rating"":""4"",""assigned_by"":""self""}"
history,R002170,"{""record_id"":""R002170"",""employee_id"":""E0098"",""event_id"":""EV_040"",""date"":""2026-04-30"",""due_date"":"""",""status"":""completed"",""completion_pct"":100,""score"":"""",""feedback_rating"":"""",""assigned_by"":""self""}"
history,R002171,"{""record_id"":""R002171"",""employee_id"":""E0111"",""event_id"":""EV_036"",""date"":""2026-04-30"",""due_date"":"""",""status"":""completed"",""completion_pct"":100,""score"":"""",""feedback_rating"":""4"",""assigned_by"":""self""}"
history,R002172,"{""record_id"":""R002172"",""employee_id"":""E0137"",""event_id"":""EV_005"",""date"":""2026-04-30"",""due_date"":"""",""status"":""completed"",""completion_pct"":100,""score"":""87"",""feedback_rating"":"""",""assigned_by"":""self""}"
history,R002173,"{""record_id"":""R002173"",""employee_id"":""E0001"",""event_id"":""EV_001"",""date"":""2026-05-01"",""due_date"":""2026-05-31"",""status"":""completed"",""completion_pct"":100,""score"":""88"",""feedback_rating"":"""",""assigned_by"":""hr""}"
history,R002174,"{""record_id"":""R002174"",""employee_id"":""E0001"",""event_id"":""EV_002"",""date"":""2026-05-01"",""due_date"":""2026-05-31"",""status"":""completed"",""completion_pct"":100,""score"":""93"",""feedback_rating"":"""",""assigned_by"":""hr""}"
history,R002175,"{""record_id"":""R002175"",""employee_id"":""E0001"",""event_id"":""EV_003"",""date"":""2026-05-01"",""due_date"":""2026-05-31"",""status"":""completed"",""completion_pct"":100,""score"":""70"",""feedback_rating"":"""",""assigned_by"":""hr""}"
history,R002176,"{""record_id"":""R002176"",""employee_id"":""E0052"",""event_id"":""EV_036"",""date"":""2026-05-01"",""due_date"":"""",""status"":""completed"",""completion_pct"":100,""score"":"""",""feedback_rating"":"""",""assigned_by"":""manager""}"
history,R002177,"{""record_id"":""R002177"",""employee_id"":""E0110"",""event_id"":""EV_001"",""date"":""2026-05-01"",""due_date"":""2026-05-31"",""status"":""completed"",""completion_pct"":100,""score"":""75"",""feedback_rating"":"""",""assigned_by"":""hr""}"
history,R002178,"{""record_id"":""R002178"",""employee_id"":""E0110"",""event_id"":""EV_002"",""date"":""2026-05-01"",""due_date"":""2026-05-31"",""status"":""overdue"",""completion_pct"":40,""score"":"""",""feedback_rating"":"""",""assigned_by"":""hr""}"
history,R002179,"{""record_id"":""R002179"",""employee_id"":""E0110"",""event_id"":""EV_003"",""date"":""2026-05-01"",""due_date"":""2026-05-31"",""status"":""completed"",""completion_pct"":100,""score"":""100"",""feedback_rating"":"""",""assigned_by"":""hr""}"
history,R002180,"{""record_id"":""R002180"",""employee_id"":""E0199"",""event_id"":""EV_023"",""date"":""2026-05-01"",""due_date"":"""",""status"":""completed"",""completion_pct"":100,""score"":"""",""feedback_rating"":""4"",""assigned_by"":""manager""}"
history,R002181,"{""record_id"":""R002181"",""employee_id"":""E0022"",""event_id"":""EV_008"",""date"":""2026-05-05"",""due_date"":"""",""status"":""completed"",""completion_pct"":100,""score"":"""",""feedback_rating"":""3"",""assigned_by"":""manager""}"
history,R002182,"{""record_id"":""R002182"",""employee_id"":""E0091"",""event_id"":""EV_018"",""date"":""2026-05-05"",""due_date"":"""",""status"":""dropped"",""completion_pct"":70,""score"":"""",""feedback_rating"":"""",""assigned_by"":""self""}"
history,R002183,"{""record_id"":""R002183"",""employee_id"":""E0004"",""event_id"":""EV_023"",""date"":""2026-05-06"",""due_date"":"""",""status"":""completed"",""completion_pct"":100,""score"":"""",""feedback_rating"":""4"",""assigned_by"":""manager""}"
history,R002184,"{""record_id"":""R002184"",""employee_id"":""E0086"",""event_id"":""EV_039"",""date"":""2026-05-06"",""due_date"":"""",""status"":""no_show"",""completion_pct"":0,""score"":"""",""feedback_rating"":"""",""assigned_by"":""manager""}"
history,R002185,"{""record_id"":""R002185"",""employee_id"":""E0022"",""event_id"":""EV_040"",""date"":""2026-05-07"",""due_date"":"""",""status"":""completed"",""completion_pct"":100,""score"":"""",""feedback_rating"":""3"",""assigned_by"":""self""}"
history,R002186,"{""record_id"":""R002186"",""employee_id"":""E0053"",""event_id"":""EV_019"",""date"":""2026-05-07"",""due_date"":"""",""status"":""completed"",""completion_pct"":100,""score"":"""",""feedback_rating"":""4"",""assigned_by"":""manager""}"
history,R002187,"{""record_id"":""R002187"",""employee_id"":""E0065"",""event_id"":""EV_019"",""date"":""2026-05-07"",""due_date"":"""",""status"":""completed"",""completion_pct"":100,""score"":"""",""feedback_rating"":""4"",""assigned_by"":""manager""}"
history,R002188,"{""record_id"":""R002188"",""employee_id"":""E0189"",""event_id"":""EV_005"",""date"":""2026-05-08"",""due_date"":"""",""status"":""dropped"",""completion_pct"":80,""score"":"""",""feedback_rating"":"""",""assigned_by"":""hr""}"
history,R002189,"{""record_id"":""R002189"",""employee_id"":""E0196"",""event_id"":""EV_005"",""date"":""2026-05-08"",""due_date"":"""",""status"":""completed"",""completion_pct"":100,""score"":""69"",""feedback_rating"":""4"",""assigned_by"":""manager""}"
history,R002190,"{""record_id"":""R002190"",""employee_id"":""E0058"",""event_id"":""EV_005"",""date"":""2026-05-11"",""due_date"":"""",""status"":""completed"",""completion_pct"":100,""score"":""95"",""feedback_rating"":""4"",""assigned_by"":""manager""}"
history,R002191,"{""record_id"":""R002191"",""employee_id"":""E0183"",""event_id"":""EV_016"",""date"":""2026-05-11"",""due_date"":"""",""status"":""dropped"",""completion_pct"":60,""score"":"""",""feedback_rating"":"""",""assigned_by"":""manager""}"
history,R002192,"{""record_id"":""R002192"",""employee_id"":""E0001"",""event_id"":""EV_004"",""date"":""2026-05-12"",""due_date"":""2026-05-28"",""status"":""completed"",""completion_pct"":100,""score"":"""",""feedback_rating"":""5"",""assigned_by"":""hr""}"
history,R002193,"{""record_id"":""R002193"",""employee_id"":""E0010"",""event_id"":""EV_039"",""date"":""2026-05-12"",""due_date"":"""",""status"":""no_show"",""completion_pct"":0,""score"":"""",""feedback_rating"":"""",""assigned_by"":""manager""}"
history,R002194,"{""record_id"":""R002194"",""employee_id"":""E0037"",""event_id"":""EV_040"",""date"":""2026-05-13"",""due_date"":"""",""status"":""no_show"",""completion_pct"":0,""score"":"""",""feedback_rating"":"""",""assigned_by"":""manager""}"
history,R002195,"{""record_id"":""R002195"",""employee_id"":""E0050"",""event_id"":""EV_011"",""date"":""2026-05-13"",""due_date"":"""",""status"":""completed"",""completion_pct"":100,""score"":"""",""feedback_rating"":""5"",""assigned_by"":""self""}"
history,R002196,"{""record_id"":""R002196"",""employee_id"":""E0102"",""event_id"":""EV_036"",""date"":""2026-05-13"",""due_date"":"""",""status"":""completed"",""completion_pct"":100,""score"":"""",""feedback_rating"":"""",""assigned_by"":""hr""}"
history,R002197,"{""record_id"":""R002197"",""employee_id"":""E0163"",""event_id"":""EV_036"",""date"":""2026-05-13"",""due_date"":"""",""status"":""completed"",""completion_pct"":100,""score"":"""",""feedback_rating"":"""",""assigned_by"":""self""}"
history,R002198,"{""record_id"":""R002198"",""employee_id"":""E0102"",""event_id"":""EV_013"",""date"":""2026-05-14"",""due_date"":"""",""status"":""completed"",""completion_pct"":100,""score"":""98"",""feedback_rating"":"""",""assigned_by"":""self""}"
history,R002199,"{""record_id"":""R002199"",""employee_id"":""E0103"",""event_id"":""EV_005"",""date"":""2026-05-14"",""due_date"":"""",""status"":""completed"",""completion_pct"":100,""score"":""95"",""feedback_rating"":""4"",""assigned_by"":""self""}"
history,R002200,"{""record_id"":""R002200"",""employee_id"":""E0143"",""event_id"":""EV_036"",""date"":""2026-05-14"",""due_date"":"""",""status"":""completed"",""completion_pct"":100,""score"":"""",""feedback_rating"":"""",""assigned_by"":""hr""}"
history,R002201,"{""record_id"":""R002201"",""employee_id"":""E0144"",""event_id"":""EV_036"",""date"":""2026-05-14"",""due_date"":"""",""status"":""completed"",""completion_pct"":100,""score"":"""",""feedback_rating"":""5"",""assigned_by"":""self""}"
history,R002202,"{""record_id"":""R002202"",""employee_id"":""E0151"",""event_id"":""EV_028"",""date"":""2026-05-14"",""due_date"":"""",""status"":""completed"",""completion_pct"":100,""score"":"""",""feedback_rating"":""4"",""assigned_by"":""self""}"
history,R002203,"{""record_id"":""R002203"",""employee_id"":""E0019"",""event_id"":""EV_008"",""date"":""2026-05-15"",""due_date"":"""",""status"":""completed"",""completion_pct"":100,""score"":"""",""feedback_rating"":""4"",""assigned_by"":""manager""}"
history,R002204,"{""record_id"":""R002204"",""employee_id"":""E0024"",""event_id"":""EV_004"",""date"":""2026-05-15"",""due_date"":""2026-05-24"",""status"":""completed"",""completion_pct"":100,""score"":"""",""feedback_rating"":""5"",""assigned_by"":""hr""}"
history,R002205,"{""record_id"":""R002205"",""employee_id"":""E0092"",""event_id"":""EV_037"",""date"":""2026-05-15"",""due_date"":"""",""status"":""declined"",""completion_pct"":0,""score"":"""",""feedback_rating"":"""",""assigned_by"":""manager""}"
history,R002206,"{""record_id"":""R002206"",""employee_id"":""E0094"",""event_id"":""EV_036"",""date"":""2026-05-15"",""due_date"":"""",""status"":""completed"",""completion_pct"":100,""score"":"""",""feedback_rating"":""4"",""assigned_by"":""self""}"
history,R002207,"{""record_id"":""R002207"",""employee_id"":""E0190"",""event_id"":""EV_012"",""date"":""2026-05-15"",""due_date"":"""",""status"":""completed"",""completion_pct"":100,""score"":""95"",""feedback_rating"":""5"",""assigned_by"":""self""}"
history,R002208,"{""record_id"":""R002208"",""employee_id"":""E0200"",""event_id"":""EV_012"",""date"":""2026-05-15"",""due_date"":"""",""status"":""declined"",""completion_pct"":0,""score"":"""",""feedback_rating"":"""",""assigned_by"":""manager""}"
history,R002209,"{""record_id"":""R002209"",""employee_id"":""E0073"",""event_id"":""EV_020"",""date"":""2026-05-18"",""due_date"":"""",""status"":""dropped"",""completion_pct"":85,""score"":"""",""feedback_rating"":"""",""assigned_by"":""hr""}"
history,R002210,"{""record_id"":""R002210"",""employee_id"":""E0110"",""event_id"":""EV_004"",""date"":""2026-05-18"",""due_date"":""2026-05-28"",""status"":""completed"",""completion_pct"":100,""score"":"""",""feedback_rating"":"""",""assigned_by"":""hr""}"
history,R002211,"{""record_id"":""R002211"",""employee_id"":""E0130"",""event_id"":""EV_009"",""date"":""2026-05-18"",""due_date"":"""",""status"":""completed"",""completion_pct"":100,""score"":""80"",""feedback_rating"":""5"",""assigned_by"":""hr""}"
history,R002212,"{""record_id"":""R002212"",""employee_id"":""E0135"",""event_id"":""EV_001"",""date"":""2026-05-18"",""due_date"":""2026-06-17"",""status"":""completed"",""completion_pct"":100,""score"":""82"",""feedback_rating"":"""",""assigned_by"":""hr""}"
history,R002213,"{""record_id"":""R002213"",""employee_id"":""E0135"",""event_id"":""EV_002"",""date"":""2026-05-18"",""due_date"":""2026-06-17"",""status"":""completed"",""completion_pct"":100,""score"":""92"",""feedback_rating"":"""",""assigned_by"":""hr""}"
history,R002214,"{""record_id"":""R002214"",""employee_id"":""E0135"",""event_id"":""EV_003"",""date"":""2026-05-18"",""due_date"":""2026-06-17"",""status"":""completed"",""completion_pct"":100,""score"":""83"",""feedback_rating"":"""",""assigned_by"":""hr""}"
history,R002215,"{""record_id"":""R002215"",""employee_id"":""E0144"",""event_id"":""EV_036"",""date"":""2026-05-18"",""due_date"":"""",""status"":""completed"",""completion_pct"":100,""score"":"""",""feedback_rating"":"""",""assigned_by"":""manager""}"
history,R002216,"{""record_id"":""R002216"",""employee_id"":""E0159"",""event_id"":""EV_001"",""date"":""2026-05-18"",""due_date"":""2026-06-17"",""status"":""overdue"",""completion_pct"":0,""score"":"""",""feedback_rating"":"""",""assigned_by"":""hr""}"
history,R002217,"{""record_id"":""R002217"",""employee_id"":""E0159"",""event_id"":""EV_002"",""date"":""2026-05-18"",""due_date"":""2026-06-17"",""status"":""overdue"",""completion_pct"":25,""score"":"""",""feedback_rating"":"""",""assigned_by"":""hr""}"
history,R002218,"{""record_id"":""R002218"",""employee_id"":""E0159"",""event_id"":""EV_003"",""date"":""2026-05-18"",""due_date"":""2026-06-17"",""status"":""completed"",""completion_pct"":100,""score"":""98"",""feedback_rating"":"""",""assigned_by"":""hr""}"
history,R002219,"{""record_id"":""R002219"",""employee_id"":""E0164"",""event_id"":""EV_009"",""date"":""2026-05-18"",""due_date"":"""",""status"":""completed"",""completion_pct"":100,""score"":""86"",""feedback_rating"":""5"",""assigned_by"":""self""}"
history,R002220,"{""record_id"":""R002220"",""employee_id"":""E0159"",""event_id"":""EV_004"",""date"":""2026-05-20"",""due_date"":""2026-06-14"",""status"":""completed"",""completion_pct"":100,""score"":"""",""feedback_rating"":"""",""assigned_by"":""hr""}"
history,R002221,"{""record_id"":""R002221"",""employee_id"":""E0063"",""event_id"":""EV_038"",""date"":""2026-05-21"",""due_date"":"""",""status"":""dropped"",""completion_pct"":75,""score"":"""",""feedback_rating"":""2"",""assigned_by"":""self""}"
history,R002222,"{""record_id"":""R002222"",""employee_id"":""E0123"",""event_id"":""EV_013"",""date"":""2026-05-21"",""due_date"":"""",""status"":""no_show"",""completion_pct"":0,""score"":"""",""feedback_rating"":"""",""assigned_by"":""self""}"
history,R002223,"{""record_id"":""R002223"",""employee_id"":""E0148"",""event_id"":""EV_036"",""date"":""2026-05-21"",""due_date"":"""",""status"":""completed"",""completion_pct"":100,""score"":"""",""feedback_rating"":""3"",""assigned_by"":""self""}"
history,R002224,"{""record_id"":""R002224"",""employee_id"":""E0170"",""event_id"":""EV_036"",""date"":""2026-05-21"",""due_date"":"""",""status"":""completed"",""completion_pct"":100,""score"":"""",""feedback_rating"":""5"",""assigned_by"":""self""}"
history,R002225,"{""record_id"":""R002225"",""employee_id"":""E0023"",""event_id"":""EV_036"",""date"":""2026-05-22"",""due_date"":"""",""status"":""completed"",""completion_pct"":100,""score"":"""",""feedback_rating"":""5"",""assigned_by"":""manager""}"
history,R002226,"{""record_id"":""R002226"",""employee_id"":""E0105"",""event_id"":""EV_008"",""date"":""2026-05-22"",""due_date"":"""",""status"":""completed"",""completion_pct"":100,""score"":"""",""feedback_rating"":""4"",""assigned_by"":""hr""}"
history,R002227,"{""record_id"":""R002227"",""employee_id"":""E0126"",""event_id"":""EV_001"",""date"":""2026-05-22"",""due_date"":""2026-06-21"",""status"":""completed"",""completion_pct"":100,""score"":""74"",""feedback_rating"":"""",""assigned_by"":""hr""}"
history,R002228,"{""record_id"":""R002228"",""employee_id"":""E0126"",""event_id"":""EV_002"",""date"":""2026-05-22"",""due_date"":""2026-06-21"",""status"":""completed"",""completion_pct"":100,""score"":""96"",""feedback_rating"":"""",""assigned_by"":""hr""}"
history,R002229,"{""record_id"":""R002229"",""employee_id"":""E0126"",""event_id"":""EV_003"",""date"":""2026-05-22"",""due_date"":""2026-06-21"",""status"":""completed"",""completion_pct"":100,""score"":""86"",""feedback_rating"":"""",""assigned_by"":""hr""}"
history,R002230,"{""record_id"":""R002230"",""employee_id"":""E0134"",""event_id"":""EV_036"",""date"":""2026-05-22"",""due_date"":"""",""status"":""no_show"",""completion_pct"":0,""score"":"""",""feedback_rating"":"""",""assigned_by"":""hr""}"
history,R002231,"{""record_id"":""R002231"",""employee_id"":""E0155"",""event_id"":""EV_007"",""date"":""2026-05-22"",""due_date"":"""",""status"":""completed"",""completion_pct"":100,""score"":"""",""feedback_rating"":""2"",""assigned_by"":""self""}"
history,R002232,"{""record_id"":""R002232"",""employee_id"":""E0192"",""event_id"":""EV_036"",""date"":""2026-05-22"",""due_date"":"""",""status"":""no_show"",""completion_pct"":0,""score"":"""",""feedback_rating"":"""",""assigned_by"":""manager""}"
history,R002233,"{""record_id"":""R002233"",""employee_id"":""E0199"",""event_id"":""EV_021"",""date"":""2026-05-22"",""due_date"":"""",""status"":""dropped"",""completion_pct"":35,""score"":"""",""feedback_rating"":"""",""assigned_by"":""manager""}"
history,R002234,"{""record_id"":""R002234"",""employee_id"":""E0134"",""event_id"":""EV_026"",""date"":""2026-05-25"",""due_date"":"""",""status"":""completed"",""completion_pct"":100,""score"":"""",""feedback_rating"":""5"",""assigned_by"":""self""}"
history,R002235,"{""record_id"":""R002235"",""employee_id"":""E0095"",""event_id"":""EV_039"",""date"":""2026-05-26"",""due_date"":"""",""status"":""completed"",""completion_pct"":100,""score"":"""",""feedback_rating"":""3"",""assigned_by"":""self""}"
history,R002236,"{""record_id"":""R002236"",""employee_id"":""E0021"",""event_id"":""EV_008"",""date"":""2026-05-27"",""due_date"":"""",""status"":""completed"",""completion_pct"":100,""score"":"""",""feedback_rating"":"""",""assigned_by"":""self""}"
history,R002237,"{""record_id"":""R002237"",""employee_id"":""E0025"",""event_id"":""EV_039"",""date"":""2026-05-27"",""due_date"":"""",""status"":""declined"",""completion_pct"":0,""score"":"""",""feedback_rating"":"""",""assigned_by"":""manager""}"
history,R002238,"{""record_id"":""R002238"",""employee_id"":""E0031"",""event_id"":""EV_040"",""date"":""2026-05-27"",""due_date"":"""",""status"":""dropped"",""completion_pct"":15,""score"":"""",""feedback_rating"":""1"",""assigned_by"":""self""}"
history,R002239,"{""record_id"":""R002239"",""employee_id"":""E0044"",""event_id"":""EV_009"",""date"":""2026-05-27"",""due_date"":"""",""status"":""completed"",""completion_pct"":100,""score"":""78"",""feedback_rating"":"""",""assigned_by"":""manager""}"
history,R002240,"{""record_id"":""R002240"",""employee_id"":""E0118"",""event_id"":""EV_037"",""date"":""2026-05-27"",""due_date"":"""",""status"":""completed"",""completion_pct"":100,""score"":"""",""feedback_rating"":""5"",""assigned_by"":""manager""}"
history,R002241,"{""record_id"":""R002241"",""employee_id"":""E0180"",""event_id"":""EV_036"",""date"":""2026-05-27"",""due_date"":"""",""status"":""completed"",""completion_pct"":100,""score"":"""",""feedback_rating"":""2"",""assigned_by"":""self""}"
history,R002242,"{""record_id"":""R002242"",""employee_id"":""E0056"",""event_id"":""EV_033"",""date"":""2026-05-28"",""due_date"":"""",""status"":""declined"",""completion_pct"":0,""score"":"""",""feedback_rating"":"""",""assigned_by"":""manager""}"
history,R002243,"{""record_id"":""R002243"",""employee_id"":""E0088"",""event_id"":""EV_008"",""date"":""2026-05-28"",""due_date"":"""",""status"":""completed"",""completion_pct"":100,""score"":"""",""feedback_rating"":"""",""assigned_by"":""self""}"
history,R002244,"{""record_id"":""R002244"",""employee_id"":""E0109"",""event_id"":""EV_011"",""date"":""2026-05-28"",""due_date"":"""",""status"":""completed"",""completion_pct"":100,""score"":"""",""feedback_rating"":""5"",""assigned_by"":""self""}"
history,R002245,"{""record_id"":""R002245"",""employee_id"":""E0126"",""event_id"":""EV_004"",""date"":""2026-05-28"",""due_date"":""2026-06-18"",""status"":""completed"",""completion_pct"":100,""score"":"""",""feedback_rating"":""5"",""assigned_by"":""hr""}"
history,R002246,"{""record_id"":""R002246"",""employee_id"":""E0153"",""event_id"":""EV_036"",""date"":""2026-05-28"",""due_date"":"""",""status"":""completed"",""completion_pct"":100,""score"":"""",""feedback_rating"":""3"",""assigned_by"":""self""}"
history,R002247,"{""record_id"":""R002247"",""employee_id"":""E0161"",""event_id"":""EV_032"",""date"":""2026-05-28"",""due_date"":"""",""status"":""no_show"",""completion_pct"":0,""score"":"""",""feedback_rating"":"""",""assigned_by"":""manager""}"
history,R002248,"{""record_id"":""R002248"",""employee_id"":""E0166"",""event_id"":""EV_037"",""date"":""2026-05-28"",""due_date"":"""",""status"":""completed"",""completion_pct"":100,""score"":"""",""feedback_rating"":"""",""assigned_by"":""self""}"
history,R002249,"{""record_id"":""R002249"",""employee_id"":""E0078"",""event_id"":""EV_035"",""date"":""2026-05-29"",""due_date"":"""",""status"":""completed"",""completion_pct"":100,""score"":""84"",""feedback_rating"":""2"",""assigned_by"":""self""}"
history,R002250,"{""record_id"":""R002250"",""employee_id"":""E0188"",""event_id"":""EV_022"",""date"":""2026-05-29"",""due_date"":"""",""status"":""declined"",""completion_pct"":0,""score"":"""",""feedback_rating"":"""",""assigned_by"":""manager""}"
history,R002251,"{""record_id"":""R002251"",""employee_id"":""E0002"",""event_id"":""EV_003"",""date"":""2026-06-01"",""due_date"":""2026-07-01"",""status"":""completed"",""completion_pct"":100,""score"":""75"",""feedback_rating"":"""",""assigned_by"":""hr""}"
history,R002252,"{""record_id"":""R002252"",""employee_id"":""E0003"",""event_id"":""EV_003"",""date"":""2026-06-01"",""due_date"":""2026-07-01"",""status"":""completed"",""completion_pct"":100,""score"":""98"",""feedback_rating"":"""",""assigned_by"":""hr""}"
history,R002253,"{""record_id"":""R002253"",""employee_id"":""E0004"",""event_id"":""EV_003"",""date"":""2026-06-01"",""due_date"":""2026-07-01"",""status"":""completed"",""completion_pct"":100,""score"":""97"",""feedback_rating"":"""",""assigned_by"":""hr""}"
history,R002254,"{""record_id"":""R002254"",""employee_id"":""E0005"",""event_id"":""EV_003"",""date"":""2026-06-01"",""due_date"":""2026-07-01"",""status"":""completed"",""completion_pct"":100,""score"":""98"",""feedback_rating"":"""",""assigned_by"":""hr""}"
history,R002255,"{""record_id"":""R002255"",""employee_id"":""E0006"",""event_id"":""EV_003"",""date"":""2026-06-01"",""due_date"":""2026-07-01"",""status"":""completed"",""completion_pct"":100,""score"":""97"",""feedback_rating"":"""",""assigned_by"":""hr""}"
history,R002256,"{""record_id"":""R002256"",""employee_id"":""E0007"",""event_id"":""EV_003"",""date"":""2026-06-01"",""due_date"":""2026-07-01"",""status"":""completed"",""completion_pct"":100,""score"":""94"",""feedback_rating"":"""",""assigned_by"":""hr""}"
history,R002257,"{""record_id"":""R002257"",""employee_id"":""E0008"",""event_id"":""EV_003"",""date"":""2026-06-01"",""due_date"":""2026-07-01"",""status"":""overdue"",""completion_pct"":0,""score"":"""",""feedback_rating"":"""",""assigned_by"":""hr""}"
history,R002258,"{""record_id"":""R002258"",""employee_id"":""E0009"",""event_id"":""EV_003"",""date"":""2026-06-01"",""due_date"":""2026-07-01"",""status"":""completed"",""completion_pct"":100,""score"":""89"",""feedback_rating"":"""",""assigned_by"":""hr""}"
history,R002259,"{""record_id"":""R002259"",""employee_id"":""E0010"",""event_id"":""EV_003"",""date"":""2026-06-01"",""due_date"":""2026-07-01"",""status"":""completed"",""completion_pct"":100,""score"":""100"",""feedback_rating"":"""",""assigned_by"":""hr""}"
history,R002260,"{""record_id"":""R002260"",""employee_id"":""E0011"",""event_id"":""EV_003"",""date"":""2026-06-01"",""due_date"":""2026-07-01"",""status"":""completed"",""completion_pct"":100,""score"":""92"",""feedback_rating"":"""",""assigned_by"":""hr""}"
history,R002261,"{""record_id"":""R002261"",""employee_id"":""E0012"",""event_id"":""EV_003"",""date"":""2026-06-01"",""due_date"":""2026-07-01"",""status"":""completed"",""completion_pct"":100,""score"":""70"",""feedback_rating"":"""",""assigned_by"":""hr""}"
history,R002262,"{""record_id"":""R002262"",""employee_id"":""E0013"",""event_id"":""EV_003"",""date"":""2026-06-01"",""due_date"":""2026-07-01"",""status"":""completed"",""completion_pct"":100,""score"":""98"",""feedback_rating"":"""",""assigned_by"":""hr""}"
history,R002263,"{""record_id"":""R002263"",""employee_id"":""E0014"",""event_id"":""EV_003"",""date"":""2026-06-01"",""due_date"":""2026-07-01"",""status"":""completed"",""completion_pct"":100,""score"":""91"",""feedback_rating"":"""",""assigned_by"":""hr""}"
history,R002264,"{""record_id"":""R002264"",""employee_id"":""E0014"",""event_id"":""EV_036"",""date"":""2026-06-01"",""due_date"":"""",""status"":""completed"",""completion_pct"":100,""score"":"""",""feedback_rating"":"""",""assigned_by"":""self""}"
history,R002265,"{""record_id"":""R002265"",""employee_id"":""E0015"",""event_id"":""EV_003"",""date"":""2026-06-01"",""due_date"":""2026-07-01"",""status"":""completed"",""completion_pct"":100,""score"":""94"",""feedback_rating"":"""",""assigned_by"":""hr""}"
history,R002266,"{""record_id"":""R002266"",""employee_id"":""E0016"",""event_id"":""EV_003"",""date"":""2026-06-01"",""due_date"":""2026-07-01"",""status"":""completed"",""completion_pct"":100,""score"":""85"",""feedback_rating"":"""",""assigned_by"":""hr""}"
history,R002267,"{""record_id"":""R002267"",""employee_id"":""E0017"",""event_id"":""EV_003"",""date"":""2026-06-01"",""due_date"":""2026-07-01"",""status"":""completed"",""completion_pct"":100,""score"":""93"",""feedback_rating"":"""",""assigned_by"":""hr""}"
history,R002268,"{""record_id"":""R002268"",""employee_id"":""E0018"",""event_id"":""EV_003"",""date"":""2026-06-01"",""due_date"":""2026-07-01"",""status"":""completed"",""completion_pct"":100,""score"":""100"",""feedback_rating"":"""",""assigned_by"":""hr""}"
history,R002269,"{""record_id"":""R002269"",""employee_id"":""E0019"",""event_id"":""EV_003"",""date"":""2026-06-01"",""due_date"":""2026-07-01"",""status"":""completed"",""completion_pct"":100,""score"":""71"",""feedback_rating"":"""",""assigned_by"":""hr""}"
history,R002270,"{""record_id"":""R002270"",""employee_id"":""E0020"",""event_id"":""EV_003"",""date"":""2026-06-01"",""due_date"":""2026-07-01"",""status"":""overdue"",""completion_pct"":10,""score"":"""",""feedback_rating"":"""",""assigned_by"":""hr""}"
history,R002271,"{""record_id"":""R002271"",""employee_id"":""E0021"",""event_id"":""EV_003"",""date"":""2026-06-01"",""due_date"":""2026-07-01"",""status"":""completed"",""completion_pct"":100,""score"":""98"",""feedback_rating"":"""",""assigned_by"":""hr""}"
history,R002272,"{""record_id"":""R002272"",""employee_id"":""E0022"",""event_id"":""EV_003"",""date"":""2026-06-01"",""due_date"":""2026-07-01"",""status"":""completed"",""completion_pct"":100,""score"":""75"",""feedback_rating"":"""",""assigned_by"":""hr""}"
history,R002273,"{""record_id"":""R002273"",""employee_id"":""E0023"",""event_id"":""EV_003"",""date"":""2026-06-01"",""due_date"":""2026-07-01"",""status"":""completed"",""completion_pct"":100,""score"":""80"",""feedback_rating"":"""",""assigned_by"":""hr""}"
history,R002274,"{""record_id"":""R002274"",""employee_id"":""E0025"",""event_id"":""EV_003"",""date"":""2026-06-01"",""due_date"":""2026-07-01"",""status"":""completed"",""completion_pct"":100,""score"":""88"",""feedback_rating"":"""",""assigned_by"":""hr""}"
history,R002275,"{""record_id"":""R002275"",""employee_id"":""E0026"",""event_id"":""EV_003"",""date"":""2026-06-01"",""due_date"":""2026-07-01"",""status"":""completed"",""completion_pct"":100,""score"":""80"",""feedback_rating"":"""",""assigned_by"":""hr""}"
history,R002276,"{""record_id"":""R002276"",""employee_id"":""E0027"",""event_id"":""EV_003"",""date"":""2026-06-01"",""due_date"":""2026-07-01"",""status"":""completed"",""completion_pct"":100,""score"":""76"",""feedback_rating"":"""",""assigned_by"":""hr""}"
history,R002277,"{""record_id"":""R002277"",""employee_id"":""E0028"",""event_id"":""EV_003"",""date"":""2026-06-01"",""due_date"":""2026-07-01"",""status"":""completed"",""completion_pct"":100,""score"":""84"",""feedback_rating"":"""",""assigned_by"":""hr""}"
history,R002278,"{""record_id"":""R002278"",""employee_id"":""E0029"",""event_id"":""EV_003"",""date"":""2026-06-01"",""due_date"":""2026-07-01"",""status"":""completed"",""completion_pct"":100,""score"":""89"",""feedback_rating"":"""",""assigned_by"":""hr""}"
history,R002279,"{""record_id"":""R002279"",""employee_id"":""E0030"",""event_id"":""EV_003"",""date"":""2026-06-01"",""due_date"":""2026-07-01"",""status"":""completed"",""completion_pct"":100,""score"":""99"",""feedback_rating"":"""",""assigned_by"":""hr""}"
history,R002280,"{""record_id"":""R002280"",""employee_id"":""E0031"",""event_id"":""EV_003"",""date"":""2026-06-01"",""due_date"":""2026-07-01"",""status"":""completed"",""completion_pct"":100,""score"":""88"",""feedback_rating"":"""",""assigned_by"":""hr""}"
history,R002281,"{""record_id"":""R002281"",""employee_id"":""E0032"",""event_id"":""EV_003"",""date"":""2026-06-01"",""due_date"":""2026-07-01"",""status"":""completed"",""completion_pct"":100,""score"":""96"",""feedback_rating"":"""",""assigned_by"":""hr""}"
history,R002282,"{""record_id"":""R002282"",""employee_id"":""E0033"",""event_id"":""EV_003"",""date"":""2026-06-01"",""due_date"":""2026-07-01"",""status"":""completed"",""completion_pct"":100,""score"":""80"",""feedback_rating"":"""",""assigned_by"":""hr""}"
history,R002283,"{""record_id"":""R002283"",""employee_id"":""E0034"",""event_id"":""EV_003"",""date"":""2026-06-01"",""due_date"":""2026-07-01"",""status"":""completed"",""completion_pct"":100,""score"":""80"",""feedback_rating"":"""",""assigned_by"":""hr""}"
history,R002284,"{""record_id"":""R002284"",""employee_id"":""E0035"",""event_id"":""EV_003"",""date"":""2026-06-01"",""due_date"":""2026-07-01"",""status"":""completed"",""completion_pct"":100,""score"":""96"",""feedback_rating"":"""",""assigned_by"":""hr""}"
history,R002285,"{""record_id"":""R002285"",""employee_id"":""E0036"",""event_id"":""EV_003"",""date"":""2026-06-01"",""due_date"":""2026-07-01"",""status"":""completed"",""completion_pct"":100,""score"":""71"",""feedback_rating"":"""",""assigned_by"":""hr""}"
history,R002286,"{""record_id"":""R002286"",""employee_id"":""E0037"",""event_id"":""EV_003"",""date"":""2026-06-01"",""due_date"":""2026-07-01"",""status"":""completed"",""completion_pct"":100,""score"":""99"",""feedback_rating"":"""",""assigned_by"":""hr""}"
history,R002287,"{""record_id"":""R002287"",""employee_id"":""E0038"",""event_id"":""EV_003"",""date"":""2026-06-01"",""due_date"":""2026-07-01"",""status"":""completed"",""completion_pct"":100,""score"":""88"",""feedback_rating"":"""",""assigned_by"":""hr""}"
history,R002288,"{""record_id"":""R002288"",""employee_id"":""E0039"",""event_id"":""EV_003"",""date"":""2026-06-01"",""due_date"":""2026-07-01"",""status"":""completed"",""completion_pct"":100,""score"":""89"",""feedback_rating"":"""",""assigned_by"":""hr""}"
history,R002289,"{""record_id"":""R002289"",""employee_id"":""E0040"",""event_id"":""EV_003"",""date"":""2026-06-01"",""due_date"":""2026-07-01"",""status"":""completed"",""completion_pct"":100,""score"":""91"",""feedback_rating"":"""",""assigned_by"":""hr""}"
history,R002290,"{""record_id"":""R002290"",""employee_id"":""E0041"",""event_id"":""EV_003"",""date"":""2026-06-01"",""due_date"":""2026-07-01"",""status"":""completed"",""completion_pct"":100,""score"":""89"",""feedback_rating"":"""",""assigned_by"":""hr""}"
history,R002291,"{""record_id"":""R002291"",""employee_id"":""E0042"",""event_id"":""EV_003"",""date"":""2026-06-01"",""due_date"":""2026-07-01"",""status"":""completed"",""completion_pct"":100,""score"":""99"",""feedback_rating"":"""",""assigned_by"":""hr""}"
history,R002292,"{""record_id"":""R002292"",""employee_id"":""E0043"",""event_id"":""EV_003"",""date"":""2026-06-01"",""due_date"":""2026-07-01"",""status"":""completed"",""completion_pct"":100,""score"":""95"",""feedback_rating"":"""",""assigned_by"":""hr""}"
history,R002293,"{""record_id"":""R002293"",""employee_id"":""E0044"",""event_id"":""EV_003"",""date"":""2026-06-01"",""due_date"":""2026-07-01"",""status"":""completed"",""completion_pct"":100,""score"":""73"",""feedback_rating"":"""",""assigned_by"":""hr""}"
history,R002294,"{""record_id"":""R002294"",""employee_id"":""E0045"",""event_id"":""EV_003"",""date"":""2026-06-01"",""due_date"":""2026-07-01"",""status"":""overdue"",""completion_pct"":60,""score"":"""",""feedback_rating"":"""",""assigned_by"":""hr""}"
history,R002295,"{""record_id"":""R002295"",""employee_id"":""E0046"",""event_id"":""EV_003"",""date"":""2026-06-01"",""due_date"":""2026-07-01"",""status"":""completed"",""completion_pct"":100,""score"":""86"",""feedback_rating"":"""",""assigned_by"":""hr""}"
history,R002296,"{""record_id"":""R002296"",""employee_id"":""E0047"",""event_id"":""EV_003"",""date"":""2026-06-01"",""due_date"":""2026-07-01"",""status"":""completed"",""completion_pct"":100,""score"":""80"",""feedback_rating"":"""",""assigned_by"":""hr""}"
history,R002297,"{""record_id"":""R002297"",""employee_id"":""E0048"",""event_id"":""EV_003"",""date"":""2026-06-01"",""due_date"":""2026-07-01"",""status"":""completed"",""completion_pct"":100,""score"":""80"",""feedback_rating"":"""",""assigned_by"":""hr""}"
history,R002298,"{""record_id"":""R002298"",""employee_id"":""E0049"",""event_id"":""EV_003"",""date"":""2026-06-01"",""due_date"":""2026-07-01"",""status"":""overdue"",""completion_pct"":40,""score"":"""",""feedback_rating"":"""",""assigned_by"":""hr""}"
history,R002299,"{""record_id"":""R002299"",""employee_id"":""E0050"",""event_id"":""EV_003"",""date"":""2026-06-01"",""due_date"":""2026-07-01"",""status"":""overdue"",""completion_pct"":25,""score"":"""",""feedback_rating"":"""",""assigned_by"":""hr""}"
history,R002300,"{""record_id"":""R002300"",""employee_id"":""E0051"",""event_id"":""EV_003"",""date"":""2026-06-01"",""due_date"":""2026-07-01"",""status"":""completed"",""completion_pct"":100,""score"":""99"",""feedback_rating"":"""",""assigned_by"":""hr""}"
history,R002301,"{""record_id"":""R002301"",""employee_id"":""E0052"",""event_id"":""EV_003"",""date"":""2026-06-01"",""due_date"":""2026-07-01"",""status"":""completed"",""completion_pct"":100,""score"":""88"",""feedback_rating"":"""",""assigned_by"":""hr""}"
history,R002302,"{""record_id"":""R002302"",""employee_id"":""E0053"",""event_id"":""EV_003"",""date"":""2026-06-01"",""due_date"":""2026-07-01"",""status"":""completed"",""completion_pct"":100,""score"":""91"",""feedback_rating"":"""",""assigned_by"":""hr""}"
history,R002303,"{""record_id"":""R002303"",""employee_id"":""E0054"",""event_id"":""EV_003"",""date"":""2026-06-01"",""due_date"":""2026-07-01"",""status"":""completed"",""completion_pct"":100,""score"":""77"",""feedback_rating"":"""",""assigned_by"":""hr""}"
history,R002304,"{""record_id"":""R002304"",""employee_id"":""E0055"",""event_id"":""EV_003"",""date"":""2026-06-01"",""due_date"":""2026-07-01"",""status"":""completed"",""completion_pct"":100,""score"":""95"",""feedback_rating"":"""",""assigned_by"":""hr""}"
history,R002305,"{""record_id"":""R002305"",""employee_id"":""E0056"",""event_id"":""EV_003"",""date"":""2026-06-01"",""due_date"":""2026-07-01"",""status"":""completed"",""completion_pct"":100,""score"":""75"",""feedback_rating"":"""",""assigned_by"":""hr""}"
history,R002306,"{""record_id"":""R002306"",""employee_id"":""E0057"",""event_id"":""EV_003"",""date"":""2026-06-01"",""due_date"":""2026-07-01"",""status"":""overdue"",""completion_pct"":10,""score"":"""",""feedback_rating"":"""",""assigned_by"":""hr""}"
history,R002307,"{""record_id"":""R002307"",""employee_id"":""E0059"",""event_id"":""EV_003"",""date"":""2026-06-01"",""due_date"":""2026-07-01"",""status"":""overdue"",""completion_pct"":10,""score"":"""",""feedback_rating"":"""",""assigned_by"":""hr""}"
history,R002308,"{""record_id"":""R002308"",""employee_id"":""E0060"",""event_id"":""EV_003"",""date"":""2026-06-01"",""due_date"":""2026-07-01"",""status"":""completed"",""completion_pct"":100,""score"":""92"",""feedback_rating"":"""",""assigned_by"":""hr""}"
history,R002309,"{""record_id"":""R002309"",""employee_id"":""E0061"",""event_id"":""EV_003"",""date"":""2026-06-01"",""due_date"":""2026-07-01"",""status"":""completed"",""completion_pct"":100,""score"":""93"",""feedback_rating"":"""",""assigned_by"":""hr""}"
history,R002310,"{""record_id"":""R002310"",""employee_id"":""E0062"",""event_id"":""EV_003"",""date"":""2026-06-01"",""due_date"":""2026-07-01"",""status"":""overdue"",""completion_pct"":0,""score"":"""",""feedback_rating"":"""",""assigned_by"":""hr""}"
history,R002311,"{""record_id"":""R002311"",""employee_id"":""E0063"",""event_id"":""EV_003"",""date"":""2026-06-01"",""due_date"":""2026-07-01"",""status"":""completed"",""completion_pct"":100,""score"":""90"",""feedback_rating"":"""",""assigned_by"":""hr""}"
history,R002312,"{""record_id"":""R002312"",""employee_id"":""E0064"",""event_id"":""EV_003"",""date"":""2026-06-01"",""due_date"":""2026-07-01"",""status"":""completed"",""completion_pct"":100,""score"":""88"",""feedback_rating"":"""",""assigned_by"":""hr""}"
history,R002313,"{""record_id"":""R002313"",""employee_id"":""E0065"",""event_id"":""EV_003"",""date"":""2026-06-01"",""due_date"":""2026-07-01"",""status"":""completed"",""completion_pct"":100,""score"":""89"",""feedback_rating"":"""",""assigned_by"":""hr""}"
history,R002314,"{""record_id"":""R002314"",""employee_id"":""E0066"",""event_id"":""EV_003"",""date"":""2026-06-01"",""due_date"":""2026-07-01"",""status"":""completed"",""completion_pct"":100,""score"":""86"",""feedback_rating"":"""",""assigned_by"":""hr""}"
history,R002315,"{""record_id"":""R002315"",""employee_id"":""E0067"",""event_id"":""EV_003"",""date"":""2026-06-01"",""due_date"":""2026-07-01"",""status"":""overdue"",""completion_pct"":25,""score"":"""",""feedback_rating"":"""",""assigned_by"":""hr""}"
history,R002316,"{""record_id"":""R002316"",""employee_id"":""E0068"",""event_id"":""EV_003"",""date"":""2026-06-01"",""due_date"":""2026-07-01"",""status"":""overdue"",""completion_pct"":60,""score"":"""",""feedback_rating"":"""",""assigned_by"":""hr""}"
history,R002317,"{""record_id"":""R002317"",""employee_id"":""E0069"",""event_id"":""EV_003"",""date"":""2026-06-01"",""due_date"":""2026-07-01"",""status"":""completed"",""completion_pct"":100,""score"":""70"",""feedback_rating"":"""",""assigned_by"":""hr""}"
history,R002318,"{""record_id"":""R002318"",""employee_id"":""E0070"",""event_id"":""EV_003"",""date"":""2026-06-01"",""due_date"":""2026-07-01"",""status"":""completed"",""completion_pct"":100,""score"":""79"",""feedback_rating"":"""",""assigned_by"":""hr""}"
history,R002319,"{""record_id"":""R002319"",""employee_id"":""E0071"",""event_id"":""EV_003"",""date"":""2026-06-01"",""due_date"":""2026-07-01"",""status"":""overdue"",""completion_pct"":10,""score"":"""",""feedback_rating"":"""",""assigned_by"":""hr""}"
history,R002320,"{""record_id"":""R002320"",""employee_id"":""E0072"",""event_id"":""EV_003"",""date"":""2026-06-01"",""due_date"":""2026-07-01"",""status"":""completed"",""completion_pct"":100,""score"":""83"",""feedback_rating"":"""",""assigned_by"":""hr""}"
history,R002321,"{""record_id"":""R002321"",""employee_id"":""E0073"",""event_id"":""EV_003"",""date"":""2026-06-01"",""due_date"":""2026-07-01"",""status"":""completed"",""completion_pct"":100,""score"":""89"",""feedback_rating"":"""",""assigned_by"":""hr""}"
history,R002322,"{""record_id"":""R002322"",""employee_id"":""E0074"",""event_id"":""EV_003"",""date"":""2026-06-01"",""due_date"":""2026-07-01"",""status"":""overdue"",""completion_pct"":0,""score"":"""",""feedback_rating"":"""",""assigned_by"":""hr""}"
history,R002323,"{""record_id"":""R002323"",""employee_id"":""E0075"",""event_id"":""EV_003"",""date"":""2026-06-01"",""due_date"":""2026-07-01"",""status"":""overdue"",""completion_pct"":40,""score"":"""",""feedback_rating"":"""",""assigned_by"":""hr""}"
history,R002324,"{""record_id"":""R002324"",""employee_id"":""E0077"",""event_id"":""EV_003"",""date"":""2026-06-01"",""due_date"":""2026-07-01"",""status"":""completed"",""completion_pct"":100,""score"":""93"",""feedback_rating"":"""",""assigned_by"":""hr""}"
history,R002325,"{""record_id"":""R002325"",""employee_id"":""E0078"",""event_id"":""EV_003"",""date"":""2026-06-01"",""due_date"":""2026-07-01"",""status"":""completed"",""completion_pct"":100,""score"":""85"",""feedback_rating"":"""",""assigned_by"":""hr""}"
history,R002326,"{""record_id"":""R002326"",""employee_id"":""E0079"",""event_id"":""EV_003"",""date"":""2026-06-01"",""due_date"":""2026-07-01"",""status"":""overdue"",""completion_pct"":0,""score"":"""",""feedback_rating"":"""",""assigned_by"":""hr""}"
history,R002327,"{""record_id"":""R002327"",""employee_id"":""E0080"",""event_id"":""EV_003"",""date"":""2026-06-01"",""due_date"":""2026-07-01"",""status"":""completed"",""completion_pct"":100,""score"":""87"",""feedback_rating"":"""",""assigned_by"":""hr""}"
history,R002328,"{""record_id"":""R002328"",""employee_id"":""E0081"",""event_id"":""EV_003"",""date"":""2026-06-01"",""due_date"":""2026-07-01"",""status"":""completed"",""completion_pct"":100,""score"":""92"",""feedback_rating"":"""",""assigned_by"":""hr""}"
history,R002329,"{""record_id"":""R002329"",""employee_id"":""E0082"",""event_id"":""EV_003"",""date"":""2026-06-01"",""due_date"":""2026-07-01"",""status"":""completed"",""completion_pct"":100,""score"":""87"",""feedback_rating"":"""",""assigned_by"":""hr""}"
history,R002330,"{""record_id"":""R002330"",""employee_id"":""E0083"",""event_id"":""EV_003"",""date"":""2026-06-01"",""due_date"":""2026-07-01"",""status"":""completed"",""completion_pct"":100,""score"":""74"",""feedback_rating"":"""",""assigned_by"":""hr""}"
history,R002331,"{""record_id"":""R002331"",""employee_id"":""E0085"",""event_id"":""EV_003"",""date"":""2026-06-01"",""due_date"":""2026-07-01"",""status"":""completed"",""completion_pct"":100,""score"":""92"",""feedback_rating"":"""",""assigned_by"":""hr""}"
history,R002332,"{""record_id"":""R002332"",""employee_id"":""E0086"",""event_id"":""EV_003"",""date"":""2026-06-01"",""due_date"":""2026-07-01"",""status"":""completed"",""completion_pct"":100,""score"":""91"",""feedback_rating"":"""",""assigned_by"":""hr""}"
history,R002333,"{""record_id"":""R002333"",""employee_id"":""E0087"",""event_id"":""EV_003"",""date"":""2026-06-01"",""due_date"":""2026-07-01"",""status"":""completed"",""completion_pct"":100,""score"":""74"",""feedback_rating"":"""",""assigned_by"":""hr""}"
history,R002334,"{""record_id"":""R002334"",""employee_id"":""E0088"",""event_id"":""EV_003"",""date"":""2026-06-01"",""due_date"":""2026-07-01"",""status"":""completed"",""completion_pct"":100,""score"":""74"",""feedback_rating"":"""",""assigned_by"":""hr""}"
history,R002335,"{""record_id"":""R002335"",""employee_id"":""E0089"",""event_id"":""EV_003"",""date"":""2026-06-01"",""due_date"":""2026-07-01"",""status"":""completed"",""completion_pct"":100,""score"":""90"",""feedback_rating"":"""",""assigned_by"":""hr""}"
history,R002336,"{""record_id"":""R002336"",""employee_id"":""E0090"",""event_id"":""EV_003"",""date"":""2026-06-01"",""due_date"":""2026-07-01"",""status"":""completed"",""completion_pct"":100,""score"":""75"",""feedback_rating"":"""",""assigned_by"":""hr""}"
history,R002337,"{""record_id"":""R002337"",""employee_id"":""E0091"",""event_id"":""EV_003"",""date"":""2026-06-01"",""due_date"":""2026-07-01"",""status"":""completed"",""completion_pct"":100,""score"":""87"",""feedback_rating"":"""",""assigned_by"":""hr""}"
history,R002338,"{""record_id"":""R002338"",""employee_id"":""E0092"",""event_id"":""EV_003"",""date"":""2026-06-01"",""due_date"":""2026-07-01"",""status"":""completed"",""completion_pct"":100,""score"":""97"",""feedback_rating"":"""",""assigned_by"":""hr""}"
history,R002339,"{""record_id"":""R002339"",""employee_id"":""E0093"",""event_id"":""EV_003"",""date"":""2026-06-01"",""due_date"":""2026-07-01"",""status"":""completed"",""completion_pct"":100,""score"":""80"",""feedback_rating"":"""",""assigned_by"":""hr""}"
history,R002340,"{""record_id"":""R002340"",""employee_id"":""E0094"",""event_id"":""EV_003"",""date"":""2026-06-01"",""due_date"":""2026-07-01"",""status"":""completed"",""completion_pct"":100,""score"":""100"",""feedback_rating"":"""",""assigned_by"":""hr""}"
history,R002341,"{""record_id"":""R002341"",""employee_id"":""E0095"",""event_id"":""EV_003"",""date"":""2026-06-01"",""due_date"":""2026-07-01"",""status"":""completed"",""completion_pct"":100,""score"":""73"",""feedback_rating"":"""",""assigned_by"":""hr""}"
history,R002342,"{""record_id"":""R002342"",""employee_id"":""E0097"",""event_id"":""EV_003"",""date"":""2026-06-01"",""due_date"":""2026-07-01"",""status"":""completed"",""completion_pct"":100,""score"":""97"",""feedback_rating"":"""",""assigned_by"":""hr""}"
history,R002343,"{""record_id"":""R002343"",""employee_id"":""E0098"",""event_id"":""EV_003"",""date"":""2026-06-01"",""due_date"":""2026-07-01"",""status"":""completed"",""completion_pct"":100,""score"":""87"",""feedback_rating"":"""",""assigned_by"":""hr""}"
history,R002344,"{""record_id"":""R002344"",""employee_id"":""E0099"",""event_id"":""EV_003"",""date"":""2026-06-01"",""due_date"":""2026-07-01"",""status"":""overdue"",""completion_pct"":25,""score"":"""",""feedback_rating"":"""",""assigned_by"":""hr""}"
history,R002345,"{""record_id"":""R002345"",""employee_id"":""E0100"",""event_id"":""EV_003"",""date"":""2026-06-01"",""due_date"":""2026-07-01"",""status"":""completed"",""completion_pct"":100,""score"":""90"",""feedback_rating"":"""",""assigned_by"":""hr""}"
history,R002346,"{""record_id"":""R002346"",""employee_id"":""E0102"",""event_id"":""EV_003"",""date"":""2026-06-01"",""due_date"":""2026-07-01"",""status"":""completed"",""completion_pct"":100,""score"":""89"",""feedback_rating"":"""",""assigned_by"":""hr""}"
history,R002347,"{""record_id"":""R002347"",""employee_id"":""E0103"",""event_id"":""EV_003"",""date"":""2026-06-01"",""due_date"":""2026-07-01"",""status"":""completed"",""completion_pct"":100,""score"":""88"",""feedback_rating"":"""",""assigned_by"":""hr""}"
history,R002348,"{""record_id"":""R002348"",""employee_id"":""E0104"",""event_id"":""EV_003"",""date"":""2026-06-01"",""due_date"":""2026-07-01"",""status"":""completed"",""completion_pct"":100,""score"":""78"",""feedback_rating"":"""",""assigned_by"":""hr""}"
history,R002349,"{""record_id"":""R002349"",""employee_id"":""E0105"",""event_id"":""EV_003"",""date"":""2026-06-01"",""due_date"":""2026-07-01"",""status"":""completed"",""completion_pct"":100,""score"":""96"",""feedback_rating"":"""",""assigned_by"":""hr""}"
history,R002350,"{""record_id"":""R002350"",""employee_id"":""E0106"",""event_id"":""EV_003"",""date"":""2026-06-01"",""due_date"":""2026-07-01"",""status"":""completed"",""completion_pct"":100,""score"":""84"",""feedback_rating"":"""",""assigned_by"":""hr""}"
history,R002351,"{""record_id"":""R002351"",""employee_id"":""E0107"",""event_id"":""EV_003"",""date"":""2026-06-01"",""due_date"":""2026-07-01"",""status"":""completed"",""completion_pct"":100,""score"":""77"",""feedback_rating"":"""",""assigned_by"":""hr""}"
history,R002352,"{""record_id"":""R002352"",""employee_id"":""E0108"",""event_id"":""EV_003"",""date"":""2026-06-01"",""due_date"":""2026-07-01"",""status"":""completed"",""completion_pct"":100,""score"":""70"",""feedback_rating"":"""",""assigned_by"":""hr""}"
history,R002353,"{""record_id"":""R002353"",""employee_id"":""E0109"",""event_id"":""EV_003"",""date"":""2026-06-01"",""due_date"":""2026-07-01"",""status"":""completed"",""completion_pct"":100,""score"":""80"",""feedback_rating"":"""",""assigned_by"":""hr""}"
history,R002354,"{""record_id"":""R002354"",""employee_id"":""E0111"",""event_id"":""EV_003"",""date"":""2026-06-01"",""due_date"":""2026-07-01"",""status"":""completed"",""completion_pct"":100,""score"":""91"",""feedback_rating"":"""",""assigned_by"":""hr""}"
history,R002355,"{""record_id"":""R002355"",""employee_id"":""E0112"",""event_id"":""EV_003"",""date"":""2026-06-01"",""due_date"":""2026-07-01"",""status"":""completed"",""completion_pct"":100,""score"":""96"",""feedback_rating"":"""",""assigned_by"":""hr""}"
history,R002356,"{""record_id"":""R002356"",""employee_id"":""E0113"",""event_id"":""EV_003"",""date"":""2026-06-01"",""due_date"":""2026-07-01"",""status"":""completed"",""completion_pct"":100,""score"":""77"",""feedback_rating"":"""",""assigned_by"":""hr""}"
history,R002357,"{""record_id"":""R002357"",""employee_id"":""E0114"",""event_id"":""EV_003"",""date"":""2026-06-01"",""due_date"":""2026-07-01"",""status"":""overdue"",""completion_pct"":60,""score"":"""",""feedback_rating"":"""",""assigned_by"":""hr""}"
history,R002358,"{""record_id"":""R002358"",""employee_id"":""E0114"",""event_id"":""EV_035"",""date"":""2026-06-01"",""due_date"":"""",""status"":""completed"",""completion_pct"":100,""score"":""96"",""feedback_rating"":""3"",""assigned_by"":""hr""}"
history,R002359,"{""record_id"":""R002359"",""employee_id"":""E0115"",""event_id"":""EV_003"",""date"":""2026-06-01"",""due_date"":""2026-07-01"",""status"":""completed"",""completion_pct"":100,""score"":""90"",""feedback_rating"":"""",""assigned_by"":""hr""}"
history,R002360,"{""record_id"":""R002360"",""employee_id"":""E0116"",""event_id"":""EV_003"",""date"":""2026-06-01"",""due_date"":""2026-07-01"",""status"":""completed"",""completion_pct"":100,""score"":""92"",""feedback_rating"":"""",""assigned_by"":""hr""}"
history,R002361,"{""record_id"":""R002361"",""employee_id"":""E0118"",""event_id"":""EV_003"",""date"":""2026-06-01"",""due_date"":""2026-07-01"",""status"":""completed"",""completion_pct"":100,""score"":""75"",""feedback_rating"":"""",""assigned_by"":""hr""}"
history,R002362,"{""record_id"":""R002362"",""employee_id"":""E0120"",""event_id"":""EV_003"",""date"":""2026-06-01"",""due_date"":""2026-07-01"",""status"":""completed"",""completion_pct"":100,""score"":""96"",""feedback_rating"":"""",""assigned_by"":""hr""}"
history,R002363,"{""record_id"":""R002363"",""employee_id"":""E0121"",""event_id"":""EV_003"",""date"":""2026-06-01"",""due_date"":""2026-07-01"",""status"":""completed"",""completion_pct"":100,""score"":""100"",""feedback_rating"":"""",""assigned_by"":""hr""}"
history,R002364,"{""record_id"":""R002364"",""employee_id"":""E0122"",""event_id"":""EV_003"",""date"":""2026-06-01"",""due_date"":""2026-07-01"",""status"":""completed"",""completion_pct"":100,""score"":""74"",""feedback_rating"":"""",""assigned_by"":""hr""}"
history,R002365,"{""record_id"":""R002365"",""employee_id"":""E0123"",""event_id"":""EV_003"",""date"":""2026-06-01"",""due_date"":""2026-07-01"",""status"":""completed"",""completion_pct"":100,""score"":""85"",""feedback_rating"":"""",""assigned_by"":""hr""}"
history,R002366,"{""record_id"":""R002366"",""employee_id"":""E0124"",""event_id"":""EV_003"",""date"":""2026-06-01"",""due_date"":""2026-07-01"",""status"":""completed"",""completion_pct"":100,""score"":""89"",""feedback_rating"":"""",""assigned_by"":""hr""}"
history,R002367,"{""record_id"":""R002367"",""employee_id"":""E0125"",""event_id"":""EV_003"",""date"":""2026-06-01"",""due_date"":""2026-07-01"",""status"":""completed"",""completion_pct"":100,""score"":""86"",""feedback_rating"":"""",""assigned_by"":""hr""}"
history,R002368,"{""record_id"":""R002368"",""employee_id"":""E0127"",""event_id"":""EV_003"",""date"":""2026-06-01"",""due_date"":""2026-07-01"",""status"":""completed"",""completion_pct"":100,""score"":""92"",""feedback_rating"":"""",""assigned_by"":""hr""}"
history,R002369,"{""record_id"":""R002369"",""employee_id"":""E0128"",""event_id"":""EV_003"",""date"":""2026-06-01"",""due_date"":""2026-07-01"",""status"":""completed"",""completion_pct"":100,""score"":""77"",""feedback_rating"":"""",""assigned_by"":""hr""}"
history,R002370,"{""record_id"":""R002370"",""employee_id"":""E0129"",""event_id"":""EV_003"",""date"":""2026-06-01"",""due_date"":""2026-07-01"",""status"":""completed"",""completion_pct"":100,""score"":""75"",""feedback_rating"":"""",""assigned_by"":""hr""}"
history,R002371,"{""record_id"":""R002371"",""employee_id"":""E0130"",""event_id"":""EV_003"",""date"":""2026-06-01"",""due_date"":""2026-07-01"",""status"":""completed"",""completion_pct"":100,""score"":""87"",""feedback_rating"":"""",""assigned_by"":""hr""}"
history,R002372,"{""record_id"":""R002372"",""employee_id"":""E0131"",""event_id"":""EV_003"",""date"":""2026-06-01"",""due_date"":""2026-07-01"",""status"":""completed"",""completion_pct"":100,""score"":""95"",""feedback_rating"":"""",""assigned_by"":""hr""}"
history,R002373,"{""record_id"":""R002373"",""employee_id"":""E0132"",""event_id"":""EV_003"",""date"":""2026-06-01"",""due_date"":""2026-07-01"",""status"":""completed"",""completion_pct"":100,""score"":""95"",""feedback_rating"":"""",""assigned_by"":""hr""}"
history,R002374,"{""record_id"":""R002374"",""employee_id"":""E0133"",""event_id"":""EV_003"",""date"":""2026-06-01"",""due_date"":""2026-07-01"",""status"":""completed"",""completion_pct"":100,""score"":""90"",""feedback_rating"":"""",""assigned_by"":""hr""}"
history,R002375,"{""record_id"":""R002375"",""employee_id"":""E0134"",""event_id"":""EV_003"",""date"":""2026-06-01"",""due_date"":""2026-07-01"",""status"":""completed"",""completion_pct"":100,""score"":""72"",""feedback_rating"":"""",""assigned_by"":""hr""}"
history,R002376,"{""record_id"":""R002376"",""employee_id"":""E0136"",""event_id"":""EV_003"",""date"":""2026-06-01"",""due_date"":""2026-07-01"",""status"":""completed"",""completion_pct"":100,""score"":""95"",""feedback_rating"":"""",""assigned_by"":""hr""}"
history,R002377,"{""record_id"":""R002377"",""employee_id"":""E0137"",""event_id"":""EV_003"",""date"":""2026-06-01"",""due_date"":""2026-07-01"",""status"":""completed"",""completion_pct"":100,""score"":""89"",""feedback_rating"":"""",""assigned_by"":""hr""}"
history,R002378,"{""record_id"":""R002378"",""employee_id"":""E0138"",""event_id"":""EV_003"",""date"":""2026-06-01"",""due_date"":""2026-07-01"",""status"":""completed"",""completion_pct"":100,""score"":""73"",""feedback_rating"":"""",""assigned_by"":""hr""}"
history,R002379,"{""record_id"":""R002379"",""employee_id"":""E0139"",""event_id"":""EV_003"",""date"":""2026-06-01"",""due_date"":""2026-07-01"",""status"":""completed"",""completion_pct"":100,""score"":""93"",""feedback_rating"":"""",""assigned_by"":""hr""}"
history,R002380,"{""record_id"":""R002380"",""employee_id"":""E0140"",""event_id"":""EV_003"",""date"":""2026-06-01"",""due_date"":""2026-07-01"",""status"":""completed"",""completion_pct"":100,""score"":""89"",""feedback_rating"":"""",""assigned_by"":""hr""}"
history,R002381,"{""record_id"":""R002381"",""employee_id"":""E0141"",""event_id"":""EV_003"",""date"":""2026-06-01"",""due_date"":""2026-07-01"",""status"":""completed"",""completion_pct"":100,""score"":""76"",""feedback_rating"":"""",""assigned_by"":""hr""}"
history,R002382,"{""record_id"":""R002382"",""employee_id"":""E0142"",""event_id"":""EV_003"",""date"":""2026-06-01"",""due_date"":""2026-07-01"",""status"":""overdue"",""completion_pct"":25,""score"":"""",""feedback_rating"":"""",""assigned_by"":""hr""}"
history,R002383,"{""record_id"":""R002383"",""employee_id"":""E0143"",""event_id"":""EV_003"",""date"":""2026-06-01"",""due_date"":""2026-07-01"",""status"":""completed"",""completion_pct"":100,""score"":""78"",""feedback_rating"":"""",""assigned_by"":""hr""}"
history,R002384,"{""record_id"":""R002384"",""employee_id"":""E0144"",""event_id"":""EV_003"",""date"":""2026-06-01"",""due_date"":""2026-07-01"",""status"":""completed"",""completion_pct"":100,""score"":""91"",""feedback_rating"":"""",""assigned_by"":""hr""}"
history,R002385,"{""record_id"":""R002385"",""employee_id"":""E0145"",""event_id"":""EV_003"",""date"":""2026-06-01"",""due_date"":""2026-07-01"",""status"":""completed"",""completion_pct"":100,""score"":""84"",""feedback_rating"":"""",""assigned_by"":""hr""}"
history,R002386,"{""record_id"":""R002386"",""employee_id"":""E0147"",""event_id"":""EV_003"",""date"":""2026-06-01"",""due_date"":""2026-07-01"",""status"":""completed"",""completion_pct"":100,""score"":""78"",""feedback_rating"":"""",""assigned_by"":""hr""}"
history,R002387,"{""record_id"":""R002387"",""employee_id"":""E0148"",""event_id"":""EV_003"",""date"":""2026-06-01"",""due_date"":""2026-07-01"",""status"":""completed"",""completion_pct"":100,""score"":""100"",""feedback_rating"":"""",""assigned_by"":""hr""}"
history,R002388,"{""record_id"":""R002388"",""employee_id"":""E0149"",""event_id"":""EV_003"",""date"":""2026-06-01"",""due_date"":""2026-07-01"",""status"":""overdue"",""completion_pct"":0,""score"":"""",""feedback_rating"":"""",""assigned_by"":""hr""}"
history,R002389,"{""record_id"":""R002389"",""employee_id"":""E0150"",""event_id"":""EV_003"",""date"":""2026-06-01"",""due_date"":""2026-07-01"",""status"":""completed"",""completion_pct"":100,""score"":""96"",""feedback_rating"":"""",""assigned_by"":""hr""}"
history,R002390,"{""record_id"":""R002390"",""employee_id"":""E0151"",""event_id"":""EV_003"",""date"":""2026-06-01"",""due_date"":""2026-07-01"",""status"":""completed"",""completion_pct"":100,""score"":""72"",""feedback_rating"":"""",""assigned_by"":""hr""}"
history,R002391,"{""record_id"":""R002391"",""employee_id"":""E0152"",""event_id"":""EV_003"",""date"":""2026-06-01"",""due_date"":""2026-07-01"",""status"":""completed"",""completion_pct"":100,""score"":""81"",""feedback_rating"":"""",""assigned_by"":""hr""}"
history,R002392,"{""record_id"":""R002392"",""employee_id"":""E0153"",""event_id"":""EV_003"",""date"":""2026-06-01"",""due_date"":""2026-07-01"",""status"":""completed"",""completion_pct"":100,""score"":""100"",""feedback_rating"":"""",""assigned_by"":""hr""}"
history,R002393,"{""record_id"":""R002393"",""employee_id"":""E0154"",""event_id"":""EV_003"",""date"":""2026-06-01"",""due_date"":""2026-07-01"",""status"":""completed"",""completion_pct"":100,""score"":""73"",""feedback_rating"":"""",""assigned_by"":""hr""}"
history,R002394,"{""record_id"":""R002394"",""employee_id"":""E0155"",""event_id"":""EV_003"",""date"":""2026-06-01"",""due_date"":""2026-07-01"",""status"":""completed"",""completion_pct"":100,""score"":""98"",""feedback_rating"":"""",""assigned_by"":""hr""}"
history,R002395,"{""record_id"":""R002395"",""employee_id"":""E0156"",""event_id"":""EV_003"",""date"":""2026-06-01"",""due_date"":""2026-07-01"",""status"":""completed"",""completion_pct"":100,""score"":""80"",""feedback_rating"":"""",""assigned_by"":""hr""}"
history,R002396,"{""record_id"":""R002396"",""employee_id"":""E0157"",""event_id"":""EV_003"",""date"":""2026-06-01"",""due_date"":""2026-07-01"",""status"":""completed"",""completion_pct"":100,""score"":""78"",""feedback_rating"":"""",""assigned_by"":""hr""}"
history,R002397,"{""record_id"":""R002397"",""employee_id"":""E0158"",""event_id"":""EV_003"",""date"":""2026-06-01"",""due_date"":""2026-07-01"",""status"":""completed"",""completion_pct"":100,""score"":""86"",""feedback_rating"":"""",""assigned_by"":""hr""}"
history,R002398,"{""record_id"":""R002398"",""employee_id"":""E0160"",""event_id"":""EV_003"",""date"":""2026-06-01"",""due_date"":""2026-07-01"",""status"":""completed"",""completion_pct"":100,""score"":""95"",""feedback_rating"":"""",""assigned_by"":""hr""}"
history,R002399,"{""record_id"":""R002399"",""employee_id"":""E0161"",""event_id"":""EV_003"",""date"":""2026-06-01"",""due_date"":""2026-07-01"",""status"":""completed"",""completion_pct"":100,""score"":""96"",""feedback_rating"":"""",""assigned_by"":""hr""}"
history,R002400,"{""record_id"":""R002400"",""employee_id"":""E0162"",""event_id"":""EV_003"",""date"":""2026-06-01"",""due_date"":""2026-07-01"",""status"":""completed"",""completion_pct"":100,""score"":""98"",""feedback_rating"":"""",""assigned_by"":""hr""}"
history,R002401,"{""record_id"":""R002401"",""employee_id"":""E0163"",""event_id"":""EV_003"",""date"":""2026-06-01"",""due_date"":""2026-07-01"",""status"":""completed"",""completion_pct"":100,""score"":""89"",""feedback_rating"":"""",""assigned_by"":""hr""}"
history,R002402,"{""record_id"":""R002402"",""employee_id"":""E0164"",""event_id"":""EV_003"",""date"":""2026-06-01"",""due_date"":""2026-07-01"",""status"":""completed"",""completion_pct"":100,""score"":""70"",""feedback_rating"":"""",""assigned_by"":""hr""}"
history,R002403,"{""record_id"":""R002403"",""employee_id"":""E0165"",""event_id"":""EV_003"",""date"":""2026-06-01"",""due_date"":""2026-07-01"",""status"":""completed"",""completion_pct"":100,""score"":""89"",""feedback_rating"":"""",""assigned_by"":""hr""}"
history,R002404,"{""record_id"":""R002404"",""employee_id"":""E0166"",""event_id"":""EV_003"",""date"":""2026-06-01"",""due_date"":""2026-07-01"",""status"":""completed"",""completion_pct"":100,""score"":""77"",""feedback_rating"":"""",""assigned_by"":""hr""}"
history,R002405,"{""record_id"":""R002405"",""employee_id"":""E0167"",""event_id"":""EV_003"",""date"":""2026-06-01"",""due_date"":""2026-07-01"",""status"":""completed"",""completion_pct"":100,""score"":""73"",""feedback_rating"":"""",""assigned_by"":""hr""}"
history,R002406,"{""record_id"":""R002406"",""employee_id"":""E0168"",""event_id"":""EV_003"",""date"":""2026-06-01"",""due_date"":""2026-07-01"",""status"":""completed"",""completion_pct"":100,""score"":""97"",""feedback_rating"":"""",""assigned_by"":""hr""}"
history,R002407,"{""record_id"":""R002407"",""employee_id"":""E0169"",""event_id"":""EV_003"",""date"":""2026-06-01"",""due_date"":""2026-07-01"",""status"":""completed"",""completion_pct"":100,""score"":""97"",""feedback_rating"":"""",""assigned_by"":""hr""}"
history,R002408,"{""record_id"":""R002408"",""employee_id"":""E0170"",""event_id"":""EV_003"",""date"":""2026-06-01"",""due_date"":""2026-07-01"",""status"":""overdue"",""completion_pct"":0,""score"":"""",""feedback_rating"":"""",""assigned_by"":""hr""}"
history,R002409,"{""record_id"":""R002409"",""employee_id"":""E0171"",""event_id"":""EV_003"",""date"":""2026-06-01"",""due_date"":""2026-07-01"",""status"":""completed"",""completion_pct"":100,""score"":""77"",""feedback_rating"":"""",""assigned_by"":""hr""}"
history,R002410,"{""record_id"":""R002410"",""employee_id"":""E0172"",""event_id"":""EV_003"",""date"":""2026-06-01"",""due_date"":""2026-07-01"",""status"":""completed"",""completion_pct"":100,""score"":""85"",""feedback_rating"":"""",""assigned_by"":""hr""}"
history,R002411,"{""record_id"":""R002411"",""employee_id"":""E0173"",""event_id"":""EV_003"",""date"":""2026-06-01"",""due_date"":""2026-07-01"",""status"":""completed"",""completion_pct"":100,""score"":""81"",""feedback_rating"":"""",""assigned_by"":""hr""}"
history,R002412,"{""record_id"":""R002412"",""employee_id"":""E0175"",""event_id"":""EV_003"",""date"":""2026-06-01"",""due_date"":""2026-07-01"",""status"":""completed"",""completion_pct"":100,""score"":""78"",""feedback_rating"":"""",""assigned_by"":""hr""}"
history,R002413,"{""record_id"":""R002413"",""employee_id"":""E0176"",""event_id"":""EV_003"",""date"":""2026-06-01"",""due_date"":""2026-07-01"",""status"":""completed"",""completion_pct"":100,""score"":""83"",""feedback_rating"":"""",""assigned_by"":""hr""}"
history,R002414,"{""record_id"":""R002414"",""employee_id"":""E0177"",""event_id"":""EV_003"",""date"":""2026-06-01"",""due_date"":""2026-07-01"",""status"":""completed"",""completion_pct"":100,""score"":""88"",""feedback_rating"":"""",""assigned_by"":""hr""}"
history,R002415,"{""record_id"":""R002415"",""employee_id"":""E0178"",""event_id"":""EV_003"",""date"":""2026-06-01"",""due_date"":""2026-07-01"",""status"":""completed"",""completion_pct"":100,""score"":""98"",""feedback_rating"":"""",""assigned_by"":""hr""}"
history,R002416,"{""record_id"":""R002416"",""employee_id"":""E0179"",""event_id"":""EV_003"",""date"":""2026-06-01"",""due_date"":""2026-07-01"",""status"":""completed"",""completion_pct"":100,""score"":""76"",""feedback_rating"":"""",""assigned_by"":""hr""}"
history,R002417,"{""record_id"":""R002417"",""employee_id"":""E0180"",""event_id"":""EV_003"",""date"":""2026-06-01"",""due_date"":""2026-07-01"",""status"":""completed"",""completion_pct"":100,""score"":""70"",""feedback_rating"":"""",""assigned_by"":""hr""}"
history,R002418,"{""record_id"":""R002418"",""employee_id"":""E0181"",""event_id"":""EV_003"",""date"":""2026-06-01"",""due_date"":""2026-07-01"",""status"":""completed"",""completion_pct"":100,""score"":""82"",""feedback_rating"":"""",""assigned_by"":""hr""}"
history,R002419,"{""record_id"":""R002419"",""employee_id"":""E0182"",""event_id"":""EV_003"",""date"":""2026-06-01"",""due_date"":""2026-07-01"",""status"":""completed"",""completion_pct"":100,""score"":""70"",""feedback_rating"":"""",""assigned_by"":""hr""}"
history,R002420,"{""record_id"":""R002420"",""employee_id"":""E0183"",""event_id"":""EV_003"",""date"":""2026-06-01"",""due_date"":""2026-07-01"",""status"":""completed"",""completion_pct"":100,""score"":""87"",""feedback_rating"":"""",""assigned_by"":""hr""}"
history,R002421,"{""record_id"":""R002421"",""employee_id"":""E0184"",""event_id"":""EV_003"",""date"":""2026-06-01"",""due_date"":""2026-07-01"",""status"":""completed"",""completion_pct"":100,""score"":""86"",""feedback_rating"":"""",""assigned_by"":""hr""}"
history,R002422,"{""record_id"":""R002422"",""employee_id"":""E0185"",""event_id"":""EV_003"",""date"":""2026-06-01"",""due_date"":""2026-07-01"",""status"":""completed"",""completion_pct"":100,""score"":""100"",""feedback_rating"":"""",""assigned_by"":""hr""}"
history,R002423,"{""record_id"":""R002423"",""employee_id"":""E0186"",""event_id"":""EV_003"",""date"":""2026-06-01"",""due_date"":""2026-07-01"",""status"":""completed"",""completion_pct"":100,""score"":""84"",""feedback_rating"":"""",""assigned_by"":""hr""}"
history,R002424,"{""record_id"":""R002424"",""employee_id"":""E0187"",""event_id"":""EV_003"",""date"":""2026-06-01"",""due_date"":""2026-07-01"",""status"":""completed"",""completion_pct"":100,""score"":""74"",""feedback_rating"":"""",""assigned_by"":""hr""}"
history,R002425,"{""record_id"":""R002425"",""employee_id"":""E0188"",""event_id"":""EV_003"",""date"":""2026-06-01"",""due_date"":""2026-07-01"",""status"":""completed"",""completion_pct"":100,""score"":""86"",""feedback_rating"":"""",""assigned_by"":""hr""}"
history,R002426,"{""record_id"":""R002426"",""employee_id"":""E0188"",""event_id"":""EV_036"",""date"":""2026-06-01"",""due_date"":"""",""status"":""completed"",""completion_pct"":100,""score"":"""",""feedback_rating"":"""",""assigned_by"":""self""}"
history,R002427,"{""record_id"":""R002427"",""employee_id"":""E0189"",""event_id"":""EV_003"",""date"":""2026-06-01"",""due_date"":""2026-07-01"",""status"":""completed"",""completion_pct"":100,""score"":""88"",""feedback_rating"":"""",""assigned_by"":""hr""}"
history,R002428,"{""record_id"":""R002428"",""employee_id"":""E0190"",""event_id"":""EV_003"",""date"":""2026-06-01"",""due_date"":""2026-07-01"",""status"":""completed"",""completion_pct"":100,""score"":""85"",""feedback_rating"":"""",""assigned_by"":""hr""}"
history,R002429,"{""record_id"":""R002429"",""employee_id"":""E0191"",""event_id"":""EV_003"",""date"":""2026-06-01"",""due_date"":""2026-07-01"",""status"":""overdue"",""completion_pct"":0,""score"":"""",""feedback_rating"":"""",""assigned_by"":""hr""}"
history,R002430,"{""record_id"":""R002430"",""employee_id"":""E0192"",""event_id"":""EV_003"",""date"":""2026-06-01"",""due_date"":""2026-07-01"",""status"":""completed"",""completion_pct"":100,""score"":""76"",""feedback_rating"":"""",""assigned_by"":""hr""}"
history,R002431,"{""record_id"":""R002431"",""employee_id"":""E0193"",""event_id"":""EV_003"",""date"":""2026-06-01"",""due_date"":""2026-07-01"",""status"":""completed"",""completion_pct"":100,""score"":""88"",""feedback_rating"":"""",""assigned_by"":""hr""}"
history,R002432,"{""record_id"":""R002432"",""employee_id"":""E0193"",""event_id"":""EV_020"",""date"":""2026-06-01"",""due_date"":"""",""status"":""completed"",""completion_pct"":100,""score"":""71"",""feedback_rating"":"""",""assigned_by"":""self""}"
history,R002433,"{""record_id"":""R002433"",""employee_id"":""E0194"",""event_id"":""EV_003"",""date"":""2026-06-01"",""due_date"":""2026-07-01"",""status"":""completed"",""completion_pct"":100,""score"":""73"",""feedback_rating"":"""",""assigned_by"":""hr""}"
history,R002434,"{""record_id"":""R002434"",""employee_id"":""E0195"",""event_id"":""EV_003"",""date"":""2026-06-01"",""due_date"":""2026-07-01"",""status"":""completed"",""completion_pct"":100,""score"":""87"",""feedback_rating"":"""",""assigned_by"":""hr""}"
history,R002435,"{""record_id"":""R002435"",""employee_id"":""E0196"",""event_id"":""EV_003"",""date"":""2026-06-01"",""due_date"":""2026-07-01"",""status"":""completed"",""completion_pct"":100,""score"":""86"",""feedback_rating"":"""",""assigned_by"":""hr""}"
history,R002436,"{""record_id"":""R002436"",""employee_id"":""E0197"",""event_id"":""EV_003"",""date"":""2026-06-01"",""due_date"":""2026-07-01"",""status"":""completed"",""completion_pct"":100,""score"":""78"",""feedback_rating"":"""",""assigned_by"":""hr""}"
history,R002437,"{""record_id"":""R002437"",""employee_id"":""E0198"",""event_id"":""EV_003"",""date"":""2026-06-01"",""due_date"":""2026-07-01"",""status"":""completed"",""completion_pct"":100,""score"":""75"",""feedback_rating"":"""",""assigned_by"":""hr""}"
history,R002438,"{""record_id"":""R002438"",""employee_id"":""E0199"",""event_id"":""EV_003"",""date"":""2026-06-01"",""due_date"":""2026-07-01"",""status"":""completed"",""completion_pct"":100,""score"":""95"",""feedback_rating"":"""",""assigned_by"":""hr""}"
history,R002439,"{""record_id"":""R002439"",""employee_id"":""E0200"",""event_id"":""EV_003"",""date"":""2026-06-01"",""due_date"":""2026-07-01"",""status"":""completed"",""completion_pct"":100,""score"":""98"",""feedback_rating"":"""",""assigned_by"":""hr""}"
history,R002440,"{""record_id"":""R002440"",""employee_id"":""E0022"",""event_id"":""EV_020"",""date"":""2026-06-02"",""due_date"":"""",""status"":""completed"",""completion_pct"":100,""score"":""84"",""feedback_rating"":"""",""assigned_by"":""self""}"
history,R002441,"{""record_id"":""R002441"",""employee_id"":""E0055"",""event_id"":""EV_036"",""date"":""2026-06-02"",""due_date"":"""",""status"":""completed"",""completion_pct"":100,""score"":"""",""feedback_rating"":"""",""assigned_by"":""manager""}"
history,R002442,"{""record_id"":""R002442"",""employee_id"":""E0088"",""event_id"":""EV_036"",""date"":""2026-06-02"",""due_date"":"""",""status"":""no_show"",""completion_pct"":0,""score"":"""",""feedback_rating"":"""",""assigned_by"":""manager""}"
history,R002443,"{""record_id"":""R002443"",""employee_id"":""E0105"",""event_id"":""EV_029"",""date"":""2026-06-02"",""due_date"":"""",""status"":""dropped"",""completion_pct"":75,""score"":"""",""feedback_rating"":"""",""assigned_by"":""hr""}"
history,R002444,"{""record_id"":""R002444"",""employee_id"":""E0130"",""event_id"":""EV_008"",""date"":""2026-06-02"",""due_date"":"""",""status"":""completed"",""completion_pct"":100,""score"":"""",""feedback_rating"":""4"",""assigned_by"":""manager""}"
history,R002445,"{""record_id"":""R002445"",""employee_id"":""E0135"",""event_id"":""EV_004"",""date"":""2026-06-03"",""due_date"":""2026-06-13"",""status"":""completed"",""completion_pct"":100,""score"":"""",""feedback_rating"":""5"",""assigned_by"":""hr""}"
history,R002446,"{""record_id"":""R002446"",""employee_id"":""E0195"",""event_id"":""EV_022"",""date"":""2026-06-03"",""due_date"":"""",""status"":""no_show"",""completion_pct"":0,""score"":"""",""feedback_rating"":"""",""assigned_by"":""self""}"
history,R002447,"{""record_id"":""R002447"",""employee_id"":""E0034"",""event_id"":""EV_022"",""date"":""2026-06-04"",""due_date"":"""",""status"":""dropped"",""completion_pct"":75,""score"":"""",""feedback_rating"":""1"",""assigned_by"":""self""}"
history,R002448,"{""record_id"":""R002448"",""employee_id"":""E0038"",""event_id"":""EV_036"",""date"":""2026-06-04"",""due_date"":"""",""status"":""completed"",""completion_pct"":100,""score"":"""",""feedback_rating"":""5"",""assigned_by"":""self""}"
history,R002449,"{""record_id"":""R002449"",""employee_id"":""E0191"",""event_id"":""EV_033"",""date"":""2026-06-04"",""due_date"":"""",""status"":""completed"",""completion_pct"":100,""score"":""83"",""feedback_rating"":""3"",""assigned_by"":""self""}"
history,R002450,"{""record_id"":""R002450"",""employee_id"":""E0058"",""event_id"":""EV_036"",""date"":""2026-06-05"",""due_date"":"""",""status"":""completed"",""completion_pct"":100,""score"":"""",""feedback_rating"":""4"",""assigned_by"":""manager""}"
history,R002451,"{""record_id"":""R002451"",""employee_id"":""E0064"",""event_id"":""EV_037"",""date"":""2026-06-05"",""due_date"":"""",""status"":""declined"",""completion_pct"":0,""score"":"""",""feedback_rating"":"""",""assigned_by"":""manager""}"
history,R002452,"{""record_id"":""R002452"",""employee_id"":""E0079"",""event_id"":""EV_036"",""date"":""2026-06-05"",""due_date"":"""",""status"":""completed"",""completion_pct"":100,""score"":"""",""feedback_rating"":""5"",""assigned_by"":""manager""}"
history,R002453,"{""record_id"":""R002453"",""employee_id"":""E0089"",""event_id"":""EV_036"",""date"":""2026-06-05"",""due_date"":"""",""status"":""completed"",""completion_pct"":100,""score"":"""",""feedback_rating"":""5"",""assigned_by"":""self""}"
history,R002454,"{""record_id"":""R002454"",""employee_id"":""E0029"",""event_id"":""EV_037"",""date"":""2026-06-08"",""due_date"":"""",""status"":""completed"",""completion_pct"":100,""score"":"""",""feedback_rating"":""2"",""assigned_by"":""self""}"
history,R002455,"{""record_id"":""R002455"",""employee_id"":""E0079"",""event_id"":""EV_036"",""date"":""2026-06-08"",""due_date"":"""",""status"":""completed"",""completion_pct"":100,""score"":"""",""feedback_rating"":""5"",""assigned_by"":""manager""}"
history,R002456,"{""record_id"":""R002456"",""employee_id"":""E0120"",""event_id"":""EV_037"",""date"":""2026-06-08"",""due_date"":"""",""status"":""completed"",""completion_pct"":100,""score"":"""",""feedback_rating"":""3"",""assigned_by"":""self""}"
history,R002457,"{""record_id"":""R002457"",""employee_id"":""E0009"",""event_id"":""EV_036"",""date"":""2026-06-09"",""due_date"":"""",""status"":""no_show"",""completion_pct"":0,""score"":"""",""feedback_rating"":"""",""assigned_by"":""hr""}"
history,R002458,"{""record_id"":""R002458"",""employee_id"":""E0105"",""event_id"":""EV_029"",""date"":""2026-06-09"",""due_date"":"""",""status"":""completed"",""completion_pct"":100,""score"":""97"",""feedback_rating"":""5"",""assigned_by"":""self""}"
history,R002459,"{""record_id"":""R002459"",""employee_id"":""E0107"",""event_id"":""EV_036"",""date"":""2026-06-09"",""due_date"":"""",""status"":""completed"",""completion_pct"":100,""score"":"""",""feedback_rating"":""3"",""assigned_by"":""manager""}"
history,R002460,"{""record_id"":""R002460"",""employee_id"":""E0132"",""event_id"":""EV_025"",""date"":""2026-06-09"",""due_date"":"""",""status"":""completed"",""completion_pct"":100,""score"":""91"",""feedback_rating"":"""",""assigned_by"":""self""}"
history,R002461,"{""record_id"":""R002461"",""employee_id"":""E0146"",""event_id"":""EV_023"",""date"":""2026-06-09"",""due_date"":"""",""status"":""completed"",""completion_pct"":100,""score"":"""",""feedback_rating"":""5"",""assigned_by"":""manager""}"
history,R002462,"{""record_id"":""R002462"",""employee_id"":""E0168"",""event_id"":""EV_035"",""date"":""2026-06-09"",""due_date"":"""",""status"":""dropped"",""completion_pct"":80,""score"":"""",""feedback_rating"":"""",""assigned_by"":""manager""}"
history,R002463,"{""record_id"":""R002463"",""employee_id"":""E0029"",""event_id"":""EV_036"",""date"":""2026-06-10"",""due_date"":"""",""status"":""no_show"",""completion_pct"":0,""score"":"""",""feedback_rating"":"""",""assigned_by"":""self""}"
history,R002464,"{""record_id"":""R002464"",""employee_id"":""E0051"",""event_id"":""EV_037"",""date"":""2026-06-10"",""due_date"":"""",""status"":""completed"",""completion_pct"":100,""score"":"""",""feedback_rating"":""5"",""assigned_by"":""self""}"
history,R002465,"{""record_id"":""R002465"",""employee_id"":""E0065"",""event_id"":""EV_005"",""date"":""2026-06-10"",""due_date"":"""",""status"":""completed"",""completion_pct"":100,""score"":""90"",""feedback_rating"":""3"",""assigned_by"":""self""}"
history,R002466,"{""record_id"":""R002466"",""employee_id"":""E0147"",""event_id"":""EV_009"",""date"":""2026-06-10"",""due_date"":"""",""status"":""completed"",""completion_pct"":100,""score"":""68"",""feedback_rating"":""4"",""assigned_by"":""self""}"
history,R002467,"{""record_id"":""R002467"",""employee_id"":""E0158"",""event_id"":""EV_036"",""date"":""2026-06-10"",""due_date"":"""",""status"":""completed"",""completion_pct"":100,""score"":"""",""feedback_rating"":""4"",""assigned_by"":""manager""}"
history,R002468,"{""record_id"":""R002468"",""employee_id"":""E0034"",""event_id"":""EV_008"",""date"":""2026-06-11"",""due_date"":"""",""status"":""dropped"",""completion_pct"":65,""score"":"""",""feedback_rating"":"""",""assigned_by"":""hr""}"
history,R002469,"{""record_id"":""R002469"",""employee_id"":""E0102"",""event_id"":""EV_040"",""date"":""2026-06-11"",""due_date"":"""",""status"":""completed"",""completion_pct"":100,""score"":"""",""feedback_rating"":"""",""assigned_by"":""manager""}"
history,R002470,"{""record_id"":""R002470"",""employee_id"":""E0041"",""event_id"":""EV_036"",""date"":""2026-06-12"",""due_date"":"""",""status"":""completed"",""completion_pct"":100,""score"":"""",""feedback_rating"":""4"",""assigned_by"":""self""}"
history,R002471,"{""record_id"":""R002471"",""employee_id"":""E0152"",""event_id"":""EV_040"",""date"":""2026-06-12"",""due_date"":"""",""status"":""no_show"",""completion_pct"":0,""score"":"""",""feedback_rating"":"""",""assigned_by"":""self""}"
history,R002472,"{""record_id"":""R002472"",""employee_id"":""E0169"",""event_id"":""EV_040"",""date"":""2026-06-12"",""due_date"":"""",""status"":""completed"",""completion_pct"":100,""score"":"""",""feedback_rating"":""4"",""assigned_by"":""hr""}"
history,R002473,"{""record_id"":""R002473"",""employee_id"":""E0029"",""event_id"":""EV_036"",""date"":""2026-06-15"",""due_date"":"""",""status"":""declined"",""completion_pct"":0,""score"":"""",""feedback_rating"":"""",""assigned_by"":""manager""}"
history,R002474,"{""record_id"":""R002474"",""employee_id"":""E0110"",""event_id"":""EV_005"",""date"":""2026-06-15"",""due_date"":"""",""status"":""completed"",""completion_pct"":100,""score"":""72"",""feedback_rating"":""5"",""assigned_by"":""self""}"
history,R002475,"{""record_id"":""R002475"",""employee_id"":""E0116"",""event_id"":""EV_020"",""date"":""2026-06-15"",""due_date"":"""",""status"":""completed"",""completion_pct"":100,""score"":""97"",""feedback_rating"":""3"",""assigned_by"":""self""}"
history,R002476,"{""record_id"":""R002476"",""employee_id"":""E0198"",""event_id"":""EV_036"",""date"":""2026-06-15"",""due_date"":"""",""status"":""completed"",""completion_pct"":100,""score"":"""",""feedback_rating"":""4"",""assigned_by"":""self""}"
history,R002477,"{""record_id"":""R002477"",""employee_id"":""E0034"",""event_id"":""EV_008"",""date"":""2026-06-16"",""due_date"":"""",""status"":""completed"",""completion_pct"":100,""score"":"""",""feedback_rating"":""2"",""assigned_by"":""manager""}"
history,R002478,"{""record_id"":""R002478"",""employee_id"":""E0112"",""event_id"":""EV_036"",""date"":""2026-06-16"",""due_date"":"""",""status"":""no_show"",""completion_pct"":0,""score"":"""",""feedback_rating"":"""",""assigned_by"":""self""}"
history,R002479,"{""record_id"":""R002479"",""employee_id"":""E0079"",""event_id"":""EV_036"",""date"":""2026-06-17"",""due_date"":"""",""status"":""declined"",""completion_pct"":0,""score"":"""",""feedback_rating"":"""",""assigned_by"":""manager""}"
history,R002480,"{""record_id"":""R002480"",""employee_id"":""E0089"",""event_id"":""EV_032"",""date"":""2026-06-18"",""due_date"":"""",""status"":""completed"",""completion_pct"":100,""score"":"""",""feedback_rating"":""5"",""assigned_by"":""hr""}"
history,R002481,"{""record_id"":""R002481"",""employee_id"":""E0033"",""event_id"":""EV_039"",""date"":""2026-06-19"",""due_date"":"""",""status"":""completed"",""completion_pct"":100,""score"":"""",""feedback_rating"":""5"",""assigned_by"":""self""}"
history,R002482,"{""record_id"":""R002482"",""employee_id"":""E0124"",""event_id"":""EV_037"",""date"":""2026-06-19"",""due_date"":"""",""status"":""no_show"",""completion_pct"":0,""score"":"""",""feedback_rating"":"""",""assigned_by"":""manager""}"
history,R002483,"{""record_id"":""R002483"",""employee_id"":""E0013"",""event_id"":""EV_037"",""date"":""2026-06-22"",""due_date"":"""",""status"":""completed"",""completion_pct"":100,""score"":"""",""feedback_rating"":""2"",""assigned_by"":""self""}"
history,R002484,"{""record_id"":""R002484"",""employee_id"":""E0065"",""event_id"":""EV_036"",""date"":""2026-06-22"",""due_date"":"""",""status"":""completed"",""completion_pct"":100,""score"":"""",""feedback_rating"":""4"",""assigned_by"":""hr""}"
history,R002485,"{""record_id"":""R002485"",""employee_id"":""E0084"",""event_id"":""EV_001"",""date"":""2026-06-22"",""due_date"":""2026-07-22"",""status"":""completed"",""completion_pct"":100,""score"":""97"",""feedback_rating"":"""",""assigned_by"":""hr""}"
history,R002486,"{""record_id"":""R002486"",""employee_id"":""E0084"",""event_id"":""EV_002"",""date"":""2026-06-22"",""due_date"":""2026-07-22"",""status"":""completed"",""completion_pct"":100,""score"":""88"",""feedback_rating"":"""",""assigned_by"":""hr""}"
history,R002487,"{""record_id"":""R002487"",""employee_id"":""E0084"",""event_id"":""EV_003"",""date"":""2026-06-22"",""due_date"":""2026-07-22"",""status"":""completed"",""completion_pct"":100,""score"":""99"",""feedback_rating"":"""",""assigned_by"":""hr""}"
history,R002488,"{""record_id"":""R002488"",""employee_id"":""E0105"",""event_id"":""EV_036"",""date"":""2026-06-22"",""due_date"":"""",""status"":""completed"",""completion_pct"":100,""score"":"""",""feedback_rating"":"""",""assigned_by"":""manager""}"
history,R002489,"{""record_id"":""R002489"",""employee_id"":""E0137"",""event_id"":""EV_006"",""date"":""2026-06-22"",""due_date"":"""",""status"":""no_show"",""completion_pct"":0,""score"":"""",""feedback_rating"":"""",""assigned_by"":""hr""}"
history,R002490,"{""record_id"":""R002490"",""employee_id"":""E0151"",""event_id"":""EV_036"",""date"":""2026-06-22"",""due_date"":"""",""status"":""no_show"",""completion_pct"":0,""score"":"""",""feedback_rating"":"""",""assigned_by"":""manager""}"
history,R002491,"{""record_id"":""R002491"",""employee_id"":""E0175"",""event_id"":""EV_006"",""date"":""2026-06-22"",""due_date"":"""",""status"":""completed"",""completion_pct"":100,""score"":"""",""feedback_rating"":"""",""assigned_by"":""hr""}"
history,R002492,"{""record_id"":""R002492"",""employee_id"":""E0193"",""event_id"":""EV_025"",""date"":""2026-06-22"",""due_date"":"""",""status"":""dropped"",""completion_pct"":15,""score"":"""",""feedback_rating"":""3"",""assigned_by"":""self""}"
history,R002493,"{""record_id"":""R002493"",""employee_id"":""E0043"",""event_id"":""EV_011"",""date"":""2026-06-23"",""due_date"":"""",""status"":""completed"",""completion_pct"":100,""score"":"""",""feedback_rating"":""3"",""assigned_by"":""self""}"
history,R002494,"{""record_id"":""R002494"",""employee_id"":""E0150"",""event_id"":""EV_039"",""date"":""2026-06-23"",""due_date"":"""",""status"":""completed"",""completion_pct"":100,""score"":"""",""feedback_rating"":""5"",""assigned_by"":""manager""}"
history,R002495,"{""record_id"":""R002495"",""employee_id"":""E0064"",""event_id"":""EV_038"",""date"":""2026-06-24"",""due_date"":"""",""status"":""no_show"",""completion_pct"":0,""score"":"""",""feedback_rating"":"""",""assigned_by"":""self""}"
history,R002496,"{""record_id"":""R002496"",""employee_id"":""E0104"",""event_id"":""EV_033"",""date"":""2026-06-24"",""due_date"":"""",""status"":""completed"",""completion_pct"":100,""score"":""95"",""feedback_rating"":""5"",""assigned_by"":""self""}"
history,R002497,"{""record_id"":""R002497"",""employee_id"":""E0120"",""event_id"":""EV_039"",""date"":""2026-06-24"",""due_date"":"""",""status"":""completed"",""completion_pct"":100,""score"":"""",""feedback_rating"":""5"",""assigned_by"":""manager""}"
history,R002498,"{""record_id"":""R002498"",""employee_id"":""E0115"",""event_id"":""EV_005"",""date"":""2026-06-25"",""due_date"":"""",""status"":""completed"",""completion_pct"":100,""score"":""81"",""feedback_rating"":""5"",""assigned_by"":""manager""}"
history,R002499,"{""record_id"":""R002499"",""employee_id"":""E0061"",""event_id"":""EV_025"",""date"":""2026-06-26"",""due_date"":"""",""status"":""completed"",""completion_pct"":100,""score"":""82"",""feedback_rating"":""4"",""assigned_by"":""self""}"
history,R002500,"{""record_id"":""R002500"",""employee_id"":""E0117"",""event_id"":""EV_001"",""date"":""2026-06-26"",""due_date"":""2026-07-26"",""status"":""completed"",""completion_pct"":100,""score"":""93"",""feedback_rating"":"""",""assigned_by"":""hr""}"
history,R002501,"{""record_id"":""R002501"",""employee_id"":""E0117"",""event_id"":""EV_002"",""date"":""2026-06-26"",""due_date"":""2026-07-26"",""status"":""overdue"",""completion_pct"":25,""score"":"""",""feedback_rating"":"""",""assigned_by"":""hr""}"
history,R002502,"{""record_id"":""R002502"",""employee_id"":""E0117"",""event_id"":""EV_003"",""date"":""2026-06-26"",""due_date"":""2026-07-26"",""status"":""overdue"",""completion_pct"":25,""score"":"""",""feedback_rating"":"""",""assigned_by"":""hr""}"
history,R002503,"{""record_id"":""R002503"",""employee_id"":""E0148"",""event_id"":""EV_036"",""date"":""2026-06-29"",""due_date"":"""",""status"":""completed"",""completion_pct"":100,""score"":"""",""feedback_rating"":""2"",""assigned_by"":""manager""}"
history,R002504,"{""record_id"":""R002504"",""employee_id"":""E0187"",""event_id"":""EV_020"",""date"":""2026-06-29"",""due_date"":"""",""status"":""dropped"",""completion_pct"":35,""score"":"""",""feedback_rating"":"""",""assigned_by"":""manager""}"
history,R002505,"{""record_id"":""R002505"",""employee_id"":""E0053"",""event_id"":""EV_036"",""date"":""2026-06-30"",""due_date"":"""",""status"":""no_show"",""completion_pct"":0,""score"":"""",""feedback_rating"":"""",""assigned_by"":""self""}"
history,R002506,"{""record_id"":""R002506"",""employee_id"":""E0061"",""event_id"":""EV_009"",""date"":""2026-06-30"",""due_date"":"""",""status"":""completed"",""completion_pct"":100,""score"":""93"",""feedback_rating"":""4"",""assigned_by"":""self""}"
history,R002507,"{""record_id"":""R002507"",""employee_id"":""E0118"",""event_id"":""EV_036"",""date"":""2026-06-30"",""due_date"":"""",""status"":""completed"",""completion_pct"":100,""score"":"""",""feedback_rating"":""5"",""assigned_by"":""hr""}"
history,R002508,"{""record_id"":""R002508"",""employee_id"":""E0154"",""event_id"":""EV_036"",""date"":""2026-06-30"",""due_date"":"""",""status"":""declined"",""completion_pct"":0,""score"":"""",""feedback_rating"":"""",""assigned_by"":""manager""}"
history,R002509,"{""record_id"":""R002509"",""employee_id"":""E0163"",""event_id"":""EV_039"",""date"":""2026-06-30"",""due_date"":"""",""status"":""completed"",""completion_pct"":100,""score"":"""",""feedback_rating"":""5"",""assigned_by"":""manager""}"
history,R002510,"{""record_id"":""R002510"",""employee_id"":""E0200"",""event_id"":""EV_011"",""date"":""2026-06-30"",""due_date"":"""",""status"":""dropped"",""completion_pct"":15,""score"":"""",""feedback_rating"":"""",""assigned_by"":""self""}"
history,R002511,"{""record_id"":""R002511"",""employee_id"":""E0084"",""event_id"":""EV_004"",""date"":""2026-07-01"",""due_date"":""2026-07-18"",""status"":""completed"",""completion_pct"":100,""score"":"""",""feedback_rating"":""4"",""assigned_by"":""hr""}"
history,R002512,"{""record_id"":""R002512"",""employee_id"":""E0092"",""event_id"":""EV_011"",""date"":""2026-07-01"",""due_date"":"""",""status"":""completed"",""completion_pct"":100,""score"":"""",""feedback_rating"":""4"",""assigned_by"":""self""}"
history,R002513,"{""record_id"":""R002513"",""employee_id"":""E0153"",""event_id"":""EV_036"",""date"":""2026-07-01"",""due_date"":"""",""status"":""declined"",""completion_pct"":0,""score"":"""",""feedback_rating"":"""",""assigned_by"":""manager""}"
history,R002514,"{""record_id"":""R002514"",""employee_id"":""E0091"",""event_id"":""EV_038"",""date"":""2026-07-02"",""due_date"":"""",""status"":""completed"",""completion_pct"":100,""score"":""64"",""feedback_rating"":""5"",""assigned_by"":""self""}"
history,R002515,"{""record_id"":""R002515"",""employee_id"":""E0177"",""event_id"":""EV_034"",""date"":""2026-07-02"",""due_date"":"""",""status"":""no_show"",""completion_pct"":0,""score"":"""",""feedback_rating"":"""",""assigned_by"":""self""}"
history,R002516,"{""record_id"":""R002516"",""employee_id"":""E0026"",""event_id"":""EV_040"",""date"":""2026-07-03"",""due_date"":"""",""status"":""completed"",""completion_pct"":100,""score"":"""",""feedback_rating"":""5"",""assigned_by"":""self""}"
history,R002517,"{""record_id"":""R002517"",""employee_id"":""E0088"",""event_id"":""EV_012"",""date"":""2026-07-03"",""due_date"":"""",""status"":""completed"",""completion_pct"":100,""score"":""87"",""feedback_rating"":""5"",""assigned_by"":""self""}"
history,R002518,"{""record_id"":""R002518"",""employee_id"":""E0137"",""event_id"":""EV_025"",""date"":""2026-07-03"",""due_date"":"""",""status"":""no_show"",""completion_pct"":0,""score"":"""",""feedback_rating"":"""",""assigned_by"":""manager""}"
history,R002519,"{""record_id"":""R002519"",""employee_id"":""E0147"",""event_id"":""EV_017"",""date"":""2026-07-03"",""due_date"":"""",""status"":""dropped"",""completion_pct"":15,""score"":"""",""feedback_rating"":"""",""assigned_by"":""manager""}"
history,R002520,"{""record_id"":""R002520"",""employee_id"":""E0162"",""event_id"":""EV_025"",""date"":""2026-07-03"",""due_date"":"""",""status"":""declined"",""completion_pct"":0,""score"":"""",""feedback_rating"":"""",""assigned_by"":""manager""}"
history,R002521,"{""record_id"":""R002521"",""employee_id"":""E0035"",""event_id"":""EV_037"",""date"":""2026-07-06"",""due_date"":"""",""status"":""no_show"",""completion_pct"":0,""score"":"""",""feedback_rating"":"""",""assigned_by"":""manager""}"
history,R002522,"{""record_id"":""R002522"",""employee_id"":""E0090"",""event_id"":""EV_040"",""date"":""2026-07-06"",""due_date"":"""",""status"":""completed"",""completion_pct"":100,""score"":"""",""feedback_rating"":""3"",""assigned_by"":""self""}"
history,R002523,"{""record_id"":""R002523"",""employee_id"":""E0130"",""event_id"":""EV_019"",""date"":""2026-07-06"",""due_date"":"""",""status"":""completed"",""completion_pct"":100,""score"":"""",""feedback_rating"":""2"",""assigned_by"":""self""}"
history,R002524,"{""record_id"":""R002524"",""employee_id"":""E0140"",""event_id"":""EV_009"",""date"":""2026-07-06"",""due_date"":"""",""status"":""completed"",""completion_pct"":100,""score"":""93"",""feedback_rating"":""4"",""assigned_by"":""hr""}"
history,R002525,"{""record_id"":""R002525"",""employee_id"":""E0043"",""event_id"":""EV_039"",""date"":""2026-07-07"",""due_date"":"""",""status"":""completed"",""completion_pct"":100,""score"":"""",""feedback_rating"":"""",""assigned_by"":""self""}"
history,R002526,"{""record_id"":""R002526"",""employee_id"":""E0134"",""event_id"":""EV_036"",""date"":""2026-07-07"",""due_date"":"""",""status"":""declined"",""completion_pct"":0,""score"":"""",""feedback_rating"":"""",""assigned_by"":""manager""}"
history,R002527,"{""record_id"":""R002527"",""employee_id"":""E0147"",""event_id"":""EV_036"",""date"":""2026-07-07"",""due_date"":"""",""status"":""completed"",""completion_pct"":100,""score"":"""",""feedback_rating"":""4"",""assigned_by"":""self""}"
history,R002528,"{""record_id"":""R002528"",""employee_id"":""E0065"",""event_id"":""EV_036"",""date"":""2026-07-08"",""due_date"":"""",""status"":""declined"",""completion_pct"":0,""score"":"""",""feedback_rating"":"""",""assigned_by"":""manager""}"
history,R002529,"{""record_id"":""R002529"",""employee_id"":""E0135"",""event_id"":""EV_005"",""date"":""2026-07-08"",""due_date"":"""",""status"":""completed"",""completion_pct"":100,""score"":""97"",""feedback_rating"":"""",""assigned_by"":""self""}"
history,R002530,"{""record_id"":""R002530"",""employee_id"":""E0178"",""event_id"":""EV_010"",""date"":""2026-07-08"",""due_date"":"""",""status"":""completed"",""completion_pct"":100,""score"":""87"",""feedback_rating"":""3"",""assigned_by"":""hr""}"
history,R002531,"{""record_id"":""R002531"",""employee_id"":""E0184"",""event_id"":""EV_008"",""date"":""2026-07-08"",""due_date"":"""",""status"":""completed"",""completion_pct"":100,""score"":"""",""feedback_rating"":""4"",""assigned_by"":""manager""}"
history,R002532,"{""record_id"":""R002532"",""employee_id"":""E0089"",""event_id"":""EV_039"",""date"":""2026-07-09"",""due_date"":"""",""status"":""completed"",""completion_pct"":100,""score"":"""",""feedback_rating"":"""",""assigned_by"":""manager""}"
history,R002533,"{""record_id"":""R002533"",""employee_id"":""E0190"",""event_id"":""EV_038"",""date"":""2026-07-09"",""due_date"":"""",""status"":""completed"",""completion_pct"":100,""score"":""82"",""feedback_rating"":""5"",""assigned_by"":""manager""}"
history,R002534,"{""record_id"":""R002534"",""employee_id"":""E0080"",""event_id"":""EV_037"",""date"":""2026-07-10"",""due_date"":"""",""status"":""no_show"",""completion_pct"":0,""score"":"""",""feedback_rating"":"""",""assigned_by"":""hr""}"
history,R002535,"{""record_id"":""R002535"",""employee_id"":""E0093"",""event_id"":""EV_036"",""date"":""2026-07-10"",""due_date"":"""",""status"":""completed"",""completion_pct"":100,""score"":"""",""feedback_rating"":""5"",""assigned_by"":""self""}"
history,R002536,"{""record_id"":""R002536"",""employee_id"":""E0181"",""event_id"":""EV_022"",""date"":""2026-07-10"",""due_date"":"""",""status"":""no_show"",""completion_pct"":0,""score"":"""",""feedback_rating"":"""",""assigned_by"":""self""}"
history,R002537,"{""record_id"":""R002537"",""employee_id"":""E0184"",""event_id"":""EV_040"",""date"":""2026-07-13"",""due_date"":"""",""status"":""declined"",""completion_pct"":0,""score"":"""",""feedback_rating"":"""",""assigned_by"":""manager""}"
history,R002538,"{""record_id"":""R002538"",""employee_id"":""E0041"",""event_id"":""EV_008"",""date"":""2026-07-14"",""due_date"":"""",""status"":""completed"",""completion_pct"":100,""score"":"""",""feedback_rating"":""4"",""assigned_by"":""self""}"
history,R002539,"{""record_id"":""R002539"",""employee_id"":""E0072"",""event_id"":""EV_018"",""date"":""2026-07-14"",""due_date"":"""",""status"":""dropped"",""completion_pct"":75,""score"":"""",""feedback_rating"":""1"",""assigned_by"":""manager""}"
history,R002540,"{""record_id"":""R002540"",""employee_id"":""E0118"",""event_id"":""EV_017"",""date"":""2026-07-14"",""due_date"":"""",""status"":""completed"",""completion_pct"":100,""score"":""99"",""feedback_rating"":""3"",""assigned_by"":""self""}"
history,R002541,"{""record_id"":""R002541"",""employee_id"":""E0129"",""event_id"":""EV_033"",""date"":""2026-07-14"",""due_date"":"""",""status"":""completed"",""completion_pct"":100,""score"":""67"",""feedback_rating"":""3"",""assigned_by"":""self""}"
history,R002542,"{""record_id"":""R002542"",""employee_id"":""E0165"",""event_id"":""EV_022"",""date"":""2026-07-14"",""due_date"":"""",""status"":""completed"",""completion_pct"":100,""score"":""96"",""feedback_rating"":"""",""assigned_by"":""manager""}"
history,R002543,"{""record_id"":""R002543"",""employee_id"":""E0186"",""event_id"":""EV_007"",""date"":""2026-07-14"",""due_date"":"""",""status"":""completed"",""completion_pct"":100,""score"":"""",""feedback_rating"":""4"",""assigned_by"":""self""}"
history,R002544,"{""record_id"":""R002544"",""employee_id"":""E0111"",""event_id"":""EV_011"",""date"":""2026-07-15"",""due_date"":"""",""status"":""completed"",""completion_pct"":100,""score"":"""",""feedback_rating"":""4"",""assigned_by"":""manager""}"
history,R002545,"{""record_id"":""R002545"",""employee_id"":""E0139"",""event_id"":""EV_037"",""date"":""2026-07-15"",""due_date"":"""",""status"":""no_show"",""completion_pct"":0,""score"":"""",""feedback_rating"":"""",""assigned_by"":""self""}"
history,R002546,"{""record_id"":""R002546"",""employee_id"":""E0154"",""event_id"":""EV_014"",""date"":""2026-07-15"",""due_date"":"""",""status"":""completed"",""completion_pct"":100,""score"":"""",""feedback_rating"":""4"",""assigned_by"":""manager""}"
history,R002547,"{""record_id"":""R002547"",""employee_id"":""E0024"",""event_id"":""EV_034"",""date"":""2026-07-17"",""due_date"":"""",""status"":""completed"",""completion_pct"":100,""score"":"""",""feedback_rating"":""3"",""assigned_by"":""manager""}"
history,R002548,"{""record_id"":""R002548"",""employee_id"":""E0035"",""event_id"":""EV_036"",""date"":""2026-07-17"",""due_date"":"""",""status"":""no_show"",""completion_pct"":0,""score"":"""",""feedback_rating"":"""",""assigned_by"":""self""}"
history,R002549,"{""record_id"":""R002549"",""employee_id"":""E0065"",""event_id"":""EV_036"",""date"":""2026-07-17"",""due_date"":"""",""status"":""completed"",""completion_pct"":100,""score"":"""",""feedback_rating"":""4"",""assigned_by"":""manager""}"
history,R002550,"{""record_id"":""R002550"",""employee_id"":""E0117"",""event_id"":""EV_004"",""date"":""2026-07-17"",""due_date"":""2026-07-23"",""status"":""completed"",""completion_pct"":100,""score"":"""",""feedback_rating"":""3"",""assigned_by"":""hr""}"
history,R002551,"{""record_id"":""R002551"",""employee_id"":""E0028"",""event_id"":""EV_039"",""date"":""2026-07-20"",""due_date"":"""",""status"":""completed"",""completion_pct"":100,""score"":"""",""feedback_rating"":""2"",""assigned_by"":""self""}"
history,R002552,"{""record_id"":""R002552"",""employee_id"":""E0040"",""event_id"":""EV_011"",""date"":""2026-07-20"",""due_date"":"""",""status"":""no_show"",""completion_pct"":0,""score"":"""",""feedback_rating"":"""",""assigned_by"":""manager""}"
history,R002553,"{""record_id"":""R002553"",""employee_id"":""E0098"",""event_id"":""EV_037"",""date"":""2026-07-20"",""due_date"":"""",""status"":""completed"",""completion_pct"":100,""score"":"""",""feedback_rating"":""5"",""assigned_by"":""manager""}"
history,R002554,"{""record_id"":""R002554"",""employee_id"":""E0055"",""event_id"":""EV_036"",""date"":""2026-07-21"",""due_date"":"""",""status"":""completed"",""completion_pct"":100,""score"":"""",""feedback_rating"":""3"",""assigned_by"":""self""}"
history,R002555,"{""record_id"":""R002555"",""employee_id"":""E0109"",""event_id"":""EV_017"",""date"":""2026-07-21"",""due_date"":"""",""status"":""dropped"",""completion_pct"":35,""score"":"""",""feedback_rating"":""2"",""assigned_by"":""self""}"
history,R002556,"{""record_id"":""R002556"",""employee_id"":""E0007"",""event_id"":""EV_019"",""date"":""2026-07-23"",""due_date"":"""",""status"":""completed"",""completion_pct"":100,""score"":"""",""feedback_rating"":""5"",""assigned_by"":""self""}"
history,R002557,"{""record_id"":""R002557"",""employee_id"":""E0014"",""event_id"":""EV_008"",""date"":""2026-07-23"",""due_date"":"""",""status"":""dropped"",""completion_pct"":80,""score"":"""",""feedback_rating"":""2"",""assigned_by"":""manager""}"
history,R002558,"{""record_id"":""R002558"",""employee_id"":""E0056"",""event_id"":""EV_032"",""date"":""2026-07-23"",""due_date"":"""",""status"":""completed"",""completion_pct"":100,""score"":"""",""feedback_rating"":""4"",""assigned_by"":""self""}"
history,R002559,"{""record_id"":""R002559"",""employee_id"":""E0062"",""event_id"":""EV_036"",""date"":""2026-07-23"",""due_date"":"""",""status"":""declined"",""completion_pct"":0,""score"":"""",""feedback_rating"":"""",""assigned_by"":""hr""}"
history,R002560,"{""record_id"":""R002560"",""employee_id"":""E0087"",""event_id"":""EV_037"",""date"":""2026-07-23"",""due_date"":"""",""status"":""completed"",""completion_pct"":100,""score"":"""",""feedback_rating"":""2"",""assigned_by"":""manager""}"
history,R002561,"{""record_id"":""R002561"",""employee_id"":""E0103"",""event_id"":""EV_011"",""date"":""2026-07-23"",""due_date"":"""",""status"":""no_show"",""completion_pct"":0,""score"":"""",""feedback_rating"":"""",""assigned_by"":""self""}"
history,R002562,"{""record_id"":""R002562"",""employee_id"":""E0107"",""event_id"":""EV_040"",""date"":""2026-07-23"",""due_date"":"""",""status"":""completed"",""completion_pct"":100,""score"":"""",""feedback_rating"":""4"",""assigned_by"":""self""}"
history,R002563,"{""record_id"":""R002563"",""employee_id"":""E0119"",""event_id"":""EV_001"",""date"":""2026-07-23"",""due_date"":""2026-08-22"",""status"":""completed"",""completion_pct"":100,""score"":""88"",""feedback_rating"":"""",""assigned_by"":""hr""}"
history,R002564,"{""record_id"":""R002564"",""employee_id"":""E0119"",""event_id"":""EV_002"",""date"":""2026-07-23"",""due_date"":""2026-08-22"",""status"":""completed"",""completion_pct"":100,""score"":""80"",""feedback_rating"":"""",""assigned_by"":""hr""}"
history,R002565,"{""record_id"":""R002565"",""employee_id"":""E0119"",""event_id"":""EV_003"",""date"":""2026-07-23"",""due_date"":""2026-08-22"",""status"":""completed"",""completion_pct"":100,""score"":""72"",""feedback_rating"":"""",""assigned_by"":""hr""}"
history,R002566,"{""record_id"":""R002566"",""employee_id"":""E0154"",""event_id"":""EV_040"",""date"":""2026-07-23"",""due_date"":"""",""status"":""dropped"",""completion_pct"":10,""score"":"""",""feedback_rating"":"""",""assigned_by"":""self""}"
history,R002567,"{""record_id"":""R002567"",""employee_id"":""E0067"",""event_id"":""EV_036"",""date"":""2026-07-24"",""due_date"":"""",""status"":""completed"",""completion_pct"":100,""score"":"""",""feedback_rating"":"""",""assigned_by"":""manager""}"
history,R002568,"{""record_id"":""R002568"",""employee_id"":""E0035"",""event_id"":""EV_037"",""date"":""2026-07-27"",""due_date"":"""",""status"":""completed"",""completion_pct"":100,""score"":"""",""feedback_rating"":""4"",""assigned_by"":""manager""}"
history,R002569,"{""record_id"":""R002569"",""employee_id"":""E0053"",""event_id"":""EV_011"",""date"":""2026-07-27"",""due_date"":"""",""status"":""no_show"",""completion_pct"":0,""score"":"""",""feedback_rating"":"""",""assigned_by"":""manager""}"
history,R002570,"{""record_id"":""R002570"",""employee_id"":""E0062"",""event_id"":""EV_036"",""date"":""2026-07-27"",""due_date"":"""",""status"":""declined"",""completion_pct"":0,""score"":"""",""feedback_rating"":"""",""assigned_by"":""manager""}"
history,R002571,"{""record_id"":""R002571"",""employee_id"":""E0070"",""event_id"":""EV_040"",""date"":""2026-07-27"",""due_date"":"""",""status"":""completed"",""completion_pct"":100,""score"":"""",""feedback_rating"":"""",""assigned_by"":""self""}"
history,R002572,"{""record_id"":""R002572"",""employee_id"":""E0087"",""event_id"":""EV_006"",""date"":""2026-07-27"",""due_date"":"""",""status"":""completed"",""completion_pct"":100,""score"":"""",""feedback_rating"":""4"",""assigned_by"":""self""}"
history,R002573,"{""record_id"":""R002573"",""employee_id"":""E0093"",""event_id"":""EV_036"",""date"":""2026-07-27"",""due_date"":"""",""status"":""completed"",""completion_pct"":100,""score"":"""",""feedback_rating"":""3"",""assigned_by"":""hr""}"
history,R002574,"{""record_id"":""R002574"",""employee_id"":""E0172"",""event_id"":""EV_037"",""date"":""2026-07-27"",""due_date"":"""",""status"":""completed"",""completion_pct"":100,""score"":"""",""feedback_rating"":""5"",""assigned_by"":""self""}"
history,R002575,"{""record_id"":""R002575"",""employee_id"":""E0080"",""event_id"":""EV_008"",""date"":""2026-07-28"",""due_date"":"""",""status"":""no_show"",""completion_pct"":0,""score"":"""",""feedback_rating"":"""",""assigned_by"":""manager""}"
history,R002576,"{""record_id"":""R002576"",""employee_id"":""E0187"",""event_id"":""EV_040"",""date"":""2026-07-28"",""due_date"":"""",""status"":""completed"",""completion_pct"":100,""score"":"""",""feedback_rating"":"""",""assigned_by"":""manager""}"
history,R002577,"{""record_id"":""R002577"",""employee_id"":""E0194"",""event_id"":""EV_038"",""date"":""2026-07-28"",""due_date"":"""",""status"":""no_show"",""completion_pct"":0,""score"":"""",""feedback_rating"":"""",""assigned_by"":""manager""}"
history,R002578,"{""record_id"":""R002578"",""employee_id"":""E0029"",""event_id"":""EV_036"",""date"":""2026-07-29"",""due_date"":"""",""status"":""no_show"",""completion_pct"":0,""score"":"""",""feedback_rating"":"""",""assigned_by"":""self""}"
history,R002579,"{""record_id"":""R002579"",""employee_id"":""E0072"",""event_id"":""EV_040"",""date"":""2026-07-29"",""due_date"":"""",""status"":""declined"",""completion_pct"":0,""score"":"""",""feedback_rating"":"""",""assigned_by"":""hr""}"
history,R002580,"{""record_id"":""R002580"",""employee_id"":""E0100"",""event_id"":""EV_027"",""date"":""2026-07-29"",""due_date"":"""",""status"":""completed"",""completion_pct"":100,""score"":"""",""feedback_rating"":""4"",""assigned_by"":""self""}"
history,R002581,"{""record_id"":""R002581"",""employee_id"":""E0184"",""event_id"":""EV_010"",""date"":""2026-07-29"",""due_date"":"""",""status"":""completed"",""completion_pct"":100,""score"":""68"",""feedback_rating"":""4"",""assigned_by"":""self""}"
history,R002582,"{""record_id"":""R002582"",""employee_id"":""E0032"",""event_id"":""EV_022"",""date"":""2026-07-30"",""due_date"":"""",""status"":""completed"",""completion_pct"":100,""score"":""63"",""feedback_rating"":""4"",""assigned_by"":""manager""}"
history,R002583,"{""record_id"":""R002583"",""employee_id"":""E0048"",""event_id"":""EV_020"",""date"":""2026-07-30"",""due_date"":"""",""status"":""completed"",""completion_pct"":100,""score"":""96"",""feedback_rating"":""4"",""assigned_by"":""self""}"
history,R002584,"{""record_id"":""R002584"",""employee_id"":""E0091"",""event_id"":""EV_005"",""date"":""2026-07-30"",""due_date"":"""",""status"":""completed"",""completion_pct"":100,""score"":""62"",""feedback_rating"":""4"",""assigned_by"":""self""}"
history,R002585,"{""record_id"":""R002585"",""employee_id"":""E0092"",""event_id"":""EV_012"",""date"":""2026-07-30"",""due_date"":"""",""status"":""dropped"",""completion_pct"":25,""score"":"""",""feedback_rating"":""2"",""assigned_by"":""manager""}"
history,R002586,"{""record_id"":""R002586"",""employee_id"":""E0109"",""event_id"":""EV_014"",""date"":""2026-07-30"",""due_date"":"""",""status"":""completed"",""completion_pct"":100,""score"":"""",""feedback_rating"":""4"",""assigned_by"":""self""}"
history,R002587,"{""record_id"":""R002587"",""employee_id"":""E0110"",""event_id"":""EV_019"",""date"":""2026-07-30"",""due_date"":"""",""status"":""completed"",""completion_pct"":100,""score"":"""",""feedback_rating"":""5"",""assigned_by"":""manager""}"
history,R002588,"{""record_id"":""R002588"",""employee_id"":""E0156"",""event_id"":""EV_019"",""date"":""2026-07-30"",""due_date"":"""",""status"":""completed"",""completion_pct"":100,""score"":"""",""feedback_rating"":"""",""assigned_by"":""manager""}"
history,R002589,"{""record_id"":""R002589"",""employee_id"":""E0157"",""event_id"":""EV_040"",""date"":""2026-07-30"",""due_date"":"""",""status"":""completed"",""completion_pct"":100,""score"":"""",""feedback_rating"":""5"",""assigned_by"":""hr""}"
history,R002590,"{""record_id"":""R002590"",""employee_id"":""E0181"",""event_id"":""EV_036"",""date"":""2026-07-30"",""due_date"":"""",""status"":""completed"",""completion_pct"":100,""score"":"""",""feedback_rating"":"""",""assigned_by"":""hr""}"
history,R002591,"{""record_id"":""R002591"",""employee_id"":""E0090"",""event_id"":""EV_012"",""date"":""2026-08-03"",""due_date"":"""",""status"":""completed"",""completion_pct"":100,""score"":""92"",""feedback_rating"":""4"",""assigned_by"":""manager""}"
history,R002592,"{""record_id"":""R002592"",""employee_id"":""E0119"",""event_id"":""EV_004"",""date"":""2026-08-03"",""due_date"":""2026-08-19"",""status"":""completed"",""completion_pct"":100,""score"":"""",""feedback_rating"":""3"",""assigned_by"":""hr""}"
history,R002593,"{""record_id"":""R002593"",""employee_id"":""E0133"",""event_id"":""EV_031"",""date"":""2026-08-03"",""due_date"":"""",""status"":""declined"",""completion_pct"":0,""score"":"""",""feedback_rating"":"""",""assigned_by"":""hr""}"
history,R002594,"{""record_id"":""R002594"",""employee_id"":""E0174"",""event_id"":""EV_001"",""date"":""2026-08-03"",""due_date"":""2026-09-02"",""status"":""completed"",""completion_pct"":100,""score"":""83"",""feedback_rating"":"""",""assigned_by"":""hr""}"
history,R002595,"{""record_id"":""R002595"",""employee_id"":""E0174"",""event_id"":""EV_002"",""date"":""2026-08-03"",""due_date"":""2026-09-02"",""status"":""completed"",""completion_pct"":100,""score"":""83"",""feedback_rating"":"""",""assigned_by"":""hr""}"
history,R002596,"{""record_id"":""R002596"",""employee_id"":""E0174"",""event_id"":""EV_003"",""date"":""2026-08-03"",""due_date"":""2026-09-02"",""status"":""completed"",""completion_pct"":100,""score"":""70"",""feedback_rating"":"""",""assigned_by"":""hr""}"
history,R002597,"{""record_id"":""R002597"",""employee_id"":""E0002"",""event_id"":""EV_019"",""date"":""2026-08-04"",""due_date"":"""",""status"":""dropped"",""completion_pct"":15,""score"":"""",""feedback_rating"":"""",""assigned_by"":""self""}"
history,R002598,"{""record_id"":""R002598"",""employee_id"":""E0063"",""event_id"":""EV_038"",""date"":""2026-08-04"",""due_date"":"""",""status"":""dropped"",""completion_pct"":85,""score"":"""",""feedback_rating"":""3"",""assigned_by"":""manager""}"
history,R002599,"{""record_id"":""R002599"",""employee_id"":""E0080"",""event_id"":""EV_024"",""date"":""2026-08-04"",""due_date"":"""",""status"":""completed"",""completion_pct"":100,""score"":""75"",""feedback_rating"":""2"",""assigned_by"":""self""}"
history,R002600,"{""record_id"":""R002600"",""employee_id"":""E0111"",""event_id"":""EV_036"",""date"":""2026-08-04"",""due_date"":"""",""status"":""completed"",""completion_pct"":100,""score"":"""",""feedback_rating"":""5"",""assigned_by"":""self""}"
history,R002601,"{""record_id"":""R002601"",""employee_id"":""E0187"",""event_id"":""EV_036"",""date"":""2026-08-04"",""due_date"":"""",""status"":""completed"",""completion_pct"":100,""score"":"""",""feedback_rating"":""5"",""assigned_by"":""self""}"
history,R002602,"{""record_id"":""R002602"",""employee_id"":""E0036"",""event_id"":""EV_008"",""date"":""2026-08-05"",""due_date"":"""",""status"":""no_show"",""completion_pct"":0,""score"":"""",""feedback_rating"":"""",""assigned_by"":""manager""}"
history,R002603,"{""record_id"":""R002603"",""employee_id"":""E0035"",""event_id"":""EV_036"",""date"":""2026-08-06"",""due_date"":"""",""status"":""completed"",""completion_pct"":100,""score"":"""",""feedback_rating"":""5"",""assigned_by"":""self""}"
history,R002604,"{""record_id"":""R002604"",""employee_id"":""E0058"",""event_id"":""EV_019"",""date"":""2026-08-06"",""due_date"":"""",""status"":""completed"",""completion_pct"":100,""score"":"""",""feedback_rating"":"""",""assigned_by"":""self""}"
history,R002605,"{""record_id"":""R002605"",""employee_id"":""E0120"",""event_id"":""EV_008"",""date"":""2026-08-06"",""due_date"":"""",""status"":""completed"",""completion_pct"":100,""score"":"""",""feedback_rating"":"""",""assigned_by"":""manager""}"
history,R002606,"{""record_id"":""R002606"",""employee_id"":""E0182"",""event_id"":""EV_009"",""date"":""2026-08-06"",""due_date"":"""",""status"":""completed"",""completion_pct"":100,""score"":""92"",""feedback_rating"":""3"",""assigned_by"":""hr""}"
history,R002607,"{""record_id"":""R002607"",""employee_id"":""E0184"",""event_id"":""EV_011"",""date"":""2026-08-06"",""due_date"":"""",""status"":""dropped"",""completion_pct"":10,""score"":"""",""feedback_rating"":"""",""assigned_by"":""self""}"
history,R002608,"{""record_id"":""R002608"",""employee_id"":""E0027"",""event_id"":""EV_028"",""date"":""2026-08-07"",""due_date"":"""",""status"":""dropped"",""completion_pct"":35,""score"":"""",""feedback_rating"":""3"",""assigned_by"":""self""}"
history,R002609,"{""record_id"":""R002609"",""employee_id"":""E0047"",""event_id"":""EV_040"",""date"":""2026-08-07"",""due_date"":"""",""status"":""no_show"",""completion_pct"":0,""score"":"""",""feedback_rating"":"""",""assigned_by"":""self""}"
history,R002610,"{""record_id"":""R002610"",""employee_id"":""E0132"",""event_id"":""EV_021"",""date"":""2026-08-07"",""due_date"":"""",""status"":""completed"",""completion_pct"":100,""score"":"""",""feedback_rating"":""4"",""assigned_by"":""self""}"
history,R002611,"{""record_id"":""R002611"",""employee_id"":""E0135"",""event_id"":""EV_012"",""date"":""2026-08-07"",""due_date"":"""",""status"":""completed"",""completion_pct"":100,""score"":""85"",""feedback_rating"":""3"",""assigned_by"":""self""}"
history,R002612,"{""record_id"":""R002612"",""employee_id"":""E0172"",""event_id"":""EV_028"",""date"":""2026-08-07"",""due_date"":"""",""status"":""completed"",""completion_pct"":100,""score"":"""",""feedback_rating"":""2"",""assigned_by"":""self""}"
history,R002613,"{""record_id"":""R002613"",""employee_id"":""E0200"",""event_id"":""EV_040"",""date"":""2026-08-07"",""due_date"":"""",""status"":""no_show"",""completion_pct"":0,""score"":"""",""feedback_rating"":"""",""assigned_by"":""self""}"
history,R002614,"{""record_id"":""R002614"",""employee_id"":""E0162"",""event_id"":""EV_040"",""date"":""2026-08-10"",""due_date"":"""",""status"":""completed"",""completion_pct"":100,""score"":"""",""feedback_rating"":""5"",""assigned_by"":""hr""}"
history,R002615,"{""record_id"":""R002615"",""employee_id"":""E0169"",""event_id"":""EV_036"",""date"":""2026-08-10"",""due_date"":"""",""status"":""completed"",""completion_pct"":100,""score"":"""",""feedback_rating"":"""",""assigned_by"":""manager""}"
history,R002616,"{""record_id"":""R002616"",""employee_id"":""E0192"",""event_id"":""EV_012"",""date"":""2026-08-10"",""due_date"":"""",""status"":""completed"",""completion_pct"":100,""score"":""87"",""feedback_rating"":"""",""assigned_by"":""self""}"
history,R002617,"{""record_id"":""R002617"",""employee_id"":""E0050"",""event_id"":""EV_008"",""date"":""2026-08-11"",""due_date"":"""",""status"":""completed"",""completion_pct"":100,""score"":"""",""feedback_rating"":""4"",""assigned_by"":""self""}"
history,R002618,"{""record_id"":""R002618"",""employee_id"":""E0145"",""event_id"":""EV_011"",""date"":""2026-08-11"",""due_date"":"""",""status"":""completed"",""completion_pct"":100,""score"":"""",""feedback_rating"":"""",""assigned_by"":""manager""}"
history,R002619,"{""record_id"":""R002619"",""employee_id"":""E0187"",""event_id"":""EV_020"",""date"":""2026-08-12"",""due_date"":"""",""status"":""dropped"",""completion_pct"":25,""score"":"""",""feedback_rating"":"""",""assigned_by"":""self""}"
history,R002620,"{""record_id"":""R002620"",""employee_id"":""E0004"",""event_id"":""EV_009"",""date"":""2026-08-13"",""due_date"":"""",""status"":""completed"",""completion_pct"":100,""score"":""99"",""feedback_rating"":""4"",""assigned_by"":""self""}"
history,R002621,"{""record_id"":""R002621"",""employee_id"":""E0057"",""event_id"":""EV_036"",""date"":""2026-08-13"",""due_date"":"""",""status"":""completed"",""completion_pct"":100,""score"":"""",""feedback_rating"":"""",""assigned_by"":""self""}"
history,R002622,"{""record_id"":""R002622"",""employee_id"":""E0174"",""event_id"":""EV_004"",""date"":""2026-08-13"",""due_date"":""2026-08-30"",""status"":""completed"",""completion_pct"":100,""score"":"""",""feedback_rating"":""4"",""assigned_by"":""hr""}"
history,R002623,"{""record_id"":""R002623"",""employee_id"":""E0028"",""event_id"":""EV_019"",""date"":""2026-08-14"",""due_date"":"""",""status"":""completed"",""completion_pct"":100,""score"":"""",""feedback_rating"":""4"",""assigned_by"":""manager""}"
history,R002624,"{""record_id"":""R002624"",""employee_id"":""E0001"",""event_id"":""EV_040"",""date"":""2026-08-17"",""due_date"":"""",""status"":""completed"",""completion_pct"":100,""score"":"""",""feedback_rating"":"""",""assigned_by"":""self""}"
history,R002625,"{""record_id"":""R002625"",""employee_id"":""E0197"",""event_id"":""EV_005"",""date"":""2026-08-17"",""due_date"":"""",""status"":""completed"",""completion_pct"":100,""score"":""78"",""feedback_rating"":""3"",""assigned_by"":""self""}"
history,R002626,"{""record_id"":""R002626"",""employee_id"":""E0001"",""event_id"":""EV_008"",""date"":""2026-08-18"",""due_date"":"""",""status"":""completed"",""completion_pct"":100,""score"":"""",""feedback_rating"":""3"",""assigned_by"":""self""}"
history,R002627,"{""record_id"":""R002627"",""employee_id"":""E0004"",""event_id"":""EV_025"",""date"":""2026-08-18"",""due_date"":"""",""status"":""in_progress"",""completion_pct"":40,""score"":"""",""feedback_rating"":"""",""assigned_by"":""self""}"
history,R002628,"{""record_id"":""R002628"",""employee_id"":""E0161"",""event_id"":""EV_040"",""date"":""2026-08-18"",""due_date"":"""",""status"":""no_show"",""completion_pct"":0,""score"":"""",""feedback_rating"":"""",""assigned_by"":""manager""}"
history,R002629,"{""record_id"":""R002629"",""employee_id"":""E0036"",""event_id"":""EV_008"",""date"":""2026-08-19"",""due_date"":"""",""status"":""no_show"",""completion_pct"":0,""score"":"""",""feedback_rating"":"""",""assigned_by"":""self""}"
history,R002630,"{""record_id"":""R002630"",""employee_id"":""E0050"",""event_id"":""EV_019"",""date"":""2026-08-19"",""due_date"":"""",""status"":""completed"",""completion_pct"":100,""score"":"""",""feedback_rating"":""2"",""assigned_by"":""self""}"
history,R002631,"{""record_id"":""R002631"",""employee_id"":""E0123"",""event_id"":""EV_016"",""date"":""2026-08-19"",""due_date"":"""",""status"":""declined"",""completion_pct"":0,""score"":"""",""feedback_rating"":"""",""assigned_by"":""manager""}"
history,R002632,"{""record_id"":""R002632"",""employee_id"":""E0055"",""event_id"":""EV_036"",""date"":""2026-08-20"",""due_date"":"""",""status"":""completed"",""completion_pct"":100,""score"":"""",""feedback_rating"":"""",""assigned_by"":""hr""}"
history,R002633,"{""record_id"":""R002633"",""employee_id"":""E0063"",""event_id"":""EV_038"",""date"":""2026-08-20"",""due_date"":"""",""status"":""in_progress"",""completion_pct"":20,""score"":"""",""feedback_rating"":"""",""assigned_by"":""self""}"
history,R002634,"{""record_id"":""R002634"",""employee_id"":""E0093"",""event_id"":""EV_036"",""date"":""2026-08-20"",""due_date"":"""",""status"":""completed"",""completion_pct"":100,""score"":"""",""feedback_rating"":"""",""assigned_by"":""self""}"
history,R002635,"{""record_id"":""R002635"",""employee_id"":""E0127"",""event_id"":""EV_036"",""date"":""2026-08-20"",""due_date"":"""",""status"":""completed"",""completion_pct"":100,""score"":"""",""feedback_rating"":""4"",""assigned_by"":""self""}"
history,R002636,"{""record_id"":""R002636"",""employee_id"":""E0178"",""event_id"":""EV_011"",""date"":""2026-08-20"",""due_date"":"""",""status"":""completed"",""completion_pct"":100,""score"":"""",""feedback_rating"":""5"",""assigned_by"":""self""}"
history,R002637,"{""record_id"":""R002637"",""employee_id"":""E0073"",""event_id"":""EV_037"",""date"":""2026-08-21"",""due_date"":"""",""status"":""completed"",""completion_pct"":100,""score"":"""",""feedback_rating"":""5"",""assigned_by"":""self""}"
history,R002638,"{""record_id"":""R002638"",""employee_id"":""E0084"",""event_id"":""EV_036"",""date"":""2026-08-21"",""due_date"":"""",""status"":""completed"",""completion_pct"":100,""score"":"""",""feedback_rating"":""5"",""assigned_by"":""self""}"
history,R002639,"{""record_id"":""R002639"",""employee_id"":""E0131"",""event_id"":""EV_029"",""date"":""2026-08-21"",""due_date"":"""",""status"":""completed"",""completion_pct"":100,""score"":""92"",""feedback_rating"":""4"",""assigned_by"":""self""}"
history,R002640,"{""record_id"":""R002640"",""employee_id"":""E0064"",""event_id"":""EV_009"",""date"":""2026-08-24"",""due_date"":"""",""status"":""dropped"",""completion_pct"":70,""score"":"""",""feedback_rating"":""2"",""assigned_by"":""self""}"
history,R002641,"{""record_id"":""R002641"",""employee_id"":""E0180"",""event_id"":""EV_034"",""date"":""2026-08-24"",""due_date"":"""",""status"":""completed"",""completion_pct"":100,""score"":"""",""feedback_rating"":""3"",""assigned_by"":""manager""}"
history,R002642,"{""record_id"":""R002642"",""employee_id"":""E0034"",""event_id"":""EV_022"",""date"":""2026-08-25"",""due_date"":"""",""status"":""completed"",""completion_pct"":100,""score"":""60"",""feedback_rating"":"""",""assigned_by"":""self""}"
history,R002643,"{""record_id"":""R002643"",""employee_id"":""E0184"",""event_id"":""EV_012"",""date"":""2026-08-25"",""due_date"":"""",""status"":""completed"",""completion_pct"":100,""score"":""82"",""feedback_rating"":""2"",""assigned_by"":""self""}"
history,R002644,"{""record_id"":""R002644"",""employee_id"":""E0191"",""event_id"":""EV_036"",""date"":""2026-08-25"",""due_date"":"""",""status"":""completed"",""completion_pct"":100,""score"":"""",""feedback_rating"":""5"",""assigned_by"":""self""}"
history,R002645,"{""record_id"":""R002645"",""employee_id"":""E0194"",""event_id"":""EV_016"",""date"":""2026-08-25"",""due_date"":"""",""status"":""completed"",""completion_pct"":100,""score"":"""",""feedback_rating"":"""",""assigned_by"":""manager""}"
history,R002646,"{""record_id"":""R002646"",""employee_id"":""E0060"",""event_id"":""EV_016"",""date"":""2026-08-26"",""due_date"":"""",""status"":""completed"",""completion_pct"":100,""score"":"""",""feedback_rating"":"""",""assigned_by"":""hr""}"
history,R002647,"{""record_id"":""R002647"",""employee_id"":""E0151"",""event_id"":""EV_039"",""date"":""2026-08-26"",""due_date"":"""",""status"":""completed"",""completion_pct"":100,""score"":"""",""feedback_rating"":""5"",""assigned_by"":""self""}"
history,R002648,"{""record_id"":""R002648"",""employee_id"":""E0173"",""event_id"":""EV_034"",""date"":""2026-08-26"",""due_date"":"""",""status"":""declined"",""completion_pct"":0,""score"":"""",""feedback_rating"":"""",""assigned_by"":""hr""}"
history,R002649,"{""record_id"":""R002649"",""employee_id"":""E0180"",""event_id"":""EV_036"",""date"":""2026-08-26"",""due_date"":"""",""status"":""completed"",""completion_pct"":100,""score"":"""",""feedback_rating"":"""",""assigned_by"":""self""}"
history,R002650,"{""record_id"":""R002650"",""employee_id"":""E0058"",""event_id"":""EV_008"",""date"":""2026-08-27"",""due_date"":"""",""status"":""dropped"",""completion_pct"":45,""score"":"""",""feedback_rating"":"""",""assigned_by"":""self""}"
history,R002651,"{""record_id"":""R002651"",""employee_id"":""E0076"",""event_id"":""EV_001"",""date"":""2026-08-27"",""due_date"":""2026-09-26"",""status"":""completed"",""completion_pct"":100,""score"":""70"",""feedback_rating"":"""",""assigned_by"":""hr""}"
history,R002652,"{""record_id"":""R002652"",""employee_id"":""E0076"",""event_id"":""EV_002"",""date"":""2026-08-27"",""due_date"":""2026-09-26"",""status"":""completed"",""completion_pct"":100,""score"":""88"",""feedback_rating"":"""",""assigned_by"":""hr""}"
history,R002653,"{""record_id"":""R002653"",""employee_id"":""E0076"",""event_id"":""EV_003"",""date"":""2026-08-27"",""due_date"":""2026-09-26"",""status"":""completed"",""completion_pct"":100,""score"":""92"",""feedback_rating"":"""",""assigned_by"":""hr""}"
history,R002654,"{""record_id"":""R002654"",""employee_id"":""E0148"",""event_id"":""EV_039"",""date"":""2026-08-27"",""due_date"":"""",""status"":""completed"",""completion_pct"":100,""score"":"""",""feedback_rating"":""3"",""assigned_by"":""self""}"
history,R002655,"{""record_id"":""R002655"",""employee_id"":""E0185"",""event_id"":""EV_036"",""date"":""2026-08-27"",""due_date"":"""",""status"":""completed"",""completion_pct"":100,""score"":"""",""feedback_rating"":"""",""assigned_by"":""hr""}"
history,R002656,"{""record_id"":""R002656"",""employee_id"":""E0009"",""event_id"":""EV_035"",""date"":""2026-08-28"",""due_date"":"""",""status"":""in_progress"",""completion_pct"":90,""score"":"""",""feedback_rating"":"""",""assigned_by"":""manager""}"
history,R002657,"{""record_id"":""R002657"",""employee_id"":""E0041"",""event_id"":""EV_027"",""date"":""2026-08-28"",""due_date"":"""",""status"":""completed"",""completion_pct"":100,""score"":"""",""feedback_rating"":"""",""assigned_by"":""self""}"
history,R002658,"{""record_id"":""R002658"",""employee_id"":""E0073"",""event_id"":""EV_022"",""date"":""2026-08-28"",""due_date"":"""",""status"":""completed"",""completion_pct"":100,""score"":""95"",""feedback_rating"":""4"",""assigned_by"":""self""}"
history,R002659,"{""record_id"":""R002659"",""employee_id"":""E0093"",""event_id"":""EV_036"",""date"":""2026-08-28"",""due_date"":"""",""status"":""completed"",""completion_pct"":100,""score"":"""",""feedback_rating"":""5"",""assigned_by"":""self""}"
history,R002660,"{""record_id"":""R002660"",""employee_id"":""E0123"",""event_id"":""EV_016"",""date"":""2026-08-28"",""due_date"":"""",""status"":""completed"",""completion_pct"":100,""score"":"""",""feedback_rating"":""4"",""assigned_by"":""self""}"
history,R002661,"{""record_id"":""R002661"",""employee_id"":""E0128"",""event_id"":""EV_039"",""date"":""2026-08-28"",""due_date"":"""",""status"":""completed"",""completion_pct"":100,""score"":"""",""feedback_rating"":"""",""assigned_by"":""self""}"
history,R002662,"{""record_id"":""R002662"",""employee_id"":""E0176"",""event_id"":""EV_036"",""date"":""2026-08-28"",""due_date"":"""",""status"":""completed"",""completion_pct"":100,""score"":"""",""feedback_rating"":""5"",""assigned_by"":""manager""}"
history,R002663,"{""record_id"":""R002663"",""employee_id"":""E0056"",""event_id"":""EV_040"",""date"":""2026-08-31"",""due_date"":"""",""status"":""dropped"",""completion_pct"":60,""score"":"""",""feedback_rating"":""2"",""assigned_by"":""hr""}"
history,R002664,"{""record_id"":""R002664"",""employee_id"":""E0076"",""event_id"":""EV_004"",""date"":""2026-08-31"",""due_date"":""2026-09-23"",""status"":""completed"",""completion_pct"":100,""score"":"""",""feedback_rating"":""5"",""assigned_by"":""hr""}"
history,R002665,"{""record_id"":""R002665"",""employee_id"":""E0096"",""event_id"":""EV_040"",""date"":""2026-08-31"",""due_date"":"""",""status"":""no_show"",""completion_pct"":0,""score"":"""",""feedback_rating"":"""",""assigned_by"":""manager""}"
history,R002666,"{""record_id"":""R002666"",""employee_id"":""E0101"",""event_id"":""EV_001"",""date"":""2026-08-31"",""due_date"":""2026-09-30"",""status"":""completed"",""completion_pct"":100,""score"":""96"",""feedback_rating"":"""",""assigned_by"":""hr""}"
history,R002667,"{""record_id"":""R002667"",""employee_id"":""E0101"",""event_id"":""EV_002"",""date"":""2026-08-31"",""due_date"":""2026-09-30"",""status"":""overdue"",""completion_pct"":60,""score"":"""",""feedback_rating"":"""",""assigned_by"":""hr""}"
history,R002668,"{""record_id"":""R002668"",""employee_id"":""E0101"",""event_id"":""EV_003"",""date"":""2026-08-31"",""due_date"":""2026-09-30"",""status"":""completed"",""completion_pct"":100,""score"":""89"",""feedback_rating"":"""",""assigned_by"":""hr""}"
history,R002669,"{""record_id"":""R002669"",""employee_id"":""E0115"",""event_id"":""EV_016"",""date"":""2026-08-31"",""due_date"":"""",""status"":""no_show"",""completion_pct"":0,""score"":"""",""feedback_rating"":"""",""assigned_by"":""manager""}"
history,R002670,"{""record_id"":""R002670"",""employee_id"":""E0162"",""event_id"":""EV_036"",""date"":""2026-08-31"",""due_date"":"""",""status"":""declined"",""completion_pct"":0,""score"":"""",""feedback_rating"":"""",""assigned_by"":""manager""}"
history,R002671,"{""record_id"":""R002671"",""employee_id"":""E0029"",""event_id"":""EV_036"",""date"":""2026-09-01"",""due_date"":"""",""status"":""completed"",""completion_pct"":100,""score"":"""",""feedback_rating"":""4"",""assigned_by"":""self""}"
history,R002672,"{""record_id"":""R002672"",""employee_id"":""E0185"",""event_id"":""EV_036"",""date"":""2026-09-01"",""due_date"":"""",""status"":""completed"",""completion_pct"":100,""score"":"""",""feedback_rating"":""3"",""assigned_by"":""self""}"
history,R002673,"{""record_id"":""R002673"",""employee_id"":""E0012"",""event_id"":""EV_037"",""date"":""2026-09-02"",""due_date"":"""",""status"":""no_show"",""completion_pct"":0,""score"":"""",""feedback_rating"":"""",""assigned_by"":""manager""}"
history,R002674,"{""record_id"":""R002674"",""employee_id"":""E0015"",""event_id"":""EV_037"",""date"":""2026-09-02"",""due_date"":"""",""status"":""completed"",""completion_pct"":100,""score"":"""",""feedback_rating"":""3"",""assigned_by"":""manager""}"
history,R002675,"{""record_id"":""R002675"",""employee_id"":""E0038"",""event_id"":""EV_037"",""date"":""2026-09-02"",""due_date"":"""",""status"":""completed"",""completion_pct"":100,""score"":"""",""feedback_rating"":"""",""assigned_by"":""manager""}"
history,R002676,"{""record_id"":""R002676"",""employee_id"":""E0044"",""event_id"":""EV_011"",""date"":""2026-09-02"",""due_date"":"""",""status"":""completed"",""completion_pct"":100,""score"":"""",""feedback_rating"":""4"",""assigned_by"":""self""}"
history,R002677,"{""record_id"":""R002677"",""employee_id"":""E0079"",""event_id"":""EV_036"",""date"":""2026-09-02"",""due_date"":"""",""status"":""completed"",""completion_pct"":100,""score"":"""",""feedback_rating"":""5"",""assigned_by"":""manager""}"
history,R002678,"{""record_id"":""R002678"",""employee_id"":""E0102"",""event_id"":""EV_005"",""date"":""2026-09-02"",""due_date"":"""",""status"":""in_progress"",""completion_pct"":20,""score"":"""",""feedback_rating"":"""",""assigned_by"":""self""}"
history,R002679,"{""record_id"":""R002679"",""employee_id"":""E0173"",""event_id"":""EV_036"",""date"":""2026-09-02"",""due_date"":"""",""status"":""declined"",""completion_pct"":0,""score"":"""",""feedback_rating"":"""",""assigned_by"":""manager""}"
history,R002680,"{""record_id"":""R002680"",""employee_id"":""E0043"",""event_id"":""EV_014"",""date"":""2026-09-03"",""due_date"":"""",""status"":""completed"",""completion_pct"":100,""score"":"""",""feedback_rating"":"""",""assigned_by"":""self""}"
history,R002681,"{""record_id"":""R002681"",""employee_id"":""E0046"",""event_id"":""EV_036"",""date"":""2026-09-03"",""due_date"":"""",""status"":""no_show"",""completion_pct"":0,""score"":"""",""feedback_rating"":"""",""assigned_by"":""manager""}"
history,R002682,"{""record_id"":""R002682"",""employee_id"":""E0050"",""event_id"":""EV_039"",""date"":""2026-09-03"",""due_date"":"""",""status"":""completed"",""completion_pct"":100,""score"":"""",""feedback_rating"":""4"",""assigned_by"":""self""}"
history,R002683,"{""record_id"":""R002683"",""employee_id"":""E0055"",""event_id"":""EV_036"",""date"":""2026-09-03"",""due_date"":"""",""status"":""completed"",""completion_pct"":100,""score"":"""",""feedback_rating"":""4"",""assigned_by"":""manager""}"
history,R002684,"{""record_id"":""R002684"",""employee_id"":""E0104"",""event_id"":""EV_039"",""date"":""2026-09-03"",""due_date"":"""",""status"":""completed"",""completion_pct"":100,""score"":"""",""feedback_rating"":""4"",""assigned_by"":""self""}"
history,R002685,"{""record_id"":""R002685"",""employee_id"":""E0111"",""event_id"":""EV_036"",""date"":""2026-09-03"",""due_date"":"""",""status"":""no_show"",""completion_pct"":0,""score"":"""",""feedback_rating"":"""",""assigned_by"":""self""}"
history,R002686,"{""record_id"":""R002686"",""employee_id"":""E0156"",""event_id"":""EV_018"",""date"":""2026-09-03"",""due_date"":"""",""status"":""completed"",""completion_pct"":100,""score"":""70"",""feedback_rating"":"""",""assigned_by"":""self""}"
history,R002687,"{""record_id"":""R002687"",""employee_id"":""E0114"",""event_id"":""EV_040"",""date"":""2026-09-04"",""due_date"":"""",""status"":""declined"",""completion_pct"":0,""score"":"""",""feedback_rating"":"""",""assigned_by"":""manager""}"
history,R002688,"{""record_id"":""R002688"",""employee_id"":""E0174"",""event_id"":""EV_036"",""date"":""2026-09-04"",""due_date"":"""",""status"":""completed"",""completion_pct"":100,""score"":"""",""feedback_rating"":""5"",""assigned_by"":""manager""}"
history,R002689,"{""record_id"":""R002689"",""employee_id"":""E0085"",""event_id"":""EV_036"",""date"":""2026-09-07"",""due_date"":"""",""status"":""no_show"",""completion_pct"":0,""score"":"""",""feedback_rating"":"""",""assigned_by"":""manager""}"
history,R002690,"{""record_id"":""R002690"",""employee_id"":""E0200"",""event_id"":""EV_005"",""date"":""2026-09-07"",""due_date"":"""",""status"":""completed"",""completion_pct"":100,""score"":""83"",""feedback_rating"":""5"",""assigned_by"":""self""}"
history,R002691,"{""record_id"":""R002691"",""employee_id"":""E0007"",""event_id"":""EV_008"",""date"":""2026-09-08"",""due_date"":"""",""status"":""completed"",""completion_pct"":100,""score"":"""",""feedback_rating"":""5"",""assigned_by"":""self""}"
history,R002692,"{""record_id"":""R002692"",""employee_id"":""E0028"",""event_id"":""EV_006"",""date"":""2026-09-08"",""due_date"":"""",""status"":""completed"",""completion_pct"":100,""score"":"""",""feedback_rating"":""3"",""assigned_by"":""self""}"
history,R002693,"{""record_id"":""R002693"",""employee_id"":""E0044"",""event_id"":""EV_015"",""date"":""2026-09-08"",""due_date"":"""",""status"":""in_progress"",""completion_pct"":45,""score"":"""",""feedback_rating"":"""",""assigned_by"":""self""}"
history,R002694,"{""record_id"":""R002694"",""employee_id"":""E0101"",""event_id"":""EV_004"",""date"":""2026-09-08"",""due_date"":""2026-09-26"",""status"":""completed"",""completion_pct"":100,""score"":"""",""feedback_rating"":""5"",""assigned_by"":""hr""}"
history,R002695,"{""record_id"":""R002695"",""employee_id"":""E0103"",""event_id"":""EV_036"",""date"":""2026-09-08"",""due_date"":"""",""status"":""no_show"",""completion_pct"":0,""score"":"""",""feedback_rating"":"""",""assigned_by"":""manager""}"
history,R002696,"{""record_id"":""R002696"",""employee_id"":""E0129"",""event_id"":""EV_039"",""date"":""2026-09-08"",""due_date"":"""",""status"":""completed"",""completion_pct"":100,""score"":"""",""feedback_rating"":""5"",""assigned_by"":""self""}"
history,R002697,"{""record_id"":""R002697"",""employee_id"":""E0046"",""event_id"":""EV_036"",""date"":""2026-09-09"",""due_date"":"""",""status"":""no_show"",""completion_pct"":0,""score"":"""",""feedback_rating"":"""",""assigned_by"":""manager""}"
history,R002698,"{""record_id"":""R002698"",""employee_id"":""E0002"",""event_id"":""EV_037"",""date"":""2026-09-11"",""due_date"":"""",""status"":""completed"",""completion_pct"":100,""score"":"""",""feedback_rating"":""4"",""assigned_by"":""hr""}"
history,R002699,"{""record_id"":""R002699"",""employee_id"":""E0085"",""event_id"":""EV_023"",""date"":""2026-09-11"",""due_date"":"""",""status"":""dropped"",""completion_pct"":40,""score"":"""",""feedback_rating"":""2"",""assigned_by"":""self""}"
history,R002700,"{""record_id"":""R002700"",""employee_id"":""E0050"",""event_id"":""EV_036"",""date"":""2026-09-14"",""due_date"":"""",""status"":""declined"",""completion_pct"":0,""score"":"""",""feedback_rating"":"""",""assigned_by"":""manager""}"
history,R002701,"{""record_id"":""R002701"",""employee_id"":""E0062"",""event_id"":""EV_036"",""date"":""2026-09-14"",""due_date"":"""",""status"":""no_show"",""completion_pct"":0,""score"":"""",""feedback_rating"":"""",""assigned_by"":""manager""}"
history,R002702,"{""record_id"":""R002702"",""employee_id"":""E0108"",""event_id"":""EV_026"",""date"":""2026-09-14"",""due_date"":"""",""status"":""completed"",""completion_pct"":100,""score"":"""",""feedback_rating"":"""",""assigned_by"":""manager""}"
history,R002703,"{""record_id"":""R002703"",""employee_id"":""E0124"",""event_id"":""EV_021"",""date"":""2026-09-14"",""due_date"":"""",""status"":""completed"",""completion_pct"":100,""score"":"""",""feedback_rating"":""3"",""assigned_by"":""self""}"
history,R002704,"{""record_id"":""R002704"",""employee_id"":""E0132"",""event_id"":""EV_040"",""date"":""2026-09-14"",""due_date"":"""",""status"":""completed"",""completion_pct"":100,""score"":"""",""feedback_rating"":""5"",""assigned_by"":""hr""}"
history,R002705,"{""record_id"":""R002705"",""employee_id"":""E0173"",""event_id"":""EV_008"",""date"":""2026-09-14"",""due_date"":"""",""status"":""completed"",""completion_pct"":100,""score"":"""",""feedback_rating"":""5"",""assigned_by"":""self""}"
history,R002706,"{""record_id"":""R002706"",""employee_id"":""E0015"",""event_id"":""EV_005"",""date"":""2026-09-15"",""due_date"":"""",""status"":""in_progress"",""completion_pct"":20,""score"":"""",""feedback_rating"":"""",""assigned_by"":""manager""}"
history,R002707,"{""record_id"":""R002707"",""employee_id"":""E0187"",""event_id"":""EV_036"",""date"":""2026-09-15"",""due_date"":"""",""status"":""completed"",""completion_pct"":100,""score"":"""",""feedback_rating"":""4"",""assigned_by"":""manager""}"
history,R002708,"{""record_id"":""R002708"",""employee_id"":""E0003"",""event_id"":""EV_008"",""date"":""2026-09-16"",""due_date"":"""",""status"":""completed"",""completion_pct"":100,""score"":"""",""feedback_rating"":""4"",""assigned_by"":""hr""}"
history,R002709,"{""record_id"":""R002709"",""employee_id"":""E0064"",""event_id"":""EV_040"",""date"":""2026-09-16"",""due_date"":"""",""status"":""completed"",""completion_pct"":100,""score"":"""",""feedback_rating"":""4"",""assigned_by"":""self""}"
history,R002710,"{""record_id"":""R002710"",""employee_id"":""E0078"",""event_id"":""EV_008"",""date"":""2026-09-16"",""due_date"":"""",""status"":""dropped"",""completion_pct"":50,""score"":"""",""feedback_rating"":"""",""assigned_by"":""self""}"
history,R002711,"{""record_id"":""R002711"",""employee_id"":""E0181"",""event_id"":""EV_022"",""date"":""2026-09-16"",""due_date"":"""",""status"":""in_progress"",""completion_pct"":15,""score"":"""",""feedback_rating"":"""",""assigned_by"":""self""}"
history,R002712,"{""record_id"":""R002712"",""employee_id"":""E0187"",""event_id"":""EV_036"",""date"":""2026-09-16"",""due_date"":"""",""status"":""completed"",""completion_pct"":100,""score"":"""",""feedback_rating"":""5"",""assigned_by"":""hr""}"
history,R002713,"{""record_id"":""R002713"",""employee_id"":""E0053"",""event_id"":""EV_011"",""date"":""2026-09-17"",""due_date"":"""",""status"":""no_show"",""completion_pct"":0,""score"":"""",""feedback_rating"":"""",""assigned_by"":""manager""}"
history,R002714,"{""record_id"":""R002714"",""employee_id"":""E0172"",""event_id"":""EV_039"",""date"":""2026-09-17"",""due_date"":"""",""status"":""completed"",""completion_pct"":100,""score"":"""",""feedback_rating"":""3"",""assigned_by"":""self""}"
history,R002715,"{""record_id"":""R002715"",""employee_id"":""E0009"",""event_id"":""EV_035"",""date"":""2026-09-18"",""due_date"":"""",""status"":""in_progress"",""completion_pct"":80,""score"":"""",""feedback_rating"":"""",""assigned_by"":""hr""}"
history,R002716,"{""record_id"":""R002716"",""employee_id"":""E0017"",""event_id"":""EV_036"",""date"":""2026-09-18"",""due_date"":"""",""status"":""completed"",""completion_pct"":100,""score"":"""",""feedback_rating"":""4"",""assigned_by"":""self""}"
history,R002717,"{""record_id"":""R002717"",""employee_id"":""E0118"",""event_id"":""EV_011"",""date"":""2026-09-18"",""due_date"":"""",""status"":""declined"",""completion_pct"":0,""score"":"""",""feedback_rating"":"""",""assigned_by"":""hr""}"
history,R002718,"{""record_id"":""R002718"",""employee_id"":""E0119"",""event_id"":""EV_040"",""date"":""2026-09-18"",""due_date"":"""",""status"":""dropped"",""completion_pct"":90,""score"":"""",""feedback_rating"":"""",""assigned_by"":""manager""}"
history,R002719,"{""record_id"":""R002719"",""employee_id"":""E0156"",""event_id"":""EV_035"",""date"":""2026-09-18"",""due_date"":"""",""status"":""in_progress"",""completion_pct"":25,""score"":"""",""feedback_rating"":"""",""assigned_by"":""hr""}"
history,R002720,"{""record_id"":""R002720"",""employee_id"":""E0162"",""event_id"":""EV_025"",""date"":""2026-09-21"",""due_date"":"""",""status"":""in_progress"",""completion_pct"":45,""score"":"""",""feedback_rating"":"""",""assigned_by"":""manager""}"
history,R002721,"{""record_id"":""R002721"",""employee_id"":""E0169"",""event_id"":""EV_036"",""date"":""2026-09-21"",""due_date"":"""",""status"":""completed"",""completion_pct"":100,""score"":"""",""feedback_rating"":""4"",""assigned_by"":""self""}"
history,R002722,"{""record_id"":""R002722"",""employee_id"":""E0170"",""event_id"":""EV_009"",""date"":""2026-09-21"",""due_date"":"""",""status"":""in_progress"",""completion_pct"":40,""score"":"""",""feedback_rating"":"""",""assigned_by"":""manager""}"
history,R002723,"{""record_id"":""R002723"",""employee_id"":""E0185"",""event_id"":""EV_036"",""date"":""2026-09-22"",""due_date"":"""",""status"":""no_show"",""completion_pct"":0,""score"":"""",""feedback_rating"":"""",""assigned_by"":""manager""}"
history,R002724,"{""record_id"":""R002724"",""employee_id"":""E0120"",""event_id"":""EV_036"",""date"":""2026-09-23"",""due_date"":"""",""status"":""completed"",""completion_pct"":100,""score"":"""",""feedback_rating"":""5"",""assigned_by"":""self""}"
history,R002725,"{""record_id"":""R002725"",""employee_id"":""E0119"",""event_id"":""EV_012"",""date"":""2026-09-24"",""due_date"":"""",""status"":""dropped"",""completion_pct"":40,""score"":"""",""feedback_rating"":""2"",""assigned_by"":""manager""}"
history,R002726,"{""record_id"":""R002726"",""employee_id"":""E0172"",""event_id"":""EV_040"",""date"":""2026-09-24"",""due_date"":"""",""status"":""completed"",""completion_pct"":100,""score"":"""",""feedback_rating"":""5"",""assigned_by"":""self""}"
history,R002727,"{""record_id"":""R002727"",""employee_id"":""E0001"",""event_id"":""EV_011"",""date"":""2026-09-25"",""due_date"":"""",""status"":""completed"",""completion_pct"":100,""score"":"""",""feedback_rating"":""5"",""assigned_by"":""self""}"
history,R002728,"{""record_id"":""R002728"",""employee_id"":""E0097"",""event_id"":""EV_040"",""date"":""2026-09-25"",""due_date"":"""",""status"":""completed"",""completion_pct"":100,""score"":"""",""feedback_rating"":""5"",""assigned_by"":""self""}"
history,R002729,"{""record_id"":""R002729"",""employee_id"":""E0115"",""event_id"":""EV_036"",""date"":""2026-09-25"",""due_date"":"""",""status"":""completed"",""completion_pct"":100,""score"":"""",""feedback_rating"":""5"",""assigned_by"":""manager""}"
history,R002730,"{""record_id"":""R002730"",""employee_id"":""E0127"",""event_id"":""EV_008"",""date"":""2026-09-25"",""due_date"":"""",""status"":""completed"",""completion_pct"":100,""score"":"""",""feedback_rating"":""3"",""assigned_by"":""self""}"
history,R002731,"{""record_id"":""R002731"",""employee_id"":""E0193"",""event_id"":""EV_008"",""date"":""2026-09-25"",""due_date"":"""",""status"":""dropped"",""completion_pct"":10,""score"":"""",""feedback_rating"":"""",""assigned_by"":""self""}"
history,R002732,"{""record_id"":""R002732"",""employee_id"":""E0022"",""event_id"":""EV_022"",""date"":""2026-09-28"",""due_date"":"""",""status"":""in_progress"",""completion_pct"":75,""score"":"""",""feedback_rating"":"""",""assigned_by"":""self""}"
history,R002733,"{""record_id"":""R002733"",""employee_id"":""E0035"",""event_id"":""EV_036"",""date"":""2026-09-28"",""due_date"":"""",""status"":""declined"",""completion_pct"":0,""score"":"""",""feedback_rating"":"""",""assigned_by"":""hr""}"
history,R002734,"{""record_id"":""R002734"",""employee_id"":""E0089"",""event_id"":""EV_033"",""date"":""2026-09-28"",""due_date"":"""",""status"":""completed"",""completion_pct"":100,""score"":""76"",""feedback_rating"":""4"",""assigned_by"":""hr""}"
history,R002735,"{""record_id"":""R002735"",""employee_id"":""E0096"",""event_id"":""EV_008"",""date"":""2026-09-28"",""due_date"":"""",""status"":""no_show"",""completion_pct"":0,""score"":"""",""feedback_rating"":"""",""assigned_by"":""manager""}"
history,R002736,"{""record_id"":""R002736"",""employee_id"":""E0143"",""event_id"":""EV_037"",""date"":""2026-09-28"",""due_date"":"""",""status"":""completed"",""completion_pct"":100,""score"":"""",""feedback_rating"":"""",""assigned_by"":""self""}"
history,R002737,"{""record_id"":""R002737"",""employee_id"":""E0170"",""event_id"":""EV_008"",""date"":""2026-09-28"",""due_date"":"""",""status"":""completed"",""completion_pct"":100,""score"":"""",""feedback_rating"":"""",""assigned_by"":""self""}"
history,R002738,"{""record_id"":""R002738"",""employee_id"":""E0117"",""event_id"":""EV_015"",""date"":""2026-09-29"",""due_date"":"""",""status"":""in_progress"",""completion_pct"":55,""score"":"""",""feedback_rating"":"""",""assigned_by"":""self""}"
history,R002739,"{""record_id"":""R002739"",""employee_id"":""E0133"",""event_id"":""EV_036"",""date"":""2026-09-29"",""due_date"":"""",""status"":""completed"",""completion_pct"":100,""score"":"""",""feedback_rating"":""3"",""assigned_by"":""self""}"
history,R002740,"{""record_id"":""R002740"",""employee_id"":""E0178"",""event_id"":""EV_009"",""date"":""2026-09-29"",""due_date"":"""",""status"":""in_progress"",""completion_pct"":85,""score"":"""",""feedback_rating"":"""",""assigned_by"":""self""}"
history,R002741,"{""record_id"":""R002741"",""employee_id"":""E0197"",""event_id"":""EV_035"",""date"":""2026-09-29"",""due_date"":"""",""status"":""in_progress"",""completion_pct"":35,""score"":"""",""feedback_rating"":"""",""assigned_by"":""hr""}"
history,R002742,"{""record_id"":""R002742"",""employee_id"":""E0096"",""event_id"":""EV_005"",""date"":""2026-09-30"",""due_date"":"""",""status"":""in_progress"",""completion_pct"":25,""score"":"""",""feedback_rating"":"""",""assigned_by"":""self""}"
history,R002743,"{""record_id"":""R002743"",""employee_id"":""E0132"",""event_id"":""EV_009"",""date"":""2026-09-30"",""due_date"":"""",""status"":""completed"",""completion_pct"":100,""score"":""95"",""feedback_rating"":"""",""assigned_by"":""self""}"
